date,ct1_close,ct2_close,ct3_close,atm_iv_30d,ct1_ct2_spread,ct2_ct3_spread,si_carry_approx,pct_si_approx,hv30,hv60,iv_hv30_ratio,atm_iv_zscore_1yr,iv_hv30_ratio_zscore,pct_si_zscore_1yr,ct1_ct2_zscore
2020-05-18,57.8,57.93,58.73,31.61,-0.13,-0.8,1.4961,8.69,,,,,,,
2020-05-19,59.2,59.17,59.84,30.91,0.03,-0.67,1.5081,-1.99,,,,,,,
2020-05-20,58.21,58.79,59.58,29.32,-0.58,-0.79,1.4996,38.68,,,,,,,
2020-05-21,58.06,58.7,59.47,30.15,-0.64,-0.77,1.4983,42.72,,,,,,,
2020-05-22,57.61,57.81,58.73,29.81,-0.2,-0.92,1.4945,13.38,,,,,,,
2020-05-26,58.23,58.0,58.87,31.46,0.23,-0.87,1.4998,-15.34,,,,,,,
2020-05-27,58.34,58.03,58.98,30.7,0.31,-0.95,1.5008,-20.66,,,,,,,
2020-05-28,57.57,57.54,58.52,30.49,0.03,-0.98,1.4941,-2.01,,,,,,,
2020-05-29,57.59,57.48,58.48,31.15,0.11,-1.0,1.4943,-7.36,,,,,,,
2020-06-01,60.06,58.71,59.24,31.53,1.35,-0.53,1.5155,-89.08,,,,,,,
2020-06-02,60.37,59.5,59.95,31.39,0.87,-0.45,1.5182,-57.3,,,,,,,
2020-06-03,60.48,59.73,60.38,29.68,0.75,-0.65,1.5191,-49.37,,,,,,,
2020-06-04,60.0,59.58,60.22,28.27,0.42,-0.64,1.515,-27.72,,,,,,,
2020-06-05,61.79,60.98,61.39,27.53,0.81,-0.41,1.5304,-52.93,,,,,,,
2020-06-08,60.81,60.37,60.94,30.8,0.44,-0.57,1.522,-28.91,,,,,,,
2020-06-09,60.52,60.02,60.7,33.25,0.5,-0.68,1.5195,-32.91,,,,,,,
2020-06-10,60.51,60.32,60.91,33.81,0.19,-0.59,1.5194,-12.5,,,,,,,
2020-06-11,60.02,59.49,60.02,37.65,0.53,-0.53,1.5152,-34.98,,,,,,,
2020-06-12,59.84,59.03,59.58,24.41,0.81,-0.55,1.5136,-53.51,,,,,,,
2020-06-15,59.01,58.35,59.01,25.01,0.66,-0.66,1.5065,-43.81,,,,,,,
2020-06-16,60.07,59.08,59.54,25.04,0.99,-0.46,1.5156,-65.32,,,,,,,
2020-06-17,61.34,60.0,60.53,24.91,1.34,-0.53,1.5265,-87.78,,,,,,,
2020-06-18,61.17,59.52,60.22,24.29,1.65,-0.7,1.525,-108.2,,,,,,,
2020-06-19,61.56,59.81,60.56,23.4,1.75,-0.75,1.5284,-114.5,,,,,,,
2020-06-22,62.52,59.85,60.58,22.48,2.67,-0.73,1.5366,-173.76,,,,,,,
2020-06-23,63.04,59.44,60.13,22.58,3.6,-0.69,1.5411,-233.6,,,,,,,
2020-06-24,61.66,59.21,59.8,21.74,2.45,-0.59,1.5292,-160.21,,,,,,,
2020-06-25,61.81,59.7,60.32,21.31,2.11,-0.62,1.5305,-137.86,,,,,,,
2020-06-26,60.55,59.5,60.16,20.91,1.05,-0.66,1.5197,-69.09,,,,,,,
2020-06-29,59.62,59.63,60.29,20.97,-0.01,-0.66,1.5117,0.66,,,,,,,
2020-06-30,60.98,60.88,61.54,20.63,0.1,-0.66,1.5234,-6.56,24.9653,,0.8263,,,,
2020-07-01,62.76,63.45,63.81,20.69,-0.69,-0.36,1.5387,44.84,25.3743,,0.8154,,,,
2020-07-02,62.95,63.67,64.24,19.95,-0.72,-0.57,1.5403,46.74,24.7399,,0.8064,,,,
2020-07-06,63.14,63.88,64.48,20.62,-0.74,-0.6,1.542,47.99,24.691,,0.8351,,,,
2020-07-07,63.02,63.76,64.43,20.83,-0.74,-0.67,1.5409,48.02,24.5305,,0.8491,,,,
2020-07-08,64.16,64.69,65.21,21.35,-0.53,-0.52,1.5507,34.18,24.8155,,0.8603,,,,
2020-07-09,63.89,64.49,65.01,21.32,-0.6,-0.52,1.5484,38.75,24.9072,,0.856,,,,
2020-07-10,64.31,64.83,65.34,21.07,-0.52,-0.51,1.552,33.51,24.4371,,0.8622,,,,
2020-07-13,63.35,64.04,64.68,20.95,-0.69,-0.64,1.5438,44.69,25.0201,,0.8373,,,,
2020-07-14,62.63,63.31,64.01,19.77,-0.68,-0.7,1.5376,44.22,22.4798,,0.8795,,,,
2020-07-15,62.13,62.85,63.52,19.82,-0.72,-0.67,1.5333,46.96,22.6123,,0.8765,,,,
2020-07-16,62.54,63.19,63.77,19.85,-0.65,-0.58,1.5368,42.3,22.67,,0.8756,,,,
2020-07-17,61.94,62.63,63.27,19.57,-0.69,-0.64,1.5317,45.05,22.7333,,0.8609,,,,
2020-07-20,62.88,63.61,64.23,20.63,-0.73,-0.62,1.5397,47.41,21.5284,,0.9583,,,,
2020-07-21,62.95,63.61,64.21,20.2,-0.66,-0.6,1.5403,42.85,20.9473,,0.9643,,,,
2020-07-22,62.54,63.26,63.94,20.1,-0.72,-0.68,1.5368,46.85,20.9966,,0.9573,,,,
2020-07-23,61.92,62.63,63.24,20.0,-0.71,-0.61,1.5315,46.36,21.2383,,0.9417,,,,
2020-07-24,60.1,60.82,61.54,23.06,-0.72,-0.72,1.5159,47.5,22.8953,,1.0072,,,,
2020-07-27,61.16,61.85,62.61,22.57,-0.69,-0.76,1.525,45.25,23.4222,,0.9636,,,,
2020-07-28,61.11,61.83,62.59,22.05,-0.72,-0.76,1.5245,47.23,23.0117,,0.9582,,,,
2020-07-29,61.61,62.32,63.09,21.0,-0.71,-0.77,1.5288,46.44,22.571,,0.9304,,,,
2020-07-30,63.18,63.81,64.46,21.46,-0.63,-0.65,1.5423,40.85,22.9296,,0.9359,,,,
2020-07-31,62.66,63.25,63.72,21.4,-0.59,-0.47,1.5378,38.37,23.0626,,0.9279,,,,
2020-08-03,63.87,64.54,64.95,22.24,-0.67,-0.41,1.5482,43.28,23.6201,,0.9416,,,,
2020-08-04,64.01,64.71,65.12,21.57,-0.7,-0.41,1.5494,45.18,23.2345,,0.9284,,,,
2020-08-05,64.46,65.13,65.51,21.53,-0.67,-0.38,1.5533,43.13,23.2016,,0.928,,,,
2020-08-06,64.85,65.49,65.89,22.21,-0.64,-0.4,1.5566,41.12,22.203,,1.0003,,,,
2020-08-07,62.36,63.19,63.87,23.03,-0.83,-0.68,1.5353,54.06,25.1557,,0.9155,,,,
2020-08-10,62.8,63.6,64.21,22.63,-0.8,-0.61,1.539,51.98,24.4258,,0.9265,,,,
2020-08-11,63.49,64.33,64.96,22.86,-0.84,-0.63,1.545,54.37,24.0536,,0.9504,,,,
2020-08-12,62.2,63.14,63.89,24.12,-0.94,-0.75,1.5339,61.28,24.1102,24.3493,1.0004,,,,
2020-08-13,62.99,63.92,64.63,23.64,-0.93,-0.71,1.5407,60.36,22.8978,24.0066,1.0324,,,,
2020-08-14,62.85,63.76,64.47,22.74,-0.91,-0.71,1.5395,59.11,22.8905,23.7262,0.9934,,,,
2020-08-17,63.28,64.19,64.88,23.72,-0.91,-0.69,1.5432,58.97,22.9613,23.7391,1.033,,,,
2020-08-18,62.93,63.83,64.53,23.8,-0.9,-0.7,1.5401,58.44,23.0127,23.7065,1.0342,,,,
2020-08-19,63.77,64.69,65.33,21.27,-0.92,-0.64,1.5474,59.45,22.734,23.7547,0.9356,,,,
2020-08-20,64.52,65.42,66.08,25.12,-0.9,-0.66,1.5538,57.92,22.9564,23.8461,1.0942,,,,
2020-08-21,64.28,65.2,65.9,20.14,-0.92,-0.7,1.5517,59.29,22.9075,23.6697,0.8792,,,,
2020-08-24,65.82,66.63,67.17,21.25,-0.81,-0.54,1.565,51.76,23.4428,24.0861,0.9065,,,,
2020-08-25,65.58,66.42,66.99,20.69,-0.84,-0.57,1.5629,53.75,23.1834,22.6403,0.8924,,,,
2020-08-26,65.58,66.45,67.02,20.23,-0.87,-0.57,1.5629,55.67,23.0123,22.6291,0.8791,,,,
2020-08-27,65.37,66.27,66.96,19.77,-0.9,-0.69,1.5611,57.65,23.0106,22.6484,0.8592,,,,
2020-08-28,65.08,65.93,66.56,19.11,-0.85,-0.63,1.5586,54.54,22.8412,22.5983,0.8366,,,,
2020-08-31,65.16,66.05,66.75,19.73,-0.89,-0.7,1.5593,57.08,22.4843,21.8296,0.8775,,,,
2020-09-01,65.4,66.31,67.07,20.11,-0.91,-0.76,1.5614,58.28,22.4959,21.5506,0.8939,,,,
2020-09-02,64.96,65.88,66.76,19.42,-0.92,-0.88,1.5576,59.07,22.5025,21.5778,0.863,,,,
2020-09-03,64.28,65.29,66.15,19.77,-1.01,-0.86,1.5517,65.09,22.5273,21.7094,0.8776,,,,
2020-09-04,64.99,65.97,66.77,19.44,-0.98,-0.8,1.5578,62.91,20.6629,21.7192,0.9408,,,,
2020-09-08,64.02,65.05,65.82,21.03,-1.03,-0.77,1.5495,66.47,20.7778,21.9603,1.0121,,,,
2020-09-09,64.2,65.18,65.95,20.92,-0.98,-0.77,1.551,63.19,20.7689,21.7358,1.0073,,,,
2020-09-10,64.81,65.82,66.63,20.77,-1.01,-0.81,1.5563,64.9,20.8079,21.5332,0.9982,,,,
2020-09-11,64.81,65.78,66.56,20.11,-0.97,-0.78,1.5563,62.33,19.5829,21.1408,1.0269,,,,
2020-09-14,66.62,67.46,68.17,20.59,-0.84,-0.71,1.5718,53.44,20.8444,21.817,0.9878,,,,
2020-09-15,66.44,67.24,67.84,20.65,-0.8,-0.6,1.5703,50.95,20.2412,21.8085,1.0202,,,,
2020-09-16,66.37,67.18,67.8,20.11,-0.81,-0.62,1.5697,51.6,20.2508,21.611,0.993,,,,
2020-09-17,65.85,66.79,67.55,20.16,-0.94,-0.76,1.5652,60.06,20.3393,21.6318,0.9912,,,,
2020-09-18,65.66,66.58,67.35,20.01,-0.92,-0.77,1.5636,58.84,20.3008,21.1165,0.9857,,,,
2020-09-21,65.24,66.24,67.08,21.03,-1.0,-0.84,1.56,64.1,16.6444,21.1695,1.2635,,,,
2020-09-22,65.54,66.47,67.28,20.36,-0.93,-0.81,1.5626,59.52,16.5889,20.7013,1.2273,,,,
2020-09-23,65.25,66.14,66.93,20.77,-0.89,-0.79,1.5601,57.05,16.4207,20.4406,1.2649,,,,
2020-09-24,65.46,66.25,66.99,20.42,-0.79,-0.74,1.5619,50.58,15.1171,19.9687,1.3508,,,,
2020-09-25,65.95,66.66,67.35,19.8,-0.71,-0.69,1.5661,45.34,14.8651,19.1728,1.332,,,,
2020-09-28,65.69,66.38,67.09,20.29,-0.69,-0.71,1.5638,44.12,14.9113,19.1919,1.3607,,,,
2020-09-29,65.29,66.03,66.8,20.14,-0.74,-0.77,1.5604,47.42,14.9791,19.2361,1.3445,,,,
2020-09-30,65.79,66.54,67.27,19.45,-0.75,-0.73,1.5647,47.93,14.9622,19.2832,1.2999,,,,
2020-10-01,65.91,66.7,67.37,19.55,-0.79,-0.67,1.5657,50.46,14.5411,18.9488,1.3445,,,,
2020-10-02,65.82,66.63,67.27,19.16,-0.81,-0.64,1.565,51.76,14.2032,18.9278,1.349,,,,
2020-10-05,66.03,66.92,67.58,20.03,-0.89,-0.66,1.5668,56.8,14.1587,18.8943,1.4147,,,,
2020-10-06,66.86,67.72,68.32,20.01,-0.86,-0.6,1.5739,54.64,12.9112,18.773,1.5498,,,,
2020-10-07,67.59,68.35,68.95,20.03,-0.76,-0.6,1.5801,48.1,13.1855,18.7033,1.5191,,,,
2020-10-08,67.49,68.26,68.9,20.53,-0.77,-0.64,1.5793,48.76,13.2023,18.6125,1.555,,,,
2020-10-09,67.64,68.42,69.12,19.79,-0.78,-0.7,1.5806,49.35,13.1471,18.5819,1.5053,,,,
2020-10-12,68.37,69.18,69.93,20.84,-0.81,-0.75,1.5868,51.05,13.3219,18.5384,1.5643,,,,
2020-10-13,68.83,69.64,70.4,21.18,-0.81,-0.76,1.5908,50.92,13.4014,18.3583,1.5804,,,,
2020-10-14,68.93,69.72,70.41,20.83,-0.79,-0.69,1.5916,49.64,13.3902,18.3581,1.5556,,,,
2020-10-15,69.22,69.93,70.65,19.54,-0.71,-0.72,1.5941,44.54,13.1601,18.2888,1.4848,,,,
2020-10-16,69.92,70.56,71.23,20.36,-0.64,-0.67,1.6001,40.0,12.7891,18.204,1.592,,,,
2020-10-19,71.16,71.83,72.41,21.43,-0.67,-0.58,1.6108,41.59,13.2887,17.227,1.6126,,,,
2020-10-20,71.02,71.7,72.29,21.74,-0.68,-0.59,1.6096,42.25,12.244,16.979,1.7756,,,,
2020-10-21,71.04,71.73,72.34,21.98,-0.69,-0.61,1.6098,42.86,12.2775,16.9714,1.7903,,,,
2020-10-22,71.94,72.51,73.09,22.73,-0.57,-0.58,1.6175,35.24,12.4448,17.0586,1.8265,,,,
2020-10-23,71.29,71.87,72.45,22.24,-0.58,-0.58,1.6119,35.98,12.9337,16.5587,1.7195,,,,
2020-10-26,72.11,72.72,73.22,23.03,-0.61,-0.5,1.6189,37.68,10.9935,16.5286,2.0949,,,,
2020-10-27,72.03,72.73,73.28,22.87,-0.7,-0.55,1.6183,43.26,10.9357,16.1672,2.0913,,,,
2020-10-28,70.17,71.03,71.7,23.69,-0.86,-0.67,1.6023,53.67,13.7438,17.1665,1.7237,,,,
2020-10-29,69.82,70.8,71.49,21.78,-0.98,-0.69,1.5993,61.28,13.5919,17.1793,1.6024,,,,
2020-10-30,68.92,69.78,70.58,21.47,-0.86,-0.8,1.5916,54.03,14.2045,17.3973,1.5115,,,,
2020-11-02,68.73,69.72,70.52,21.7,-0.99,-0.8,1.5899,62.27,14.0636,15.2781,1.543,,,,
2020-11-03,70.24,71.2,72.0,23.18,-0.96,-0.8,1.6029,59.89,15.1977,15.789,1.5252,,,,
2020-11-04,70.23,71.19,71.95,22.51,-0.96,-0.76,1.6028,59.9,15.0827,15.6803,1.4924,,,,
2020-11-05,70.07,71.21,72.02,23.4,-1.14,-0.81,1.6014,71.19,15.1425,15.0079,1.5453,,,,
2020-11-06,68.62,70.15,71.02,22.68,-1.53,-0.87,1.589,96.29,16.4716,15.5563,1.3769,,,,
2020-11-09,70.0,71.68,72.55,24.1,-1.68,-0.87,1.6008,104.95,17.2416,15.9897,1.3978,,,,
2020-11-10,69.85,71.65,72.64,23.58,-1.8,-0.99,1.5995,112.54,17.1151,15.975,1.3777,,,,
2020-11-11,69.28,71.38,72.34,22.68,-2.1,-0.96,1.5947,131.69,17.2964,16.035,1.3113,,,,
2020-11-12,68.48,70.62,71.56,22.34,-2.14,-0.94,1.5878,134.78,17.7229,16.0729,1.2605,,,,
2020-11-13,68.46,70.4,71.27,20.05,-1.94,-0.87,1.5876,122.2,17.7117,15.9253,1.132,,,,
2020-11-16,69.57,71.58,72.46,21.15,-2.01,-0.88,1.5971,125.85,18.2176,16.1901,1.161,,,,
2020-11-17,69.11,71.3,72.18,20.94,-2.19,-0.88,1.5932,137.46,18.0796,15.5826,1.1582,,,,
2020-11-18,69.68,71.83,72.7,20.53,-2.15,-0.87,1.5981,134.53,17.9715,15.6271,1.1424,,,,
2020-11-19,69.32,71.67,72.57,20.22,-2.35,-0.9,1.595,147.34,18.048,15.6774,1.1203,,,,
2020-11-20,70.88,72.96,73.79,19.86,-2.08,-0.83,1.6084,129.32,19.0806,16.2488,1.0408,,,,
2020-11-23,72.15,73.8,74.65,20.28,-1.65,-0.85,1.6193,101.9,19.4786,16.5451,1.0411,,,,
2020-11-24,71.53,72.98,73.83,20.33,-1.45,-0.85,1.614,89.84,19.6489,16.6804,1.0347,,,,
2020-11-25,70.8,72.36,73.21,20.66,-1.56,-0.85,1.6077,97.03,19.9312,16.8483,1.0366,,,,
2020-11-27,71.68,73.24,74.06,21.47,-1.56,-0.82,1.6153,96.58,20.1872,16.912,1.0635,,,,
2020-11-30,70.59,72.15,73.05,22.55,-1.56,-0.9,1.6059,97.14,20.5524,17.0872,1.0972,,,,
2020-12-01,72.19,73.07,73.77,21.86,-0.88,-0.7,1.6196,54.33,20.9491,17.5117,1.0435,,,,
2020-12-02,71.6,72.5,73.24,21.81,-0.9,-0.74,1.6146,55.74,21.0899,17.2864,1.0341,,,,
2020-12-03,71.11,72.0,72.76,21.43,-0.89,-0.76,1.6104,55.27,21.1912,17.3774,1.0113,,,,
2020-12-04,71.57,72.45,73.21,20.89,-0.88,-0.76,1.6143,54.51,20.9483,17.3309,0.9972,,,,
2020-12-07,72.38,73.26,74.02,21.75,-0.88,-0.76,1.6213,54.28,21.0259,17.4382,1.0344,,,,
2020-12-08,71.98,72.85,73.62,20.78,-0.87,-0.77,1.6178,53.78,20.8338,16.6559,0.9974,,,,
2020-12-09,73.05,73.89,74.6,22.11,-0.84,-0.71,1.627,51.63,21.2673,16.8602,1.0396,,,,
2020-12-10,74.26,75.04,75.73,20.95,-0.78,-0.69,1.6374,47.64,20.1879,17.1222,1.0378,,,,
2020-12-11,74.08,74.89,75.54,19.97,-0.81,-0.65,1.6359,49.51,20.1253,17.0261,0.9923,,,,
2020-12-14,74.67,75.51,76.2,21.94,-0.84,-0.69,1.6409,51.19,19.6832,17.0388,1.1147,,,,
2020-12-15,75.59,76.34,77.0,21.79,-0.75,-0.66,1.6488,45.49,19.8035,17.0675,1.1003,,,,
2020-12-16,75.65,76.43,77.11,22.35,-0.78,-0.68,1.6493,47.29,19.0122,17.065,1.1756,,,,
2020-12-17,77.19,77.89,78.48,24.4,-0.7,-0.59,1.6625,42.11,19.6682,17.3859,1.2406,,,,
2020-12-18,77.16,77.83,78.38,22.24,-0.67,-0.55,1.6623,40.31,19.6304,17.3979,1.1329,,,,
2020-12-21,74.76,75.48,76.17,21.69,-0.72,-0.69,1.6417,43.86,20.9703,18.7354,1.0343,,,,
2020-12-22,74.82,75.43,75.99,21.57,-0.61,-0.56,1.6422,37.15,20.3418,18.6952,1.0604,,,,
2020-12-23,76.14,76.74,77.27,22.24,-0.6,-0.53,1.6535,36.29,20.7672,18.8736,1.0709,,,,
2020-12-24,76.2,76.86,77.41,21.73,-0.66,-0.55,1.654,39.9,20.5128,18.8472,1.0593,,,,
2020-12-28,76.35,77.0,77.53,22.85,-0.65,-0.53,1.6553,39.27,20.0341,18.847,1.1406,,,,
2020-12-29,77.01,77.62,78.08,22.76,-0.61,-0.46,1.661,36.72,20.0489,18.8716,1.1352,,,,
2020-12-30,77.97,78.57,79.13,23.27,-0.6,-0.56,1.6692,35.95,19.882,18.9774,1.1704,,,,
2020-12-31,78.12,78.7,79.17,23.44,-0.58,-0.47,1.6705,34.72,19.6451,18.8694,1.1932,,,,
2021-01-04,78.97,79.69,80.22,25.02,-0.72,-0.53,1.6778,42.91,19.7072,18.8687,1.2696,,,,
2021-01-05,80.35,81.01,81.53,24.79,-0.66,-0.52,1.6897,39.06,19.8579,19.0876,1.2484,,,,
2021-01-06,80.06,80.85,81.51,24.06,-0.79,-0.66,1.6872,46.82,19.3035,19.134,1.2464,,,,
2021-01-07,79.76,80.59,81.25,23.96,-0.83,-0.66,1.6846,49.27,18.9811,19.108,1.2623,,,,
2021-01-08,79.77,80.55,81.25,24.19,-0.78,-0.7,1.6847,46.3,18.6683,19.0948,1.2958,,,,
2021-01-11,80.43,81.17,81.86,24.84,-0.74,-0.69,1.6904,43.78,18.2369,19.1301,1.3621,,,,
2021-01-12,81.7,82.45,83.15,24.55,-0.75,-0.7,1.7013,44.08,18.3895,19.3153,1.335,,,,
2021-01-13,80.92,81.77,82.53,24.8,-0.85,-0.76,1.6946,50.16,17.9256,19.4178,1.3835,,,,
2021-01-14,81.15,82.0,82.75,24.16,-0.85,-0.75,1.6965,50.1,17.1101,19.16,1.412,,,,
2021-01-15,80.7,81.62,82.37,23.46,-0.92,-0.75,1.6927,54.35,16.9639,19.2074,1.3829,,,,
2021-01-19,81.15,82.07,82.84,24.21,-0.92,-0.77,1.6965,54.23,16.6524,19.2162,1.4538,,,,
2021-01-20,81.59,82.5,83.28,23.4,-0.91,-0.78,1.7003,53.52,16.644,19.1067,1.4059,,,,
2021-01-21,82.57,83.5,84.3,24.44,-0.93,-0.8,1.7087,54.43,16.6699,19.0671,1.4661,,,,
2021-01-22,81.56,82.66,83.56,23.08,-1.1,-0.9,1.7001,64.7,17.1292,19.2094,1.3474,,,,
2021-01-25,82.33,83.3,84.14,23.73,-0.97,-0.84,1.7067,56.83,16.9103,19.2561,1.4033,,,,
2021-01-26,81.71,82.81,83.69,23.37,-1.1,-0.88,1.7013,64.66,16.8054,18.4451,1.3906,,,,
2021-01-27,80.84,81.99,82.86,23.42,-1.15,-0.87,1.6939,67.89,17.212,18.5812,1.3607,,,,
2021-01-28,79.93,81.13,82.06,22.95,-1.2,-0.93,1.6861,71.17,17.6235,18.5256,1.3022,,,,
2021-01-29,80.64,81.84,82.78,23.13,-1.2,-0.94,1.6922,70.91,17.4832,18.5383,1.323,,,,
2021-02-01,80.03,81.36,82.33,26.94,-1.33,-0.97,1.6869,78.84,17.7075,18.2214,1.5214,,,,
2021-02-02,80.69,82.05,82.99,27.71,-1.36,-0.94,1.6926,80.35,16.9589,18.2564,1.634,,,,
2021-02-03,80.99,82.33,83.2,28.61,-1.34,-0.87,1.6952,79.05,16.9614,18.2333,1.6868,,,,
2021-02-04,84.28,85.49,86.21,33.54,-1.21,-0.72,1.7234,70.21,17.4324,19.1403,1.924,,,,
2021-02-05,82.74,84.02,84.84,27.42,-1.28,-0.82,1.7102,74.85,18.5923,19.3422,1.4748,,,,
2021-02-08,84.28,85.6,86.43,28.18,-1.32,-0.83,1.7234,76.59,18.6572,19.5767,1.5104,,,,
2021-02-09,86.93,88.13,88.89,30.5,-1.2,-0.76,1.7461,68.72,20.2715,20.2424,1.5046,,,,
2021-02-10,84.67,86.18,87.0,27.56,-1.51,-0.82,1.7268,87.44,22.1399,20.9341,1.2448,,,,
2021-02-11,86.41,87.87,88.66,28.45,-1.46,-0.79,1.7417,83.83,22.6333,21.1983,1.257,,,,
2021-02-12,87.27,88.66,89.41,28.0,-1.39,-0.75,1.7491,79.47,22.5631,21.0839,1.241,,,,
2021-02-16,88.12,89.6,90.32,29.62,-1.48,-0.72,1.7564,84.26,22.6205,21.0049,1.3094,,,,
2021-02-17,88.36,89.93,90.71,29.59,-1.57,-0.78,1.7584,89.29,22.5304,20.9885,1.3133,,,,
2021-02-18,88.73,90.3,91.04,28.83,-1.57,-0.74,1.7616,89.12,22.161,20.9019,1.3009,,,,
2021-02-19,88.95,90.48,91.21,29.49,-1.53,-0.73,1.7635,86.76,22.0658,20.559,1.3365,,,,
2021-02-22,90.91,92.41,93.08,30.43,-1.5,-0.67,1.7803,84.26,22.5716,20.6924,1.3482,,,,
2021-02-23,91.37,92.67,93.33,30.56,-1.3,-0.66,1.7843,72.86,22.5364,20.5292,1.356,,,,
2021-02-24,92.33,93.69,94.33,30.48,-1.36,-0.64,1.7925,75.87,22.5771,20.3493,1.35,,,,
2021-02-25,88.24,89.69,90.37,29.28,-1.45,-0.68,1.7574,82.51,26.5473,22.6868,1.1029,,,,
2021-02-26,87.82,88.83,89.71,28.82,-1.01,-0.88,1.7538,57.59,26.3917,22.415,1.092,,,,
2021-03-01,91.57,92.46,86.79,31.6,-0.89,5.67,1.786,49.83,28.7207,23.4383,1.1003,,,,
2021-03-02,90.99,91.92,86.45,30.1,-0.93,5.47,1.781,52.22,28.7446,23.4003,1.0472,,,,
2021-03-03,88.45,89.41,85.01,28.92,-0.96,4.4,1.7592,54.57,30.2233,24.2237,0.9569,,,,
2021-03-04,87.14,88.13,84.0,27.92,-0.99,4.13,1.748,56.64,30.6464,24.5119,0.911,,,,
2021-03-05,87.76,88.67,84.54,28.0,-0.91,4.13,1.7533,51.9,30.5444,24.4689,0.9167,,,,
2021-03-08,88.32,89.29,85.34,28.0,-0.97,3.95,1.7581,55.17,30.2608,24.4085,0.9253,,,,
2021-03-09,84.32,85.29,81.4,29.34,-0.97,3.89,1.7237,56.27,33.3379,26.3318,0.8801,,,,
2021-03-10,85.22,86.05,82.42,29.39,-0.83,3.63,1.7315,47.94,33.3583,26.2262,0.881,,,,
2021-03-11,88.35,89.2,84.89,29.73,-0.85,4.31,1.7583,48.34,34.6141,27.1023,0.8589,,,,
2021-03-12,87.56,88.57,84.2,29.56,-1.01,4.37,1.7516,57.66,34.5368,27.1906,0.8559,,,,
2021-03-15,86.72,87.76,83.55,29.98,-1.04,4.21,1.7443,59.62,34.6821,27.2308,0.8644,,,,
2021-03-16,86.92,87.91,83.65,28.77,-0.99,4.26,1.7461,56.7,34.5521,27.229,0.8327,,,,
2021-03-17,86.51,87.51,83.72,27.43,-1.0,3.79,1.7425,57.39,34.5779,27.0093,0.7933,,,,
2021-03-18,85.45,86.42,82.59,27.21,-0.97,3.83,1.7334,55.96,34.8335,27.163,0.7811,,,,
2021-03-19,84.68,85.72,82.51,26.68,-1.04,3.21,1.7268,60.23,33.0298,26.3637,0.8078,,,,
2021-03-22,84.62,85.61,82.2,26.82,-0.99,3.41,1.7263,57.35,32.5586,26.3686,0.8237,,,,
2021-03-23,83.53,84.6,81.32,27.1,-1.07,3.28,1.717,62.32,32.3473,26.3457,0.8378,,,,
2021-03-24,82.44,83.52,80.38,27.09,-1.08,3.14,1.7076,63.25,31.1471,26.5167,0.8697,,,,
2021-03-25,78.44,79.52,76.55,33.05,-1.08,2.97,1.6733,64.54,33.4071,28.5047,0.9893,,,,
2021-03-26,80.38,81.41,78.74,30.77,-1.03,2.67,1.6899,60.95,33.6705,28.8802,0.9139,,,,
2021-03-29,80.49,81.6,78.65,31.48,-1.11,2.95,1.6909,65.65,33.4896,28.778,0.94,,,,
2021-03-30,80.64,81.75,78.92,30.02,-1.11,2.83,1.6922,65.6,33.3144,28.7779,0.9011,,,,
2021-03-31,80.88,82.17,80.1,30.47,-1.29,2.07,1.6942,76.14,33.3182,28.7028,0.9145,,,,
2021-04-01,77.95,79.27,77.91,29.91,-1.32,1.36,1.6691,79.08,34.6549,29.4778,0.8631,,,,
2021-04-05,77.88,79.18,77.87,30.03,-1.3,1.31,1.6685,77.91,34.6111,29.4708,0.8676,,,,
2021-04-06,79.22,80.47,79.41,31.18,-1.25,1.06,1.68,74.4,34.3253,29.6794,0.9084,,,,
2021-04-07,79.5,80.84,80.04,31.24,-1.34,0.8,1.6824,79.65,34.2911,29.6888,0.911,,,,
2021-04-08,81.41,82.66,81.12,32.23,-1.25,1.54,1.6988,73.58,35.0081,30.0416,0.9206,,,,
2021-04-09,82.4,83.74,81.78,30.36,-1.34,1.96,1.7073,78.49,33.0482,29.9718,0.9187,,,,
2021-04-12,80.14,81.51,80.44,29.89,-1.37,1.07,1.6879,81.17,33.8635,30.4532,0.8827,,,,
2021-04-13,81.82,83.19,81.46,29.84,-1.37,1.73,1.7023,80.48,31.9335,30.7483,0.9344,,,,
2021-04-14,84.2,85.52,82.71,37.81,-1.32,2.81,1.7227,76.62,33.2712,31.2733,1.1364,,,,
2021-04-15,85.02,86.26,83.08,35.72,-1.24,3.18,1.7298,71.68,32.5326,31.3121,1.098,,,,
2021-04-16,83.71,85.03,82.53,30.56,-1.32,2.5,1.7185,76.81,32.5552,31.4734,0.9387,,,,
2021-04-19,83.26,84.71,82.5,29.91,-1.45,2.21,1.7146,84.57,32.4752,31.4029,0.921,,,,
2021-04-20,83.77,85.17,83.06,30.09,-1.4,2.11,1.719,81.44,32.4698,31.3178,0.9267,,,,
2021-04-21,84.83,86.23,83.69,29.86,-1.4,2.54,1.7281,81.01,29.8222,31.3634,1.0013,,,,
2021-04-22,84.64,86.05,83.75,29.99,-1.41,2.3,1.7265,81.67,29.6644,31.3239,1.011,,,,
2021-04-23,87.51,88.8,84.93,31.84,-1.29,3.87,1.7511,73.67,29.3839,31.9405,1.0836,,,,
2021-04-26,87.86,89.22,84.95,32.48,-1.36,4.27,1.7541,77.53,29.292,31.8356,1.1088,,,,
2021-04-27,90.07,91.42,87.2,34.38,-1.35,4.22,1.7731,76.14,29.9908,32.1588,1.1464,,,,
2021-04-28,88.74,89.52,86.07,33.54,-0.78,3.45,1.7617,44.28,30.3502,32.2845,1.1051,,,,
2021-04-29,85.89,86.54,83.84,31.61,-0.65,2.7,1.7372,37.42,31.8258,33.0113,0.9932,,,,
2021-04-30,87.43,88.08,85.06,32.96,-0.65,3.02,1.7504,37.13,32.0273,33.1851,1.0291,,,,
2021-05-03,87.86,85.2,84.56,33.43,2.66,0.64,1.7541,-151.64,31.9108,32.2102,1.0476,,,,
2021-05-04,87.17,85.06,84.38,32.41,2.11,0.68,1.7482,-120.7,32.0163,32.0144,1.0123,,,,
2021-05-05,87.33,85.4,84.68,31.94,1.93,0.72,1.7496,-110.31,31.7419,31.8053,1.0062,,,,
2021-05-06,90.58,86.72,85.82,33.99,3.86,0.9,1.7775,-217.16,32.9943,32.0524,1.0302,,,,
2021-05-07,89.66,86.89,85.92,34.01,2.77,0.97,1.7696,-156.53,29.2683,31.6393,1.162,,,,
2021-05-10,88.47,86.1,85.48,33.15,2.37,0.62,1.7594,-134.71,29.0759,31.5108,1.1401,,,,
2021-05-11,87.75,85.53,85.12,31.79,2.22,0.41,1.7532,-126.63,29.2589,31.4955,1.0865,,,,
2021-05-12,88.23,85.67,85.25,31.41,2.56,0.42,1.7573,-145.68,29.2666,31.4523,1.0732,,,,
2021-05-13,84.98,83.3,83.04,29.08,1.68,0.26,1.7294,-97.14,31.5361,32.373,0.9221,,,,
2021-05-14,82.43,81.22,80.9,27.88,1.21,0.32,1.7075,-70.86,30.9016,32.9262,0.9022,,,,
2021-05-17,82.32,81.71,81.35,28.11,0.61,0.36,1.7066,-35.74,30.9052,32.9172,0.9096,0.703,,-1.2643,1.2852
2021-05-18,84.01,83.3,83.0,27.72,0.71,0.3,1.7211,-41.25,31.0588,32.8744,0.8925,0.623,,-1.3496,1.3797
2021-05-19,82.92,82.37,82.2,27.49,0.55,0.17,1.7117,-32.13,31.3565,32.9341,0.8767,0.577,,-1.1921,1.2119
2021-05-20,81.53,81.99,81.84,26.83,-0.46,0.15,1.6998,27.06,31.0519,32.983,0.864,0.434,,-0.1988,0.1829
2021-05-21,82.82,83.22,82.97,27.21,-0.4,0.25,1.7109,23.38,31.1909,31.9199,0.8724,0.5218,,-0.2592,0.243
2021-05-24,82.82,83.29,83.12,28.13,-0.47,0.17,1.7109,27.47,30.0434,31.9111,0.9363,0.7283,,-0.1916,0.1729
2021-05-25,82.71,83.09,83.02,28.25,-0.38,0.07,1.7099,22.22,29.4644,30.6397,0.9588,0.7602,,-0.2826,0.2674
2021-05-26,82.44,83.23,83.16,26.76,-0.79,0.07,1.7076,46.26,28.2256,30.6262,0.9481,0.4331,,0.1169,-0.1466
2021-05-27,82.61,83.46,83.41,28.25,-0.85,0.05,1.7091,49.73,28.0676,30.125,1.0065,0.7695,,0.172,-0.2045
2021-05-28,82.12,83.32,83.31,27.47,-1.2,0.01,1.7049,70.39,27.7712,30.0056,0.9892,0.6002,,0.5152,-0.5574
2021-06-01,84.25,84.81,84.66,31.92,-0.56,0.15,1.7231,32.5,28.7464,30.4551,1.1104,1.5986,,-0.1329,0.1061
2021-06-02,83.77,84.66,84.61,30.88,-0.89,0.05,1.719,51.77,28.7464,30.4364,1.0742,1.3664,,0.1887,-0.2284
2021-06-03,84.21,85.04,85.02,30.84,-0.83,0.02,1.7228,48.18,28.5455,28.9446,1.0804,1.3547,,0.1212,-0.1603
2021-06-04,85.8,85.88,85.73,31.52,-0.08,0.15,1.7364,4.61,29.0591,29.1185,1.0847,1.4994,,-0.6313,0.6241
2021-06-07,84.36,85.26,85.24,33.71,-0.9,0.02,1.7241,52.2,27.7371,28.3384,1.2153,1.9697,,0.1823,-0.2256
2021-06-08,85.14,85.99,85.96,35.14,-0.85,0.03,1.7308,49.11,27.8631,28.3584,1.2612,2.2678,,0.1238,-0.1682
2021-06-09,86.62,87.34,87.22,34.31,-0.72,0.12,1.7435,41.3,27.3309,28.5215,1.2554,2.08,,-0.017,-0.0266
2021-06-10,87.36,88.21,88.07,36.91,-0.85,0.14,1.7498,48.58,27.1614,28.5713,1.3589,2.6332,,0.1058,-0.1596
2021-06-11,87.0,87.92,87.73,28.38,-0.92,0.19,1.7468,52.67,25.4335,28.5673,1.1159,0.7866,,0.1717,-0.2282
2021-06-14,84.95,86.13,85.98,28.51,-1.18,0.15,1.7292,68.24,25.8245,28.877,1.104,0.8107,,0.4384,-0.4977
2021-06-15,85.28,86.8,86.59,28.16,-1.52,0.21,1.732,87.76,25.8059,28.8273,1.0912,0.7296,,0.7758,-0.853
2021-06-16,85.33,85.95,85.86,27.04,-0.62,0.09,1.7324,35.79,25.726,28.827,1.0511,0.4796,,-0.1511,0.1157
2021-06-17,84.17,84.06,83.94,27.54,0.11,0.12,1.7225,-6.39,25.9846,28.8414,1.0599,0.5875,,-0.9168,0.9133
2021-06-18,84.42,85.18,85.06,27.47,-0.76,0.12,1.7246,44.07,23.4417,28.7136,1.1718,0.5689,,-0.0207,-0.0197
2021-06-21,84.09,85.19,85.08,27.55,-1.1,0.11,1.7218,63.89,23.329,26.7661,1.1809,0.5827,,0.3339,-0.3866
2021-06-22,84.22,85.64,85.45,26.61,-1.42,0.19,1.7229,82.42,23.1048,26.3235,1.1517,0.3715,,0.6817,-0.7467
2021-06-23,86.46,86.94,86.43,26.49,-0.48,0.51,1.7421,27.55,24.3781,26.8362,1.0866,0.3416,,-0.4168,0.3701
2021-06-24,86.03,86.73,86.39,26.51,-0.7,0.34,1.7384,40.27,24.3445,26.8656,1.089,0.3421,,-0.18,0.1228
2021-06-25,86.43,87.18,86.71,26.76,-0.75,0.47,1.7419,43.06,21.7518,26.8728,1.2302,0.3931,,-0.1405,0.0765
2021-06-28,86.66,87.43,87.03,27.66,-0.77,0.4,1.7438,44.16,19.6639,25.6796,1.4066,0.587,,-0.128,0.0608
2021-06-29,86.49,87.58,87.08,28.01,-1.09,0.5,1.7424,62.56,19.6731,25.6853,1.4238,0.6589,1.1481,0.2756,-0.3497
2021-06-30,84.03,84.9,84.71,26.35,-0.87,0.19,1.7213,50.54,20.7501,26.2339,1.2699,0.2861,0.534,0.0032,-0.0587
2021-07-01,85.9,85.79,85.56,26.07,0.11,0.23,1.7373,-6.33,21.3127,26.5817,1.2232,0.2195,0.3435,-1.2575,1.2121
2021-07-02,86.97,86.76,86.29,25.72,0.21,0.47,1.7465,-12.02,20.8385,26.272,1.2343,0.1368,0.3821,-1.3737,1.3327
2021-07-06,87.4,87.22,86.67,26.51,0.18,0.55,1.7502,-10.28,20.4605,26.1849,1.2957,0.3085,0.621,-1.3254,1.2848
2021-07-07,87.63,87.41,86.77,26.22,0.22,0.64,1.7522,-12.56,20.4547,25.4892,1.2819,0.2393,0.5602,-1.3653,1.3269
2021-07-08,86.88,86.64,86.0,25.33,0.24,0.64,1.7457,-13.75,20.6612,25.2506,1.226,0.0364,0.3313,-1.3823,1.3442
2021-07-09,87.71,87.4,86.75,24.73,0.31,0.65,1.7528,-17.69,20.7291,24.6518,1.193,-0.1014,0.194,-1.4577,1.4238
2021-07-12,88.16,87.85,87.18,24.8,0.31,0.67,1.7567,-17.65,20.748,24.5982,1.1953,-0.0891,0.1984,-1.4466,1.4143
2021-07-13,88.46,88.04,87.3,24.91,0.42,0.74,1.7593,-23.87,20.6066,24.3728,1.2088,-0.068,0.2476,-1.5682,1.5414
2021-07-14,89.81,89.18,88.26,26.02,0.63,0.92,1.7709,-35.58,19.7934,24.5087,1.3146,0.1772,0.6698,-1.803,1.7894
2021-07-15,89.05,88.6,87.87,26.05,0.45,0.73,1.7643,-25.51,19.9054,24.5681,1.3087,0.1789,0.6399,-1.5725,1.5495
2021-07-16,89.93,89.3,88.44,26.14,0.63,0.86,1.7719,-35.56,20.0139,24.5194,1.3061,0.1942,0.6235,-1.7697,1.7578
2021-07-19,86.71,86.35,85.85,26.6,0.36,0.5,1.7443,-20.64,22.3129,25.6862,1.1921,0.2935,0.1551,-1.441,1.4107
2021-07-20,88.51,88.08,87.35,26.59,0.43,0.73,1.7597,-24.44,22.4343,25.1126,1.1852,0.2864,0.1234,-1.5085,1.4853
2021-07-21,88.69,88.38,87.7,26.59,0.31,0.68,1.7613,-17.6,22.3191,25.1031,1.1914,0.2813,0.1452,-1.3543,1.3277
2021-07-22,89.86,89.41,88.49,28.5,0.45,0.92,1.7713,-25.41,22.095,24.7225,1.2899,0.713,0.5428,-1.5054,1.4876
2021-07-23,89.66,89.25,88.38,27.01,0.41,0.87,1.7696,-23.17,22.0064,24.5335,1.2274,0.3653,0.283,-1.4467,1.4273
2021-07-26,89.6,89.25,88.49,27.05,0.35,0.76,1.7691,-19.78,21.9609,23.5627,1.2317,0.371,0.2971,-1.3655,1.3441
2021-07-27,90.23,89.81,89.1,26.99,0.42,0.71,1.7745,-23.67,20.7152,23.3318,1.3029,0.3534,0.5837,-1.4345,1.4181
2021-07-28,90.52,90.08,89.39,27.4,0.44,0.69,1.777,-24.76,20.7109,23.3208,1.323,0.4434,0.6605,-1.4451,1.4309
2021-07-29,90.31,89.92,89.21,26.97,0.39,0.71,1.7752,-21.97,20.7451,23.2632,1.3001,0.3393,0.5612,-1.3769,1.3602
2021-07-30,89.39,89.07,88.44,27.02,0.32,0.63,1.7673,-18.11,20.5432,23.367,1.3153,0.3463,0.6181,-1.2887,1.2675
2021-08-02,89.63,89.33,88.75,26.99,0.3,0.58,1.7693,-16.96,20.5422,22.127,1.3139,0.3348,0.6067,-1.2568,1.2356
2021-08-03,89.87,89.58,89.02,26.95,0.29,0.56,1.7714,-16.37,20.466,22.0348,1.3168,0.3215,0.6131,-1.2362,1.2156
2021-08-04,90.31,90.01,89.44,27.33,0.3,0.57,1.7752,-16.9,20.4794,21.8776,1.3345,0.4049,0.6801,-1.2381,1.2191
2021-08-05,90.68,90.39,89.79,27.62,0.29,0.6,1.7783,-16.31,19.197,21.818,1.4388,0.4674,1.1015,-1.2178,1.1993
2021-08-06,91.7,91.33,90.69,28.17,0.37,0.64,1.7871,-20.7,19.2877,21.9045,1.4605,0.5903,1.1813,-1.297,1.285
2021-08-09,90.9,90.54,89.99,28.22,0.36,0.55,1.7802,-20.22,19.5257,20.5123,1.4453,0.5971,1.1099,-1.2774,1.2636
2021-08-10,92.32,91.79,91.1,28.68,0.53,0.69,1.7924,-29.57,19.9321,19.6331,1.4389,0.6987,1.0749,-1.4522,1.4512
2021-08-11,91.22,90.66,90.05,26.69,0.56,0.61,1.783,-31.41,20.318,19.8282,1.3136,0.2317,0.5542,-1.4758,1.4734
2021-08-12,93.32,92.48,91.85,28.14,0.84,0.63,1.801,-46.64,19.0223,19.932,1.4793,0.5659,1.2264,-1.7593,1.7806
2021-08-13,94.32,93.19,92.41,27.76,1.13,0.78,1.8096,-62.44,18.3343,19.7713,1.5141,0.4735,1.3576,-2.045,2.089
2021-08-16,94.31,93.26,92.58,28.69,1.05,0.68,1.8095,-58.03,18.1422,19.3756,1.5814,0.6848,1.6173,-1.9352,1.9729
2021-08-17,94.9,93.73,92.92,28.83,1.17,0.81,1.8146,-64.48,18.1601,19.195,1.5875,0.7123,1.6258,-2.0346,2.0823
2021-08-18,94.83,93.95,93.31,28.45,0.88,0.64,1.814,-48.51,18.1882,19.1993,1.5642,0.6192,1.5167,-1.7086,1.7362
2021-08-19,92.76,91.95,91.4,27.21,0.81,0.55,1.7962,-45.1,19.2965,19.8251,1.4101,0.3257,0.8858,-1.627,1.6412
2021-08-20,93.1,92.26,91.69,25.57,0.84,0.57,1.7991,-46.69,19.1776,19.7986,1.3333,-0.0574,0.5708,-1.6409,1.658
2021-08-23,93.36,92.69,92.15,24.88,0.67,0.54,1.8013,-37.2,19.1565,19.7992,1.2988,-0.2236,0.4256,-1.4478,1.4561
2021-08-24,94.18,93.18,92.59,24.64,1.0,0.59,1.8084,-55.3,19.255,19.775,1.2797,-0.2835,0.3429,-1.771,1.8018
2021-08-25,94.5,93.55,92.96,24.69,0.95,0.59,1.8111,-52.45,18.8597,19.1708,1.3091,-0.2763,0.457,-1.6999,1.7287
2021-08-26,94.16,93.2,92.66,24.42,0.96,0.54,1.8082,-53.09,18.6823,19.1398,1.3071,-0.3449,0.4432,-1.6943,1.7217
2021-08-27,94.84,93.83,93.18,24.5,1.01,0.65,1.814,-55.68,18.5999,19.1583,1.3172,-0.3317,0.4788,-1.7242,1.7572
2021-08-30,94.23,93.43,92.87,24.68,0.8,0.56,1.8088,-44.23,14.9062,18.9125,1.6557,-0.2958,1.8513,-1.4989,1.5163
2021-08-31,92.53,91.77,91.41,24.24,0.76,0.36,1.7942,-42.36,15.1207,18.9677,1.6031,-0.4065,1.6212,-1.4515,1.4602
2021-09-01,92.3,91.66,91.19,24.23,0.64,0.47,1.7922,-35.71,15.1631,18.9172,1.598,-0.4143,1.5861,-1.3186,1.3207
2021-09-02,93.29,92.64,92.07,24.59,0.65,0.57,1.8007,-36.1,15.0143,18.7286,1.6378,-0.3343,1.7325,-1.3147,1.3205
2021-09-03,94.02,93.26,92.67,24.32,0.76,0.59,1.807,-42.06,15.0934,18.7174,1.6113,-0.4055,1.6103,-1.4106,1.4248
2021-09-07,94.05,93.26,92.75,25.7,0.79,0.51,1.8073,-43.71,15.0833,18.6852,1.7039,-0.0777,1.9644,-1.4277,1.4436
2021-09-08,94.08,93.26,92.99,26.31,0.82,0.27,1.8075,-45.37,14.9999,17.9377,1.754,0.0658,2.1385,-1.4446,1.462
2021-09-09,93.22,92.41,92.1,26.97,0.81,0.31,1.8001,-45.0,15.2966,18.0692,1.7631,0.2218,2.1461,-1.4251,1.4385
2021-09-10,93.5,92.73,92.31,24.71,0.77,0.42,1.8025,-42.72,15.2745,18.0709,1.6177,-0.3365,1.552,-1.3721,1.3844
2021-09-13,92.81,91.96,91.6,24.29,0.85,0.36,1.7966,-47.31,15.1121,17.89,1.6073,-0.4455,1.4966,-1.4412,1.4548
2021-09-14,93.66,92.83,92.48,23.48,0.83,0.35,1.8039,-46.01,15.2792,17.9539,1.5367,-0.6499,1.2072,-1.4058,1.4216
2021-09-15,93.37,92.62,92.23,23.37,0.75,0.39,1.8014,-41.63,15.3311,17.9437,1.5244,-0.6816,1.1492,-1.3171,1.3278
2021-09-16,92.51,91.8,91.43,22.66,0.71,0.37,1.794,-39.58,15.5872,18.0848,1.4538,-0.8627,0.8634,-1.2705,1.2762
2021-09-17,92.33,91.59,91.24,23.08,0.74,0.35,1.7925,-41.28,15.5747,17.3492,1.4819,-0.7636,0.9667,-1.2898,1.2964
2021-09-20,89.02,88.39,88.1,26.12,0.63,0.29,1.7641,-35.71,18.5987,18.95,1.4044,-0.0112,0.6547,-1.1823,1.1742
2021-09-21,90.03,89.34,89.01,25.4,0.69,0.33,1.7728,-38.92,18.7772,19.0595,1.3527,-0.1967,0.4486,-1.2286,1.2257
2021-09-22,90.87,90.11,89.77,25.09,0.76,0.34,1.78,-42.7,18.4049,19.1371,1.3632,-0.2805,0.4877,-1.2841,1.2866
2021-09-23,92.46,91.5,90.99,25.66,0.96,0.51,1.7936,-53.52,18.7776,19.4254,1.3665,-0.142,0.499,-1.4598,1.4769
2021-09-24,95.99,94.57,93.74,27.6,1.42,0.83,1.8239,-77.86,20.6832,19.8069,1.3344,0.344,0.3724,-1.862,1.9208
2021-09-27,98.05,96.82,95.79,31.29,1.23,1.03,1.8416,-66.79,21.3319,19.7743,1.4668,1.2744,0.8922,-1.654,1.7117
2021-09-28,100.03,98.7,97.81,32.45,1.33,0.89,1.8586,-71.56,22.0022,20.0019,1.4749,1.5577,0.9212,-1.7182,1.7923
2021-09-29,101.94,100.74,99.95,34.79,1.2,0.79,1.875,-64.0,22.517,20.2828,1.5451,2.1309,1.1917,-1.5738,1.6465
2021-09-30,105.8,103.88,102.95,37.18,1.92,0.93,1.9081,-100.62,24.6399,21.4867,1.5089,2.6971,1.044,-2.1667,2.3237
2021-10-01,104.53,101.44,100.44,38.16,3.09,1.0,1.8972,-162.87,23.8923,21.5796,1.5972,2.8935,1.3815,-3.139,3.3755
2021-10-04,104.93,102.59,101.52,37.99,2.34,1.07,1.9006,-123.12,23.8922,21.5387,1.5901,2.8066,1.3456,-2.4417,2.6102
2021-10-05,108.93,106.59,105.52,51.26,2.34,1.07,1.935,-120.93,25.7744,22.6626,1.9888,5.6781,2.8453,-2.3686,2.5647
2021-10-06,111.06,108.17,106.2,47.2,2.89,1.97,1.9533,-147.95,26.0853,22.8938,1.8094,4.5367,2.1392,-2.7508,3.0085
2021-10-07,111.61,108.73,107.27,46.3,2.88,1.46,1.958,-147.09,26.0784,22.7729,1.7754,4.1788,1.994,-2.6859,2.9348
2021-10-08,110.6,107.91,106.77,44.88,2.69,1.14,1.9493,-138.0,26.2932,22.7867,1.7069,3.7555,1.7266,-2.5006,2.7115
2021-10-11,109.79,107.24,106.15,42.78,2.55,1.09,1.9424,-131.28,26.542,22.8583,1.6118,3.2392,1.3633,-2.3594,2.5428
2021-10-12,106.38,104.1,103.04,40.25,2.28,1.06,1.9131,-119.18,28.4047,22.5128,1.417,2.6695,0.6327,-2.1443,2.2727
2021-10-13,103.86,101.84,100.95,38.09,2.02,0.89,1.8915,-106.79,28.8431,22.9105,1.3206,2.1985,0.2733,-1.9327,2.0216
2021-10-14,107.1,104.95,103.97,41.53,2.15,0.98,1.9193,-112.02,29.7988,23.6199,1.3937,2.8447,0.5538,-1.9868,2.1051
2021-10-15,107.33,105.0,103.97,40.27,2.33,1.03,1.9212,-121.28,29.7592,23.5291,1.3532,2.5539,0.4026,-2.0974,2.2263
2021-10-18,107.04,104.95,104.07,39.65,2.09,0.88,1.9188,-108.92,29.8191,23.5338,1.3297,2.3968,0.3183,-1.8919,1.9988
2021-10-19,107.83,105.84,104.83,38.41,1.99,1.01,1.9255,-103.35,29.8067,23.5385,1.2886,2.1251,0.1671,-1.7901,1.8929
2021-10-20,110.73,108.63,107.64,37.64,2.1,0.99,1.9504,-107.67,30.4446,24.013,1.2363,1.9515,-0.0251,-1.8326,1.9603
2021-10-21,106.14,104.15,103.24,37.92,1.99,0.91,1.911,-104.13,33.2175,25.7786,1.1416,1.9831,-0.384,-1.762,1.8485
2021-10-22,108.26,106.19,105.17,37.29,2.07,1.02,1.9292,-107.3,33.5138,25.9934,1.1127,1.8402,-0.4904,-1.7884,1.892
2021-10-25,108.54,106.56,105.51,36.93,1.98,1.05,1.9316,-102.51,33.3199,25.8464,1.1083,1.7525,-0.5015,-1.702,1.799
2021-10-26,108.71,106.87,105.88,35.16,1.84,0.99,1.9331,-95.18,33.3151,25.8484,1.0554,1.3989,-0.7106,-1.582,1.6688
2021-10-27,110.52,108.64,107.36,35.59,1.88,1.28,1.9486,-96.48,33.3872,25.9912,1.066,1.4683,-0.667,-1.585,1.6836
2021-10-28,113.73,111.83,110.4,36.67,1.9,1.43,1.9762,-96.14,33.7243,26.498,1.0873,1.6586,-0.5727,-1.565,1.6821
2021-10-29,114.85,111.22,109.67,35.76,3.63,1.55,1.9858,-182.8,33.6287,26.5261,1.0634,1.4719,-0.6664,-2.7334,2.9915
2021-11-01,119.84,115.03,113.45,39.55,4.81,1.58,2.0286,-237.11,32.4688,27.646,1.2181,2.1675,-0.012,-3.3932,3.7854
2021-11-02,117.25,113.83,112.16,37.34,3.42,1.67,2.0064,-170.45,33.7421,28.0407,1.1066,1.7315,-0.4758,-2.4478,2.679
2021-11-03,118.82,115.44,113.9,36.53,3.38,1.54,2.0199,-167.34,33.7671,28.0065,1.0818,1.5635,-0.5747,-2.3689,2.602
2021-11-04,116.46,112.91,111.51,35.99,3.55,1.4,1.9996,-177.54,34.6859,28.2538,1.0376,1.4489,-0.7555,-2.4636,2.6773
2021-11-05,116.87,113.24,111.69,36.14,3.63,1.55,2.0031,-181.22,33.5298,27.984,1.0778,1.4638,-0.5789,-2.4712,2.6853
2021-11-08,116.55,113.29,111.72,37.91,3.26,1.57,2.0004,-162.97,33.3376,27.9775,1.1372,1.7771,-0.3223,-2.2048,2.3829
2021-11-09,119.38,115.19,113.51,38.64,4.19,1.68,2.0247,-206.94,33.5056,28.2781,1.1532,1.8915,-0.2502,-2.7233,2.9827
2021-11-10,118.68,115.05,113.41,38.01,3.63,1.64,2.0187,-179.82,33.439,28.3448,1.1367,1.7558,-0.3168,-2.3452,2.5484
2021-11-11,118.54,115.41,113.81,37.04,3.13,1.6,2.0175,-155.14,32.0589,28.3479,1.1554,1.562,-0.2344,-2.0125,2.1748
2021-11-12,117.69,115.08,113.35,33.04,2.61,1.73,2.0102,-129.84,31.8797,27.9308,1.0364,0.8178,-0.7379,-1.6798,1.7984
2021-11-15,117.62,114.64,113.02,32.92,2.98,1.62,2.0096,-148.29,31.907,27.9464,1.0317,0.7892,-0.7556,-1.8937,2.0305
2021-11-16,117.98,115.13,113.52,31.86,2.85,1.61,2.0127,-141.6,30.2745,27.946,1.0524,0.5868,-0.665,-1.7933,1.9213
2021-11-17,119.7,116.92,115.28,33.09,2.78,1.64,2.0274,-137.12,30.0725,28.013,1.1003,0.8088,-0.4599,-1.7232,1.8557
2021-11-18,117.59,115.14,113.59,28.92,2.45,1.55,2.0093,-121.93,30.6282,28.3665,0.9442,0.0253,-1.1184,-1.5214,1.617
2021-11-19,119.22,116.43,114.78,28.61,2.79,1.65,2.0233,-137.89,30.6422,28.4002,0.9337,-0.0392,-1.157,-1.7096,1.8326
2021-11-22,117.71,115.97,114.38,28.36,1.74,1.59,2.0103,-86.55,30.8323,28.5958,0.9198,-0.0931,-1.2115,-1.0564,1.1094
2021-11-23,120.36,115.66,114.09,28.05,4.7,1.57,2.0331,-231.17,29.6157,28.7696,0.9471,-0.1585,-1.093,-2.8287,3.062
2021-11-24,120.38,115.78,114.1,27.22,4.6,1.68,2.0333,-226.23,28.4288,28.4059,0.9575,-0.3233,-1.0466,-2.718,2.9337
2021-11-26,116.6,111.78,109.93,30.81,4.82,1.85,2.0008,-240.9,29.2718,29.3344,1.0525,0.3575,-0.6463,-2.8442,3.0141
2021-11-29,116.65,111.41,109.61,30.73,5.24,1.8,2.0012,-261.84,29.2795,29.3085,1.0495,0.3364,-0.6586,-3.0336,3.2101
2021-11-30,111.65,106.41,104.61,32.56,5.24,1.8,1.9583,-267.58,32.2236,30.8689,1.0104,0.6834,-0.8213,-3.0371,3.1375
2021-12-01,104.19,102.77,100.67,31.22,1.42,2.1,1.8943,-74.96,38.0913,34.2155,0.8196,0.4185,-1.6145,-0.7631,0.7333
2021-12-02,103.7,102.4,100.48,33.26,1.3,1.92,1.8901,-68.78,37.1837,34.2397,0.8945,0.8077,-1.2949,-0.6847,0.6526
2021-12-03,104.2,102.91,101.01,31.94,1.29,1.9,1.8944,-68.1,35.2189,34.1711,0.9069,0.5449,-1.2391,-0.6711,0.6411
2021-12-06,107.01,105.67,103.6,33.27,1.34,2.07,1.9185,-69.85,35.6161,34.5454,0.9341,0.7983,-1.1232,-0.6861,0.667
2021-12-07,106.37,105.04,102.98,31.25,1.33,2.06,1.913,-69.52,35.6408,34.5298,0.8768,0.3962,-1.3561,-0.6766,0.6554
2021-12-08,106.72,105.32,103.22,30.16,1.4,2.1,1.916,-73.07,35.6536,34.5011,0.8459,0.1752,-1.4779,-0.7127,0.6938
2021-12-09,106.59,105.24,103.1,29.96,1.35,2.14,1.9149,-70.5,35.2818,34.491,0.8492,0.13,-1.4562,-0.6768,0.657
2021-12-10,106.23,104.93,102.8,29.02,1.3,2.13,1.9118,-68.0,34.1305,34.4286,0.8503,-0.0636,-1.4438,-0.6421,0.6205
2021-12-13,106.81,105.48,103.2,31.35,1.33,2.28,1.9168,-69.39,34.0198,34.4229,0.9215,0.3958,-1.1478,-0.6531,0.6341
2021-12-14,105.9,104.55,102.35,30.54,1.35,2.2,1.909,-70.72,31.2647,33.5378,0.9768,0.2269,-0.9165,-0.6632,0.6414
2021-12-15,105.79,104.37,102.14,30.4,1.42,2.23,1.908,-74.42,30.818,33.5012,0.9864,0.1926,-0.8741,-0.7013,0.68
2021-12-16,109.68,107.93,105.37,38.99,1.75,2.56,1.9414,-90.14,32.5541,34.1712,1.1977,1.9177,-0.0066,-0.88,0.8807
2021-12-17,107.3,105.7,103.35,28.68,1.6,2.35,1.921,-83.29,32.6457,34.4209,0.8785,-0.1734,-1.3073,-0.793,0.7804
2021-12-20,105.54,103.83,101.47,29.05,1.71,2.36,1.9059,-89.72,32.8292,33.851,0.8849,-0.1043,-1.2731,-0.8623,0.8431
2021-12-21,107.27,105.23,102.36,28.59,2.04,2.87,1.9207,-106.21,33.3204,33.7429,0.858,-0.2046,-1.376,-1.0483,1.0421
2021-12-22,108.83,106.8,103.9,28.08,2.03,2.9,1.9341,-104.96,32.7642,33.6318,0.857,-0.316,-1.3725,-1.0256,1.0279
2021-12-23,109.12,107.05,104.3,27.11,2.07,2.75,1.9366,-106.89,32.7944,33.4348,0.8267,-0.5218,-1.4856,-1.0402,1.0448
2021-12-27,112.28,109.83,106.72,29.6,2.45,3.11,1.9637,-124.76,34.0304,33.0829,0.8698,-0.0136,-1.3047,-1.2397,1.2717
2021-12-28,110.05,108.04,105.31,29.19,2.01,2.73,1.9446,-103.36,34.4096,33.2576,0.8483,-0.1045,-1.3815,-0.9814,0.9895
2021-12-29,112.99,110.37,107.32,30.91,2.62,3.05,1.9698,-133.01,35.3944,33.6618,0.8733,0.2487,-1.273,-1.317,1.3578
2021-12-30,114.34,111.44,108.19,31.34,2.9,3.25,1.9814,-146.36,35.5814,32.8875,0.8808,0.3332,-1.2346,-1.4594,1.5174
2021-12-31,112.6,110.48,107.88,30.84,2.12,2.6,1.9665,-107.81,35.5005,32.82,0.8687,0.2227,-1.2736,-1.0032,1.0266
2022-01-03,113.23,110.91,108.5,30.66,2.32,2.41,1.9719,-117.65,35.2449,32.8242,0.8699,0.1804,-1.2588,-1.1087,1.141
2022-01-04,116.39,113.65,110.5,31.27,2.74,3.15,1.999,-137.07,35.9727,33.2348,0.8693,0.3045,-1.2514,-1.3226,1.3879
2022-01-05,116.28,113.61,110.44,31.5,2.67,3.17,1.9981,-133.63,35.7943,33.1932,0.88,0.3479,-1.2,-1.272,1.3332
2022-01-06,114.72,112.28,109.41,29.72,2.44,2.87,1.9847,-122.94,35.3238,32.6397,0.8414,-0.0351,-1.341,-1.1393,1.1823
2022-01-07,115.12,112.88,110.28,28.87,2.24,2.6,1.9881,-112.67,35.3513,32.2155,0.8167,-0.2208,-1.4253,-1.0127,1.0513
2022-01-10,115.22,113.07,110.68,28.99,2.15,2.39,1.989,-108.09,34.157,31.6434,0.8487,-0.1992,-1.289,-0.9525,0.9884
2022-01-11,116.02,113.89,111.61,29.15,2.13,2.28,1.9958,-106.72,34.2224,31.6645,0.8518,-0.1692,-1.2663,-0.9294,0.9685
2022-01-12,117.64,114.98,112.51,29.48,2.66,2.47,2.0097,-132.36,31.832,31.757,0.9261,-0.1026,-0.9693,-1.2146,1.2819
2022-01-13,116.84,114.47,112.14,27.66,2.37,2.33,2.0029,-118.33,23.9093,31.7797,1.1569,-0.4987,-0.0671,-1.0449,1.096
2022-01-14,119.7,116.34,113.36,29.07,3.36,2.98,2.0274,-165.73,24.4732,31.7035,1.1878,-0.1999,0.0564,-1.5746,1.6828
2022-01-18,121.08,117.71,114.66,31.32,3.37,3.05,2.0393,-165.25,24.5497,30.4326,1.2758,0.2823,0.4036,-1.5544,1.6719
2022-01-19,123.95,120.45,117.31,32.37,3.5,3.14,2.0639,-169.58,24.3225,30.5317,1.3309,0.5045,0.6209,-1.5885,1.7325
2022-01-20,122.87,119.67,116.87,30.56,3.2,2.8,2.0546,-155.75,24.4425,30.6147,1.2503,0.1048,0.3094,-1.4184,1.5372
2022-01-21,120.75,117.98,115.44,29.14,2.77,2.54,2.0364,-136.02,25.2758,30.8737,1.1529,-0.2121,-0.07,-1.1847,1.2683
2022-01-24,120.38,117.79,115.22,30.05,2.59,2.57,2.0333,-127.38,25.3154,30.7343,1.187,-0.0177,0.0675,-1.078,1.151
2022-01-25,120.92,118.44,115.76,28.9,2.48,2.68,2.0379,-121.69,25.217,30.2153,1.1461,-0.2774,-0.0898,-1.0054,1.0764
2022-01-26,122.33,119.92,116.92,28.56,2.41,3.0,2.05,-117.56,25.3037,30.2398,1.1287,-0.3588,-0.1549,-0.9509,1.0263
2022-01-27,121.63,119.36,116.51,28.5,2.27,2.85,2.044,-111.06,25.19,29.0047,1.1314,-0.3789,-0.1417,-0.87,0.9348
2022-01-28,123.76,120.84,117.87,29.03,2.92,2.97,2.0623,-141.59,25.3947,28.8415,1.1432,-0.2669,-0.0923,-1.2078,1.3142
2022-01-31,127.57,123.07,119.66,31.99,4.5,3.41,2.095,-214.8,24.8321,29.3603,1.2883,0.394,0.4863,-2.018,2.2324
2022-02-01,127.33,123.89,120.57,31.9,3.44,3.32,2.0929,-164.37,23.5881,29.033,1.3524,0.3702,0.7492,-1.435,1.5867
2022-02-02,126.33,123.03,119.86,30.27,3.3,3.17,2.0843,-158.33,23.0051,29.0929,1.3158,0.002,0.614,-1.3557,1.4905
2022-02-03,127.62,124.73,121.58,30.7,2.89,3.15,2.0954,-137.92,22.8359,29.1365,1.3444,0.1014,0.7516,-1.116,1.2371
2022-02-04,126.74,123.99,120.96,30.18,2.75,3.03,2.0879,-131.71,22.9716,28.8047,1.3138,-0.0182,0.6305,-1.0376,1.145
2022-02-07,125.57,123.0,120.29,31.52,2.57,2.71,2.0778,-123.69,23.3383,28.8477,1.3506,0.281,0.7864,-0.9393,1.0301
2022-02-08,127.15,124.04,121.32,31.61,3.11,2.72,2.0914,-148.7,22.3551,28.9409,1.414,0.3002,1.0507,-1.2137,1.3401
2022-02-09,126.43,123.8,121.16,31.73,2.63,2.64,2.0852,-126.13,21.3687,28.9238,1.4849,0.3237,1.3346,-0.9502,1.047
2022-02-10,125.66,123.2,120.51,31.21,2.46,2.69,2.0786,-118.35,20.555,28.9604,1.5184,0.204,1.4621,-0.8547,0.9385
2022-02-11,125.28,122.91,120.12,30.36,2.37,2.79,2.0753,-114.2,20.4837,28.9697,1.4822,0.0101,1.3059,-0.8007,0.8778
2022-02-14,122.93,120.61,117.89,30.13,2.32,2.72,2.0551,-112.89,20.7889,29.1149,1.4493,-0.0423,1.1671,-0.7792,0.8411
2022-02-15,123.04,120.78,118.03,29.26,2.26,2.75,2.0561,-109.92,20.7812,28.8659,1.408,-0.2384,0.9962,-0.7387,0.7986
2022-02-16,121.91,119.49,116.78,28.87,2.42,2.71,2.0464,-118.26,19.6773,28.8078,1.4672,-0.3265,1.2312,-0.8283,0.8879
2022-02-17,121.93,119.52,116.68,28.89,2.41,2.84,2.0466,-117.76,19.6678,28.6779,1.4689,-0.3214,1.2334,-0.8159,0.875
2022-02-18,122.99,121.16,118.13,28.52,1.83,3.03,2.0557,-89.02,19.2345,28.3726,1.4828,-0.4031,1.2847,-0.4764,0.5183
2022-02-22,121.11,120.29,117.42,28.82,0.82,2.87,2.0395,-40.21,19.9026,28.556,1.4481,-0.3338,1.1414,0.0982,-0.1005
2022-02-23,122.4,121.3,118.41,29.67,1.1,2.89,2.0506,-53.64,20.0666,27.8408,1.4786,-0.1413,1.2598,-0.0532,0.0645
2022-02-24,122.59,119.16,116.22,31.52,3.43,2.94,2.0522,-167.14,20.0129,27.8411,1.575,0.2741,1.6317,-1.3768,1.4788
2022-02-25,122.12,118.63,115.34,32.03,3.49,3.29,2.0482,-170.39,19.7441,26.2645,1.6223,0.3863,1.8012,-1.4034,1.5025
2022-02-28,122.57,119.12,115.82,33.08,3.45,3.3,2.0521,-168.12,19.6053,21.7503,1.6873,0.6214,2.0338,-1.3653,1.4652
2022-03-01,122.75,119.22,103.03,33.79,3.53,16.19,2.0536,-171.89,18.3995,21.697,1.8365,0.7773,2.5766,-1.3978,1.5008
2022-03-02,118.54,115.08,100.81,33.86,3.46,14.27,2.0175,-171.5,20.8204,23.0262,1.6263,0.7878,1.7393,-1.3818,1.4458
2022-03-03,119.8,115.86,101.58,33.46,3.94,14.28,2.0283,-194.25,19.8358,22.5277,1.6868,0.6926,1.9512,-1.6336,1.7213
2022-03-04,116.42,113.11,100.65,33.35,3.31,12.46,1.9993,-165.56,21.2818,23.3285,1.5671,0.6629,1.4763,-1.2875,1.3281
2022-03-07,116.94,112.7,101.21,34.5,4.24,11.49,2.0037,-211.61,20.827,23.3335,1.6565,0.9146,1.8008,-1.8081,1.8725
2022-03-08,117.97,113.53,102.07,34.02,4.44,11.46,2.0126,-220.61,21.01,23.3731,1.6192,0.8017,1.6423,-1.8931,1.9713
2022-03-09,117.47,113.21,101.69,33.75,4.26,11.52,2.0083,-212.12,20.9763,23.3818,1.609,0.7366,1.5887,-1.7766,1.8436
2022-03-10,116.86,113.03,101.44,32.89,3.83,11.59,2.003,-191.21,20.6651,23.4104,1.5916,0.5408,1.5093,-1.521,1.5717
2022-03-11,121.03,116.79,104.24,34.34,4.24,12.55,2.0388,-207.97,23.1732,24.2999,1.4819,0.8601,1.0835,-1.699,1.799
2022-03-14,118.77,115.12,102.22,33.86,3.65,12.9,2.0194,-180.75,23.17,24.6734,1.4614,0.7484,0.9976,-1.3741,1.4354
2022-03-15,118.6,115.06,101.75,32.56,3.54,13.31,2.018,-175.42,21.134,23.6294,1.5406,0.4546,1.2897,-1.3024,1.359
2022-03-16,119.8,116.0,102.63,31.9,3.8,13.37,2.0283,-187.35,21.4425,23.1912,1.4877,0.3035,1.0801,-1.4285,1.5012
2022-03-17,121.86,118.1,103.52,33.24,3.76,14.58,2.046,-183.77,22.0599,23.0757,1.5068,0.5979,1.1452,-1.3763,1.4652
2022-03-18,126.86,123.03,105.24,36.29,3.83,17.79,2.0889,-183.35,24.9366,24.1857,1.4553,1.2693,0.9405,-1.3609,1.4944
2022-03-21,130.01,126.21,108.16,36.63,3.8,18.05,2.1159,-179.59,25.849,24.4798,1.4171,1.3336,0.787,-1.3074,1.4645
2022-03-22,130.04,126.29,108.01,34.34,3.75,18.28,2.1162,-177.2,25.6717,24.4861,1.3377,0.817,0.4747,-1.2703,1.4234
2022-03-23,130.03,126.26,108.55,33.14,3.77,17.71,2.1161,-178.16,25.4469,23.9024,1.3023,0.5447,0.332,-1.2721,1.4241
2022-03-24,130.9,127.35,109.25,31.85,3.55,18.1,2.1236,-167.17,25.4276,23.4509,1.2526,0.2584,0.1349,-1.1366,1.2837
2022-03-25,135.9,132.35,111.74,37.16,3.55,20.61,2.1665,-163.86,27.407,24.0299,1.3559,1.4309,0.5315,-1.0902,1.274
2022-03-28,139.07,135.31,111.3,38.72,3.76,24.01,2.1937,-171.4,27.9774,24.3124,1.384,1.7601,0.6353,-1.1696,1.3884
2022-03-29,136.81,133.25,111.04,35.48,3.56,22.21,2.1743,-163.73,27.809,24.3476,1.2758,1.038,0.2072,-1.0726,1.26
2022-03-30,139.84,136.2,112.44,34.89,3.64,23.76,2.2003,-165.43,28.2961,24.6426,1.233,0.9027,0.0345,-1.0852,1.2987
2022-03-31,135.69,132.07,111.28,32.76,3.62,20.79,2.1647,-167.23,29.772,25.0723,1.1004,0.4317,-0.4923,-1.0993,1.2779
2022-04-01,134.55,130.93,110.68,30.43,3.62,20.25,2.1549,-167.99,29.9612,25.1638,1.0156,-0.0808,-0.8314,-1.1011,1.2692
2022-04-04,137.94,134.28,113.76,32.21,3.66,20.52,2.184,-167.58,30.5769,25.3544,1.0534,0.3095,-0.6857,-1.0892,1.2844
2022-04-05,137.53,133.97,114.82,31.4,3.56,19.15,2.1805,-163.27,30.1063,25.3845,1.043,0.1314,-0.7305,-1.0314,1.2162
2022-04-06,135.69,132.6,114.5,31.92,3.09,18.1,2.1647,-142.74,30.4705,25.6041,1.0476,0.2459,-0.7156,-0.7803,0.9257
2022-04-07,133.2,131.4,114.69,31.14,1.8,16.71,2.1433,-83.98,31.1266,25.9546,1.0004,0.0738,-0.9061,-0.0683,0.1371
2022-04-08,132.41,131.06,115.48,29.91,1.35,15.58,2.1365,-63.19,31.1715,25.8951,0.9595,-0.1966,-1.0719,0.1912,-0.1449
2022-04-11,135.29,133.45,117.62,35.76,1.84,15.83,2.1612,-85.14,31.6455,26.1342,1.13,1.0817,-0.3953,-0.0685,0.1491
2022-04-12,138.51,137.45,120.03,35.64,1.06,17.42,2.1889,-48.43,32.1761,26.1111,1.1077,1.0599,-0.484,0.3905,-0.3409
2022-04-13,142.77,141.51,122.18,34.34,1.26,19.33,2.2254,-56.62,30.8428,26.6684,1.1134,0.7762,-0.4615,0.2977,-0.2241
2022-04-14,141.98,140.71,122.48,37.05,1.27,18.23,2.2187,-57.24,30.9977,26.3682,1.1952,1.3619,-0.1385,0.2988,-0.2258
2022-04-18,144.74,143.25,123.47,39.62,1.49,19.78,2.2424,-66.45,29.4643,26.4928,1.3447,1.9032,0.4559,0.1926,-0.0953
2022-04-19,139.68,138.33,120.95,37.73,1.35,17.38,2.1989,-61.39,31.9737,27.3317,1.18,1.4787,-0.2115,0.266,-0.1925
2022-04-20,140.39,138.88,121.02,37.6,1.51,17.86,2.205,-68.48,31.9631,27.3126,1.1764,1.4381,-0.2292,0.1848,-0.0983
2022-04-21,138.59,137.89,120.18,36.89,0.7,17.71,2.1896,-31.97,32.2963,27.4923,1.1422,1.2748,-0.37,0.6653,-0.6301
2022-04-22,139.46,135.85,119.16,35.74,3.61,16.69,2.197,-164.31,32.1362,27.4368,1.1121,1.0219,-0.4924,-1.044,1.2511
2022-04-25,141.41,135.41,118.28,36.81,6.0,17.13,2.2138,-271.03,31.0331,27.4894,1.1862,1.2444,-0.1938,-2.4108,2.7686
2022-04-26,142.53,135.68,118.71,36.68,6.85,16.97,2.2234,-308.09,30.1896,27.339,1.215,1.2123,-0.0782,-2.8511,3.2525
2022-04-27,146.08,140.68,122.39,40.36,5.4,18.29,2.2539,-239.58,30.5673,27.1133,1.3204,1.9786,0.3454,-1.9488,2.2992
2022-04-28,153.08,147.68,125.0,40.84,5.4,22.68,2.3139,-233.37,32.6751,28.5915,1.2499,2.0552,0.0557,-1.8519,2.2711
2022-04-29,152.33,145.63,122.07,40.19,6.7,23.56,2.3075,-290.36,32.7764,28.5493,1.2262,1.8991,-0.0438,-2.5481,3.0305
2022-05-02,150.81,126.19,121.35,42.44,24.62,4.84,2.2945,-1073.0,31.6254,28.6363,1.342,2.3369,0.4226,-9.807,10.5378
2022-05-03,150.08,126.18,120.87,41.09,23.9,5.31,2.2882,-1044.49,31.2549,28.6096,1.3147,2.034,0.3071,-8.1343,8.5497
2022-05-04,154.76,129.78,123.66,40.95,24.98,6.12,2.3284,-1072.84,32.1056,29.0577,1.2755,1.9823,0.1433,-7.3804,7.7793
2022-05-05,148.76,126.44,120.66,39.46,22.32,5.78,2.2769,-980.28,34.6685,30.2987,1.1382,1.6665,-0.4195,-6.141,6.2895
2022-05-06,143.61,123.74,118.34,39.23,19.87,5.4,2.2327,-889.95,36.517,31.2352,1.0743,1.6083,-0.6787,-5.1849,5.1981
2022-05-09,142.93,123.63,118.51,39.98,19.3,5.12,2.2268,-866.71,35.0835,31.2211,1.1396,1.7438,-0.412,-4.7777,4.7762
2022-05-10,142.94,124.17,118.91,39.15,18.77,5.26,2.2269,-842.88,34.494,31.2056,1.135,1.564,-0.4318,-4.425,4.4247
2022-05-11,143.6,124.75,119.59,38.5,18.85,5.16,2.2326,-844.31,34.1136,30.896,1.1286,1.423,-0.4591,-4.2543,4.2647
2022-05-12,145.53,127.67,122.35,37.8,17.86,5.32,2.2491,-794.1,33.7597,30.9722,1.1197,1.2735,-0.5001,-3.8275,3.8698
2022-05-13,145.2,127.99,122.82,36.42,17.21,5.17,2.2463,-766.15,32.444,30.8895,1.1225,0.9926,-0.4939,-3.5601,3.5942
2022-05-16,150.65,132.96,127.25,39.31,17.69,5.71,2.2931,-771.44,33.7743,31.6554,1.1639,1.5492,-0.3289,-3.4868,3.6
2022-05-17,148.46,132.36,126.79,38.12,16.1,5.57,2.2743,-707.91,33.5691,31.8536,1.1356,1.3036,-0.4514,-3.0717,3.1427
2022-05-18,144.47,129.18,124.11,37.38,15.29,5.07,2.24,-682.59,34.63,32.2381,1.0794,1.1488,-0.6902,-2.8767,2.891
2022-05-19,147.7,128.22,123.93,37.11,19.48,4.29,2.2678,-858.98,34.8159,32.4406,1.0659,1.0871,-0.7527,-3.6779,3.7342
2022-05-20,142.27,125.18,120.84,35.44,17.09,4.34,2.2212,-769.4,36.2287,33.4898,0.9782,0.7534,-1.1233,-3.1476,3.1232
2022-05-23,142.75,125.98,121.78,35.61,16.77,4.2,2.2253,-753.61,36.1472,33.4643,0.9851,0.7807,-1.0963,-3.0021,2.9864
2022-05-24,141.54,123.78,119.5,37.75,17.76,4.28,2.2149,-801.84,35.8211,33.5407,1.0538,1.1907,-0.8113,-3.1609,3.1254
2022-05-25,145.16,124.61,119.95,35.58,20.55,4.66,2.246,-914.96,35.917,33.8652,0.9906,0.7596,-1.0782,-3.5947,3.6069
2022-05-26,140.61,124.33,119.54,35.58,16.28,4.79,2.2069,-737.69,36.1126,33.7255,0.9853,0.7537,-1.0997,-2.7143,2.6737
2022-05-27,139.42,122.95,118.73,34.82,16.47,4.22,2.1967,-749.76,36.1585,33.7653,0.963,0.5995,-1.1923,-2.7196,2.6639
2022-05-31,138.98,122.45,118.17,36.51,16.53,4.28,2.1929,-753.8,35.669,33.16,1.0236,0.9256,-0.9355,-2.688,2.6284
2022-06-01,136.06,118.43,114.3,34.01,17.63,4.13,2.1678,-813.27,34.7016,33.5261,0.9801,0.4339,-1.1147,-2.8954,2.7922
2022-06-02,139.11,120.1,115.77,35.49,19.01,4.33,2.194,-866.45,35.3048,33.7445,1.0052,0.7191,-1.0073,-3.0612,2.9965
2022-06-03,138.18,117.9,113.45,34.04,20.28,4.45,2.186,-927.72,35.158,33.77,0.9682,0.4336,-1.158,-3.2448,3.1637
2022-06-06,137.74,119.8,115.11,36.53,17.94,4.69,2.1823,-822.07,35.1162,33.7524,1.0403,0.9165,-0.8529,-2.7421,2.6717
2022-06-07,136.95,119.88,115.33,35.81,17.07,4.55,2.1755,-784.65,34.8818,33.1134,1.0266,0.7753,-0.9047,-2.5416,2.4687
2022-06-08,140.62,122.54,117.74,37.32,18.08,4.8,2.207,-819.21,35.7008,33.1928,1.0454,1.0655,-0.8219,-2.638,2.6088
2022-06-09,146.51,124.93,120.11,43.2,21.58,4.82,2.2575,-955.92,36.9968,34.0895,1.1677,2.1881,-0.3106,-3.1259,3.1701
2022-06-10,145.06,122.36,117.84,33.03,22.7,4.52,2.2451,-1011.09,34.331,34.172,0.9621,0.2205,-1.1602,-3.2655,3.2855
2022-06-13,145.66,122.81,118.21,33.04,22.85,4.6,2.2502,-1015.47,34.3596,34.0505,0.9616,0.2191,-1.1576,-3.2045,3.2308
2022-06-14,143.48,120.65,116.04,33.04,22.83,4.61,2.2315,-1023.08,34.4996,33.346,0.9577,0.2156,-1.1692,-3.1594,3.1521
2022-06-15,143.18,117.92,113.55,33.35,25.26,4.37,2.229,-1133.24,34.4867,33.0244,0.967,0.2712,-1.1279,-3.4796,3.4633
2022-06-16,143.53,119.23,114.88,33.17,24.3,4.35,2.232,-1088.71,33.1344,33.0236,1.0011,0.2323,-0.9854,-3.2315,3.2232
2022-06-17,143.45,118.29,114.15,32.75,25.16,4.14,2.2313,-1127.59,31.2196,33.0248,1.049,0.1469,-0.7851,-3.2883,3.2773
2022-06-21,143.51,113.85,109.67,32.09,29.66,4.18,2.2318,-1328.97,29.5065,33.0089,1.0876,0.015,-0.6242,-3.8742,3.8565
2022-06-22,143.32,108.07,103.67,33.38,35.25,4.4,2.2302,-1580.58,29.4756,32.1505,1.1325,0.2616,-0.4391,-4.5359,4.5066
2022-06-23,136.32,102.01,97.73,36.02,34.31,4.28,2.1701,-1581.03,32.8665,33.463,1.0959,0.7704,-0.5899,-4.348,4.1965
2022-06-24,103.76,98.05,93.52,38.86,5.71,4.53,1.8906,-302.02,85.1572,65.0821,0.4563,1.3144,-3.1496,-0.2392,0.1172
2022-06-27,100.35,94.05,89.52,50.9,6.3,4.53,1.8613,-338.47,85.0819,65.107,0.5982,3.5602,-2.5337,-0.3519,0.1976
2022-06-28,100.12,93.48,89.4,42.29,6.64,4.08,1.8594,-357.1,85.0816,64.9074,0.4971,1.897,-2.876,-0.4072,0.2423
2022-06-29,104.28,97.48,93.4,47.76,6.8,4.08,1.8951,-358.82,85.283,65.5765,0.56,2.874,-2.5838,-0.408,0.261
2022-06-30,103.94,98.84,94.78,41.4,5.1,4.06,1.8922,-269.53,85.3192,65.2955,0.4852,1.6709,-2.8158,-0.116,0.0142
2022-07-01,97.48,93.37,90.9,41.95,4.11,2.47,1.8367,-223.77,86.5589,66.4204,0.4846,1.7555,-2.7637,0.0347,-0.1302
2022-07-05,93.48,89.37,86.9,44.0,4.11,2.47,1.8024,-228.03,86.283,66.8161,0.5099,2.1098,-2.6212,0.0237,-0.1326
2022-07-06,88.61,84.68,82.66,42.56,3.93,2.02,1.7606,-223.22,86.7659,67.4728,0.4905,1.8249,-2.6439,0.0421,-0.1607
2022-07-07,91.88,88.0,85.94,43.13,3.88,2.06,1.7886,-216.93,87.9118,68.0469,0.4906,1.9084,-2.5966,0.0652,-0.1702
2022-07-08,95.63,91.81,89.73,44.69,3.82,2.08,1.8208,-209.8,89.3211,68.4713,0.5003,2.1667,-2.5188,0.091,-0.181
2022-07-11,94.84,90.68,88.6,44.69,4.16,2.08,1.814,-229.33,88.5966,68.1997,0.5044,2.1416,-2.464,0.0303,-0.1343
2022-07-12,90.84,86.68,84.6,44.73,4.16,2.08,1.7797,-233.75,88.8509,68.1756,0.5034,2.1242,-2.4287,0.0187,-0.1367
2022-07-13,87.71,83.83,81.86,44.28,3.88,1.97,1.7528,-221.36,89.0268,68.4068,0.4974,2.0212,-2.4112,0.0616,-0.1792
2022-07-14,83.71,79.85,78.17,49.44,3.86,1.68,1.7185,-224.61,89.3975,68.6178,0.553,2.8886,-2.1896,0.0535,-0.1841
2022-07-15,88.71,84.85,83.17,49.5,3.86,1.68,1.7614,-219.14,91.9769,69.7482,0.5382,2.8446,-2.2083,0.074,-0.1862
2022-07-18,93.0,89.29,87.3,45.3,3.71,1.99,1.7982,-206.32,93.1189,70.6042,0.4865,2.0871,-2.3457,0.1181,-0.2099
2022-07-19,92.38,88.65,86.74,42.25,3.73,1.91,1.7929,-208.04,93.119,70.593,0.4537,1.5444,-2.4163,0.1151,-0.2091
2022-07-20,92.81,88.9,87.06,41.08,3.91,1.84,1.7966,-217.63,93.2214,70.5811,0.4407,1.3309,-2.4205,0.0863,-0.1852
2022-07-21,91.6,87.88,86.11,41.14,3.72,1.77,1.7862,-208.26,93.195,70.4601,0.4414,1.3303,-2.3811,0.1196,-0.2149
2022-07-22,90.89,87.3,85.6,41.69,3.59,1.7,1.7801,-201.67,92.4481,70.3896,0.451,1.4126,-2.3149,0.1436,-0.2358
2022-07-25,91.06,87.36,85.76,41.3,3.7,1.6,1.7816,-207.68,91.0889,70.1004,0.4534,1.3342,-2.2737,0.1264,-0.2219
2022-07-26,94.48,90.74,89.12,40.43,3.74,1.62,1.811,-206.52,92.3545,69.7982,0.4378,1.1751,-2.2887,0.1328,-0.2182
2022-07-27,95.07,91.46,89.87,39.87,3.61,1.59,1.816,-198.79,92.3928,69.8569,0.4315,1.0703,-2.2744,0.1607,-0.2392
2022-07-28,96.21,92.67,91.15,39.29,3.54,1.52,1.8258,-193.89,92.7019,69.9724,0.4238,0.9628,-2.2645,0.1792,-0.2514
2022-07-29,96.74,93.51,92.03,38.31,3.23,1.48,1.8304,-176.46,92.8078,70.0212,0.4128,0.7875,-2.2645,0.2389,-0.2985
2022-08-01,94.06,91.47,90.04,39.47,2.59,1.43,1.8073,-143.31,92.7863,69.6935,0.4254,0.9797,-2.1953,0.3502,-0.3935
2022-08-02,94.81,92.58,91.14,38.39,2.23,1.44,1.8138,-122.95,92.9266,69.4633,0.4131,0.7868,-2.2007,0.4191,-0.4475
2022-08-03,94.43,92.05,90.54,38.31,2.38,1.51,1.8105,-131.46,92.8765,69.2254,0.4125,0.7665,-2.1721,0.3928,-0.4271
2022-08-04,94.62,92.33,90.84,36.65,2.29,1.49,1.8122,-126.37,92.9209,69.2485,0.3944,0.4738,-2.1941,0.4115,-0.4417
2022-08-05,96.13,93.8,92.35,36.32,2.33,1.45,1.8251,-127.66,92.6506,69.3913,0.392,0.4114,-2.1714,0.409,-0.4374
2022-08-08,95.59,93.33,91.97,36.49,2.26,1.36,1.8205,-124.14,49.4782,69.3523,0.7375,0.4359,-1.1641,0.4224,-0.449
2022-08-09,99.07,96.27,94.75,36.41,2.8,1.52,1.8504,-151.32,49.8114,69.7808,0.731,0.417,-1.1733,0.3343,-0.3716
2022-08-10,100.94,98.42,96.91,37.89,2.52,1.51,1.8664,-135.02,50.1138,69.966,0.7561,0.6693,-1.0922,0.3901,-0.4141
2022-08-11,104.59,101.64,99.87,37.79,2.95,1.77,1.8977,-155.45,49.7714,69.9318,0.7593,0.6457,-1.0747,0.3242,-0.3526
2022-08-12,108.59,105.64,103.87,43.17,2.95,1.77,1.9321,-152.68,50.9229,70.4744,0.8478,1.5722,-0.8137,0.335,-0.3541
2022-08-15,113.59,110.64,108.87,46.16,2.95,1.77,1.975,-149.37,48.4689,71.063,0.9524,2.0684,-0.5075,0.3474,-0.3553
2022-08-16,116.85,113.35,110.32,43.06,3.5,3.03,2.003,-174.74,46.7952,71.1713,0.9202,1.5167,-0.5943,0.2647,-0.276
2022-08-17,113.54,110.27,107.02,50.85,3.27,3.25,1.9746,-165.6,44.486,71.018,1.1431,2.8084,0.055,0.2966,-0.3113
2022-08-18,112.7,109.76,106.89,50.83,2.94,2.87,1.9673,-149.44,43.8961,71.0061,1.158,2.7528,0.1032,0.352,-0.3613
2022-08-19,116.01,112.84,109.89,41.55,3.17,2.95,1.9958,-158.83,43.2822,71.3174,0.96,1.1825,-0.468,0.3225,-0.329
2022-08-22,114.14,111.24,108.24,41.95,2.9,3.0,1.9797,-146.49,43.578,71.1142,0.9626,1.2406,-0.4563,0.3653,-0.3703
2022-08-23,112.23,109.07,106.19,41.14,3.16,2.88,1.9633,-160.95,41.621,70.9298,0.9884,1.0965,-0.3777,0.3189,-0.3336
2022-08-24,114.07,111.01,108.1,40.95,3.06,2.91,1.9791,-154.62,39.7234,71.0406,1.0309,1.0572,-0.2511,0.3416,-0.3498
2022-08-25,114.11,110.83,107.82,40.92,3.28,3.01,1.9794,-165.71,36.2027,71.0446,1.1303,1.045,0.0407,0.3062,-0.3189
2022-08-26,117.68,114.37,111.16,41.31,3.31,3.21,2.0101,-164.67,33.8722,71.2832,1.2196,1.1042,0.3022,0.3114,-0.316
2022-08-29,117.16,113.67,110.38,43.07,3.49,3.29,2.0056,-174.01,32.1256,71.0995,1.3407,1.3956,0.6551,0.2819,-0.2911
2022-08-30,112.32,109.27,106.33,42.82,3.05,2.94,1.9641,-155.29,35.0239,71.5519,1.2226,1.3439,0.3172,0.3464,-0.3578
2022-08-31,113.21,110.14,107.37,42.43,3.07,2.77,1.9717,-155.7,35.0215,71.5896,1.2115,1.2691,0.2904,0.3468,-0.3564
2022-09-01,108.21,105.14,102.37,43.17,3.07,2.77,1.9288,-159.17,37.7194,72.102,1.1445,1.3881,0.0989,0.3371,-0.3581
2022-09-02,103.21,100.14,97.79,40.74,3.07,2.35,1.8859,-162.79,40.5661,72.3589,1.0043,0.9616,-0.3093,0.327,-0.3598
2022-09-06,103.55,100.38,98.21,41.09,3.17,2.17,1.8888,-167.83,40.5609,71.7407,1.013,1.016,-0.2776,0.312,-0.3467
2022-09-07,101.62,98.55,96.5,43.02,3.07,2.05,1.8722,-163.98,39.8787,71.7857,1.0788,1.3437,-0.0746,0.3268,-0.3631
2022-09-08,103.84,100.75,98.57,44.28,3.09,2.18,1.8913,-163.38,40.2535,71.9795,1.1,1.5519,-0.0032,0.3307,-0.3618
2022-09-09,104.84,101.45,99.28,43.55,3.39,2.17,1.8999,-178.43,40.2139,72.0188,1.083,1.4132,-0.0468,0.282,-0.3189
2022-09-12,105.71,102.37,100.13,43.23,3.34,2.24,1.9073,-175.12,40.2377,72.0693,1.0744,1.349,-0.0668,0.2952,-0.3281
2022-09-13,102.32,99.01,96.88,42.33,3.31,2.13,1.8782,-176.23,40.5593,72.271,1.0437,1.1843,-0.1547,0.2934,-0.3343
2022-09-14,102.71,99.58,97.43,41.68,3.13,2.15,1.8816,-166.35,40.5315,72.2897,1.0283,1.0643,-0.1966,0.3287,-0.3628
2022-09-15,103.29,100.15,97.88,40.43,3.14,2.27,1.8866,-166.44,40.4896,72.316,0.9985,0.8369,-0.2832,0.3304,-0.363
2022-09-16,99.29,96.15,93.9,43.2,3.14,2.25,1.8522,-169.53,42.3224,72.6447,1.0207,1.3289,-0.2096,0.322,-0.3647
2022-09-19,96.04,93.05,91.03,44.94,2.99,2.02,1.8243,-163.9,43.2708,72.2913,1.0386,1.6364,-0.1489,0.343,-0.3887
2022-09-20,93.33,90.45,88.58,45.89,2.88,1.87,1.8011,-159.9,44.0357,46.4633,1.0421,1.7945,-0.1338,0.3586,-0.4068
2022-09-21,96.92,94.06,91.84,45.41,2.86,2.22,1.8319,-156.12,44.1825,46.6811,1.0278,1.6958,-0.1747,0.3734,-0.4114
2022-09-22,96.54,93.67,91.49,41.71,2.87,2.18,1.8286,-156.95,43.8028,46.6849,0.9522,1.0168,-0.4065,0.3724,-0.4115
2022-09-23,92.54,89.67,87.49,44.43,2.87,2.18,1.7943,-159.95,43.8976,46.6472,1.0121,1.5052,-0.2148,0.3639,-0.4129
2022-09-26,88.37,85.94,84.17,47.75,2.43,1.77,1.7585,-138.19,43.7009,47.5155,1.0927,2.092,0.0409,0.4391,-0.4796
2022-09-27,88.09,85.39,83.64,46.25,2.7,1.75,1.7561,-153.75,40.8693,45.7573,1.1317,1.7982,0.168,0.3875,-0.4402
2022-09-28,88.49,85.85,84.26,48.4,2.64,1.59,1.7595,-150.04,39.5711,44.9976,1.2231,2.1596,0.4602,0.4014,-0.4502
2022-09-29,85.16,82.73,81.33,48.61,2.43,1.4,1.731,-140.38,40.0775,44.3439,1.2129,2.1674,0.4339,0.4357,-0.4827
2022-09-30,85.34,83.45,82.09,48.27,1.89,1.36,1.7325,-109.09,40.2173,43.6775,1.2002,2.0805,0.3989,0.5426,-0.5638
2022-10-03,84.2,82.19,80.78,49.34,2.01,1.41,1.7227,-116.68,38.5594,42.8888,1.2796,2.2398,0.6585,0.5159,-0.545
2022-10-04,88.2,86.19,84.78,49.09,2.01,1.41,1.757,-114.4,41.905,44.0034,1.1715,2.1679,0.3201,0.5236,-0.5447
2022-10-05,83.23,81.74,80.62,51.34,1.49,1.12,1.7144,-86.91,44.2411,44.7098,1.1605,2.5585,0.3005,0.6167,-0.6221
2022-10-06,82.9,81.44,80.3,51.62,1.46,1.14,1.7116,-85.3,43.5825,44.1623,1.1844,2.5866,0.3913,0.6211,-0.6255
2022-10-07,84.23,82.66,81.51,51.68,1.57,1.15,1.723,-91.12,44.1533,43.247,1.1705,2.5731,0.3571,0.6003,-0.608
2022-10-10,88.23,86.66,85.51,51.83,1.57,1.15,1.7573,-89.34,45.616,42.6439,1.1362,2.5698,0.2523,0.6055,-0.6071
2022-10-11,88.86,87.31,85.82,52.82,1.55,1.49,1.7627,-87.93,45.8518,41.5204,1.152,2.6968,0.3139,0.6095,-0.6093
2022-10-12,84.92,83.47,82.32,49.77,1.45,1.15,1.7289,-83.87,46.0582,42.5008,1.0806,2.1605,0.0761,0.6227,-0.6236
2022-10-13,84.79,83.49,82.34,47.73,1.3,1.15,1.7278,-75.24,45.8326,42.4821,1.0414,1.8036,-0.0538,0.6515,-0.6455
2022-10-14,83.15,81.99,81.08,45.65,1.16,0.91,1.7137,-67.69,44.6934,42.5771,1.0214,1.4532,-0.1173,0.6764,-0.6657
2022-10-17,83.09,81.99,81.13,44.01,1.1,0.86,1.7132,-64.21,43.2189,42.558,1.0183,1.1784,-0.1236,0.6871,-0.6736
2022-10-18,82.29,81.44,80.58,40.83,0.85,0.86,1.7063,-49.82,43.108,42.5848,0.9472,0.6553,-0.3628,0.7349,-0.71
2022-10-19,78.29,77.97,77.43,44.85,0.32,0.54,1.672,-19.14,44.7127,42.9372,1.0031,1.3065,-0.1671,0.8374,-0.7878
2022-10-20,77.4,77.26,77.04,44.11,0.14,0.22,1.6644,-8.41,43.7825,42.9253,1.0075,1.178,-0.149,0.8717,-0.813
2022-10-21,79.13,78.55,78.15,45.3,0.58,0.4,1.6792,-34.54,44.41,43.1311,1.02,1.3624,-0.1043,0.7816,-0.746
2022-10-24,76.13,75.74,75.55,47.78,0.39,0.19,1.6534,-23.59,44.8697,43.6937,1.0649,1.7479,0.0508,0.817,-0.7728
2022-10-25,78.47,77.94,77.16,47.95,0.53,0.78,1.6735,-31.67,45.9207,43.9552,1.0442,1.7573,-0.0195,0.7881,-0.7507
2022-10-26,77.82,77.38,76.75,46.1,0.44,0.63,1.668,-26.38,45.7647,43.9083,1.0073,1.4475,-0.1459,0.8046,-0.7629
2022-10-27,75.11,74.81,74.53,46.8,0.3,0.28,1.6447,-18.24,46.1508,44.4001,1.0141,1.5451,-0.1218,0.8305,-0.7823
2022-10-28,72.11,72.07,72.3,48.84,0.04,-0.23,1.6189,-2.47,46.221,45.0213,1.0567,1.8493,0.0253,0.8818,-0.8193
2022-10-31,72.0,71.64,71.85,46.95,0.36,-0.21,1.618,-22.25,45.7849,44.8261,1.0254,1.5364,-0.0819,0.8118,-0.769
2022-11-01,75.0,74.64,74.85,43.66,0.36,-0.21,1.6438,-21.9,47.6635,45.7906,0.916,1.0145,-0.4545,0.8091,-0.7655
2022-11-02,79.0,78.64,78.85,46.67,0.36,-0.21,1.6781,-21.45,48.9902,46.5069,0.9526,1.4748,-0.3263,0.8077,-0.7629
2022-11-03,83.0,82.17,82.0,47.07,0.83,0.17,1.7124,-48.47,51.6295,47.554,0.9117,1.5238,-0.4646,0.7145,-0.6911
2022-11-04,86.93,85.67,84.63,45.95,1.26,1.04,1.7461,-72.16,52.4481,47.9772,0.8761,1.3386,-0.5845,0.633,-0.6256
2022-11-07,87.49,85.83,85.07,47.1,1.66,0.76,1.751,-94.8,50.8004,47.2708,0.9272,1.5034,-0.4066,0.5555,-0.5649
2022-11-08,87.68,85.74,84.84,47.15,1.94,0.9,1.7526,-110.69,50.798,46.1918,0.9282,1.4987,-0.4003,0.5012,-0.5224
2022-11-09,86.5,84.73,83.79,45.76,1.77,0.94,1.7425,-101.58,50.9232,45.7237,0.8986,1.2767,-0.4984,0.5302,-0.5459
2022-11-10,86.38,84.56,83.97,43.92,1.82,0.59,1.7414,-104.51,49.6629,45.4604,0.8844,0.9893,-0.5436,0.5191,-0.5372
2022-11-11,88.2,86.33,85.56,39.69,1.87,0.77,1.757,-106.43,50.0123,45.7526,0.7936,0.3408,-0.8496,0.5119,-0.5289
2022-11-14,85.28,83.62,82.5,39.41,1.66,1.12,1.732,-95.84,50.8595,45.6211,0.7749,0.2944,-0.9087,0.5468,-0.5593
2022-11-15,88.74,86.97,85.84,42.64,1.77,1.13,1.7617,-100.47,50.3718,46.4744,0.8465,0.7824,-0.6603,0.5305,-0.5421
2022-11-16,88.44,86.76,85.87,42.23,1.68,0.89,1.7591,-95.5,47.2803,46.3994,0.8932,0.7138,-0.4981,0.5464,-0.5545
2022-11-17,87.04,85.28,84.39,41.46,1.76,0.89,1.7471,-100.74,47.5393,46.269,0.8721,0.591,-0.5668,0.5282,-0.542
2022-11-18,85.16,83.78,83.07,42.21,1.38,0.71,1.731,-79.72,47.8114,46.3927,0.8828,0.6995,-0.5292,0.598,-0.5973
2022-11-21,81.16,79.78,79.15,44.33,1.38,0.63,1.6966,-81.34,47.7509,46.6186,0.9284,1.017,-0.3733,0.5916,-0.5962
2022-11-22,83.22,82.42,81.77,43.33,0.8,0.65,1.7143,-46.67,48.3538,47.0561,0.8961,0.8565,-0.4833,0.7069,-0.6811
2022-11-23,83.94,82.9,82.2,42.56,1.04,0.7,1.7205,-60.45,46.6677,46.5223,0.912,0.7314,-0.4284,0.658,-0.643
2022-11-25,81.34,80.18,79.53,42.66,1.16,0.65,1.6982,-68.31,47.5299,46.7603,0.8975,0.7406,-0.477,0.6291,-0.6228
2022-11-28,80.2,78.95,78.39,43.86,1.25,0.56,1.6884,-74.03,47.3758,46.0632,0.9258,0.9197,-0.3785,0.6073,-0.607
2022-11-29,81.6,80.61,80.03,41.63,0.99,0.58,1.7004,-58.22,47.6789,45.4269,0.8731,0.5673,-0.5557,0.6569,-0.6423
2022-11-30,86.05,84.61,84.03,42.7,1.44,0.58,1.7386,-82.83,50.0532,46.8878,0.8531,0.728,-0.6214,0.5719,-0.5735
2022-12-01,84.85,84.15,83.37,40.81,0.7,0.78,1.7283,-40.5,47.8928,46.8296,0.8521,0.4284,-0.6254,0.7124,-0.6817
2022-12-02,83.2,82.56,81.99,40.29,0.64,0.57,1.7141,-37.34,48.1612,46.6661,0.8366,0.3432,-0.6772,0.7224,-0.69
2022-12-05,83.86,83.23,82.59,40.68,0.63,0.64,1.7198,-36.63,47.8312,46.647,0.8505,0.3993,-0.6288,0.7241,-0.6909
2022-12-06,84.59,84.18,83.66,41.38,0.41,0.52,1.7261,-23.75,46.2834,46.6515,0.8941,0.5041,-0.4796,0.7661,-0.7224
2022-12-07,81.83,81.69,81.4,41.37,0.14,0.29,1.7024,-8.22,46.7461,46.6669,0.885,0.4972,-0.5107,0.8166,-0.761
2022-12-09,80.95,80.9,80.66,42.29,0.05,0.24,1.6948,-2.95,45.515,46.6407,0.9291,,,0.8314,-0.772
2022-12-12,79.39,79.48,79.41,46.75,-0.09,0.07,1.6814,5.35,44.1542,46.1689,1.0588,,,0.8574,-0.7913
2022-12-13,81.63,81.67,81.57,47.49,-0.04,0.1,1.7007,2.35,44.6969,46.1967,1.0625,,,0.8459,-0.7827
2022-12-14,81.37,81.43,81.37,45.3,-0.06,0.06,1.6984,3.53,43.3623,45.8803,1.0447,,,0.8483,-0.7844
2022-12-15,81.03,81.24,81.25,43.75,-0.21,-0.01,1.6955,12.39,40.7994,45.1161,1.0723,,,0.8758,-0.8049
2022-12-16,81.92,82.08,82.03,38.52,-0.16,0.05,1.7031,9.39,38.2666,45.2054,1.0066,,,0.8637,-0.7959
2022-12-19,84.08,83.96,83.75,38.77,0.12,0.21,1.7217,-6.97,36.5306,44.8177,1.0613,,,0.808,-0.7537
2022-12-20,87.84,87.15,86.49,39.36,0.69,0.66,1.754,-39.34,38.7348,44.7894,1.0161,,,0.6998,-0.6695
2022-12-21,88.3,87.63,86.77,38.77,0.67,0.86,1.7579,-38.11,38.7589,44.7978,1.0003,,,0.7027,-0.6714
2022-12-22,84.3,83.85,83.51,39.28,0.45,0.34,1.7236,-26.11,40.8812,45.7831,0.9608,,,0.7408,-0.7022
2022-12-23,85.21,85.18,84.91,38.58,0.03,0.27,1.7314,-1.73,41.0183,45.1646,0.9406,,,0.8193,-0.7617
2022-12-27,84.24,84.13,83.91,38.88,0.11,0.22,1.7231,-6.38,40.6268,45.2231,0.957,,,0.8017,-0.7481
2022-12-28,83.26,83.3,83.2,38.73,-0.04,0.1,1.7146,2.33,39.6029,45.2027,0.978,,,0.8283,-0.7682
2022-12-29,82.64,82.73,82.63,38.09,-0.09,0.1,1.7093,5.27,37.7197,44.1672,1.0098,,,0.8352,-0.7733
2022-12-30,83.37,83.45,83.38,38.24,-0.08,0.07,1.7156,4.66,37.8562,42.5838,1.0101,,,0.8303,-0.7693
2023-01-03,83.14,83.1,82.98,39.27,0.04,0.12,1.7136,-2.33,37.625,42.5797,1.0437,,,0.8052,-0.7502
2023-01-04,80.44,80.52,80.46,40.04,-0.08,0.06,1.6904,4.73,38.283,42.9798,1.0459,,,0.826,-0.7656
2023-01-05,82.58,82.62,82.56,39.49,-0.04,0.06,1.7088,2.34,36.5092,42.2274,1.0816,,,0.8154,-0.7575
2023-01-06,85.68,85.65,85.53,39.38,0.03,0.12,1.7354,-1.73,37.3463,42.9089,1.0545,,,0.7996,-0.7452
2023-01-09,86.22,86.14,85.96,39.85,0.08,0.18,1.7401,-4.6,37.311,41.9021,1.068,,,0.7879,-0.736
2023-01-10,84.76,84.84,84.76,38.59,-0.08,0.08,1.7275,4.63,36.4499,42.0513,1.0587,,,0.8158,-0.7573
2023-01-11,84.26,84.39,84.36,38.25,-0.13,0.03,1.7232,7.54,36.2239,41.8734,1.0559,,,0.823,-0.7626
2023-01-12,82.04,82.27,82.35,37.35,-0.23,-0.08,1.7042,13.5,36.8114,42.2353,1.0146,,,0.8401,-0.775
2023-01-13,82.29,82.6,82.87,34.66,-0.31,-0.27,1.7063,18.17,33.2442,42.194,1.0426,,,0.8524,-0.7841
2023-01-17,82.82,83.08,83.3,35.55,-0.26,-0.22,1.7109,15.2,33.1014,40.912,1.074,,,0.8401,-0.7747
2023-01-18,84.81,85.18,85.4,36.55,-0.37,-0.22,1.728,21.41,33.3439,41.0924,1.0962,,,0.8567,-0.7876
2023-01-19,83.39,83.86,84.18,34.67,-0.47,-0.32,1.7158,27.39,33.6473,41.0352,1.0304,,,0.8725,-0.7988
2023-01-20,86.7,87.06,87.22,34.99,-0.36,-0.16,1.7442,20.64,35.4346,40.9234,0.9875,,,0.847,-0.78
2023-01-23,87.39,87.79,88.06,35.89,-0.4,-0.27,1.7501,22.86,33.9807,40.5221,1.0562,,,0.8508,-0.7828
2023-01-24,86.24,86.78,87.23,34.31,-0.54,-0.45,1.7402,31.03,34.0261,40.5872,1.0083,,,0.8739,-0.8001
2023-01-25,86.66,87.24,87.71,33.4,-0.58,-0.47,1.7438,33.26,34.0339,39.8449,0.9814,,,0.8779,-0.8032
2023-01-26,87.5,88.02,88.34,32.44,-0.52,-0.32,1.751,29.7,33.4595,38.8401,0.9695,,,0.8635,-0.7922
2023-01-27,86.89,87.45,87.8,30.99,-0.56,-0.35,1.7458,32.08,32.7509,38.8848,0.9462,,,0.8682,-0.7954
2023-01-30,85.1,85.74,86.19,32.76,-0.64,-0.45,1.7304,36.99,33.3897,38.3817,0.9811,,,0.881,-0.8044
2023-01-31,86.22,86.95,87.46,31.53,-0.73,-0.51,1.7401,41.95,33.509,37.0278,0.9409,,,0.8934,-0.8142
2023-02-01,85.61,86.34,86.93,30.51,-0.73,-0.59,1.7348,42.08,33.5024,35.69,0.9107,,,0.8891,-0.8102
2023-02-02,86.39,87.1,87.72,31.86,-0.71,-0.62,1.7415,40.77,32.7749,34.446,0.9721,,,0.881,-0.8041
2023-02-03,85.43,86.11,86.72,32.27,-0.68,-0.61,1.7333,39.23,30.3087,34.4924,1.0647,,,0.8724,-0.7966
2023-02-06,83.27,84.11,84.85,37.18,-0.84,-0.74,1.7147,48.99,31.0727,34.8718,1.1965,,,0.8999,-0.8163
2023-02-07,85.63,86.38,87.06,39.44,-0.75,-0.68,1.735,43.23,29.2556,35.2617,1.3481,,,0.8781,-0.8007
2023-02-08,85.37,86.0,86.64,36.5,-0.63,-0.64,1.7328,36.36,29.1097,35.2657,1.2539,,,0.8531,-0.7811
2023-02-09,85.5,85.94,86.45,32.89,-0.44,-0.51,1.7339,25.38,28.9061,34.9944,1.1378,,,0.815,-0.7514
2023-02-10,85.27,85.58,86.07,28.8,-0.31,-0.49,1.7319,17.9,28.6929,34.3103,1.0037,,,0.7885,-0.7307
2023-02-13,85.64,85.79,86.22,27.83,-0.15,-0.43,1.7351,8.65,28.6011,33.3098,0.973,,,0.7568,-0.7061
2023-02-14,85.4,85.7,86.16,28.21,-0.3,-0.46,1.733,17.31,28.5305,33.3079,0.9888,,,0.7819,-0.7252
2023-02-15,82.55,82.87,83.6,30.64,-0.32,-0.73,1.7086,18.73,30.2484,33.8618,1.0129,,,0.784,-0.726
2023-02-16,81.25,82.0,82.76,31.25,-0.75,-0.76,1.6974,44.19,29.0173,33.726,1.0769,,,0.8618,-0.7842
2023-02-17,80.25,81.5,82.35,30.7,-1.25,-0.85,1.6888,74.02,28.1664,32.3515,1.09,,,0.9524,-0.8515
2023-02-21,80.92,81.53,82.37,31.23,-0.61,-0.84,1.6946,36.0,25.9664,31.9729,1.2027,,,0.8293,-0.7591
2023-02-22,82.25,81.88,82.52,31.27,0.37,-0.64,1.706,-21.69,26.3997,32.1047,1.1845,,,0.6459,-0.6202
2023-02-23,82.41,82.16,82.63,29.96,0.25,-0.47,1.7074,-14.64,26.0014,31.4446,1.1522,,,0.6677,-0.6367
2023-02-24,85.13,84.9,85.08,29.64,0.23,-0.18,1.7307,-13.29,27.6883,31.9825,1.0705,,,0.6712,-0.6388
2023-02-27,85.0,84.8,85.07,29.14,0.2,-0.27,1.7296,-11.56,26.4871,31.8046,1.1002,,,0.6742,-0.6407
2023-02-28,84.19,84.03,84.46,28.08,0.16,-0.43,1.7226,-9.29,26.6619,29.9311,1.0532,,,0.6787,-0.644
2023-03-01,85.66,86.01,85.27,28.84,-0.35,0.74,1.7352,20.17,27.0468,30.0087,1.0663,,,0.7683,-0.7127
2023-03-02,83.71,84.41,83.75,28.85,-0.7,0.66,1.7185,40.73,27.0447,30.112,1.0668,,,0.8293,-0.7586
2023-03-03,84.17,84.79,84.26,28.75,-0.62,0.53,1.7225,35.99,26.6363,30.0893,1.0794,,,0.8108,-0.7443
2023-03-06,84.71,85.44,85.14,28.84,-0.73,0.3,1.7271,42.27,24.0847,30.0652,1.1974,,,0.8264,-0.7563
2023-03-07,82.77,83.58,83.53,29.18,-0.81,0.05,1.7104,47.36,24.7845,29.6606,1.1773,,,0.8386,-0.7643
2023-03-08,82.62,83.25,83.21,27.86,-0.63,0.04,1.7092,36.86,24.5464,29.5542,1.135,,,0.8016,-0.7357
2023-03-09,82.18,82.89,83.07,27.52,-0.71,-0.18,1.7054,41.63,24.4973,29.5766,1.1234,,,0.8122,-0.7432
2023-03-10,78.18,78.94,80.25,30.01,-0.76,-1.31,1.671,45.48,27.9251,31.0635,1.0747,,,0.8199,-0.7466
2023-03-13,81.18,81.65,82.26,33.41,-0.47,-0.61,1.6968,27.7,30.3665,31.5052,1.1002,,,0.7609,-0.7032
2023-03-14,81.37,81.93,82.66,31.01,-0.56,-0.73,1.6984,32.97,29.875,31.5024,1.038,,,0.7734,-0.7123
2023-03-15,79.11,79.81,80.95,33.33,-0.7,-1.14,1.679,41.69,30.5117,32.0176,1.0924,,,0.7968,-0.7286
2023-03-16,79.16,79.7,80.63,32.55,-0.54,-0.93,1.6795,32.15,30.5008,31.9315,1.0672,,,0.7637,-0.7035
2023-03-17,77.83,78.44,79.51,32.33,-0.61,-1.07,1.668,36.57,30.5669,31.6156,1.0577,,,0.7738,-0.7101
2023-03-20,77.22,77.7,78.81,34.22,-0.48,-1.11,1.6628,28.87,30.5095,30.2137,1.1216,,,0.7465,-0.6891
2023-03-21,77.85,78.45,79.54,33.48,-0.6,-1.09,1.6682,35.97,29.9338,30.2498,1.1185,,,0.7649,-0.7026
2023-03-22,78.28,78.89,79.81,31.55,-0.61,-0.92,1.6719,36.49,28.6459,28.8434,1.1014,,,0.7629,-0.7009
2023-03-23,77.58,78.19,79.26,30.53,-0.61,-1.07,1.6659,36.62,28.6985,28.7768,1.0638,,,0.7599,-0.6978
2023-03-24,76.54,77.17,78.4,30.88,-0.63,-1.23,1.657,38.02,28.8141,28.8099,1.0717,,,0.7607,-0.6975
2023-03-27,79.52,79.99,80.75,31.51,-0.47,-0.76,1.6825,27.93,31.2694,29.8582,1.0077,,,0.7264,-0.6727
2023-03-28,82.52,82.97,83.28,31.19,-0.45,-0.31,1.7083,26.34,33.2482,30.8091,0.9381,,,0.7185,-0.6672
2023-03-29,82.76,83.2,83.25,29.58,-0.44,-0.05,1.7104,25.72,33.2659,30.7607,0.8892,,,0.7135,-0.663
2023-03-30,83.5,83.87,83.88,30.74,-0.37,-0.01,1.7167,21.55,31.8728,30.8108,0.9645,,,0.6978,-0.6507
2023-03-31,82.78,83.1,83.42,29.17,-0.32,-0.32,1.7105,18.71,31.6207,30.0896,0.9225,,,0.6862,-0.6411
2023-04-03,82.38,82.64,82.92,30.42,-0.26,-0.28,1.7071,15.23,31.4261,29.623,0.968,,,0.6727,-0.6303
2023-04-04,81.05,81.38,81.74,30.12,-0.33,-0.36,1.6957,19.46,31.7269,28.7861,0.9494,,,0.6827,-0.6373
2023-04-05,81.07,81.29,81.62,28.85,-0.22,-0.33,1.6959,12.97,31.3514,28.7481,0.9202,,,0.6601,-0.6196
2023-04-06,83.2,83.47,83.24,29.87,-0.27,0.23,1.7141,15.75,32.2702,29.0719,0.9256,,,0.6659,-0.6239
2023-04-10,82.45,82.73,82.63,34.99,-0.28,0.1,1.7077,16.4,30.8895,29.1048,1.1327,,,0.6654,-0.623
2023-04-11,82.75,82.91,82.9,34.79,-0.16,0.01,1.7103,9.36,30.919,28.5918,1.1252,,,0.6424,-0.6052
2023-04-12,82.45,82.39,82.43,33.99,0.06,-0.04,1.7077,-3.51,30.8218,28.5956,1.1028,,,0.6022,-0.5743
2023-04-13,83.35,83.19,82.88,35.62,0.16,0.31,1.7154,-9.33,30.5498,28.6523,1.166,,,0.5832,-0.5595
2023-04-14,82.86,82.93,82.8,30.72,-0.07,0.13,1.7112,4.09,29.868,28.249,1.0285,,,0.6233,-0.5901
2023-04-17,83.3,83.28,82.88,29.7,0.02,0.4,1.715,-1.17,29.8649,28.0608,0.9945,,,0.6064,-0.577
2023-04-18,84.55,84.83,84.21,30.31,-0.28,0.62,1.7257,16.23,30.132,27.0503,1.0059,,,0.6582,-0.6168
2023-04-19,83.24,83.65,83.5,29.8,-0.41,0.15,1.7145,23.91,29.7053,27.1701,1.0032,,,0.6801,-0.6331
2023-04-20,79.24,80.09,80.58,30.71,-0.85,-0.49,1.6801,50.59,32.9833,28.8251,0.9311,,,0.7594,-0.6914
2023-04-21,78.41,80.15,80.38,29.89,-1.74,-0.23,1.673,104.0,33.0715,28.8547,0.9038,,,0.9185,-0.81
2023-04-24,78.98,80.69,81.28,29.65,-1.71,-0.59,1.6779,101.91,29.7996,28.8186,0.995,,,0.9095,-0.8039
2023-04-25,77.0,78.62,79.37,29.9,-1.62,-0.75,1.6609,97.54,28.5136,29.2067,1.0486,,,0.8917,-0.7879
2023-04-26,76.51,78.36,79.16,29.77,-1.85,-0.8,1.6567,111.67,28.5166,28.9586,1.044,,,0.9284,-0.8139
2023-04-27,78.63,80.4,80.62,29.98,-1.77,-0.22,1.6749,105.68,28.6365,29.4146,1.0469,,,0.904,-0.7976
2023-04-28,79.03,80.8,81.1,28.51,-1.77,-0.3,1.6783,105.46,28.6766,29.4221,0.9942,,,0.8978,-0.7928
2023-05-01,81.31,81.21,81.13,28.11,0.1,0.08,1.6979,-5.89,29.3625,29.9772,0.9573,,,0.559,-0.5368
2023-05-02,80.37,80.49,80.41,27.87,-0.12,0.08,1.6898,7.1,29.4863,29.9839,0.9452,,,0.5942,-0.5627
2023-05-03,78.76,79.04,79.07,27.81,-0.28,-0.03,1.676,16.71,30.0587,29.8155,0.9252,,,0.6185,-0.5796
2023-05-04,81.76,81.4,81.16,29.03,0.36,0.24,1.7018,-21.15,31.8941,30.2651,0.9102,,,0.4972,-0.4861
2023-05-05,83.9,83.24,83.01,29.33,0.66,0.23,1.7201,-38.37,32.4954,30.7474,0.9026,,,0.4377,-0.4384
2023-05-08,83.3,83.0,82.9,28.37,0.3,0.1,1.715,-17.49,32.274,30.7772,0.879,,,0.4974,-0.4835
2023-05-09,80.99,81.01,81.12,28.54,-0.02,-0.11,1.6952,1.18,31.6756,31.2938,0.901,,,0.551,-0.5235
2023-05-10,80.76,80.76,80.81,28.57,0.0,-0.05,1.6932,-0.0,29.7407,31.2775,0.9606,,,0.5413,-0.5146
2023-05-11,79.62,79.6,79.75,28.74,0.02,-0.15,1.6834,-1.19,29.9725,31.3932,0.9589,,,0.5314,-0.5056
2023-05-12,80.53,80.15,80.22,27.68,0.38,-0.07,1.6912,-22.47,30.0536,30.7392,0.921,,,0.4554,-0.446
2023-05-15,82.37,81.78,81.73,28.19,0.59,0.05,1.707,-34.56,30.7373,30.9232,0.9171,,,0.409,-0.4081
2023-05-16,83.38,82.5,82.3,27.91,0.88,0.2,1.7157,-51.29,30.9079,30.9051,0.903,,,0.3466,-0.3577
2023-05-17,86.94,83.89,83.61,30.57,3.05,0.28,1.7462,-174.66,32.7161,32.0033,0.9344,,,-0.0765,-0.019
2023-05-18,86.66,83.72,83.44,27.85,2.94,0.28,1.7438,-168.6,32.7509,31.8595,0.8504,,,-0.0637,-0.0281
2023-05-19,86.72,83.89,83.62,27.29,2.83,0.27,1.7443,-162.24,31.9706,31.8588,0.8536,,,-0.0493,-0.0378
2023-05-22,85.32,83.38,83.19,27.27,1.94,0.19,1.7323,-111.99,32.2428,31.3545,0.8458,,,0.1145,-0.1679
2023-05-23,84.35,82.44,82.31,27.32,1.91,0.13,1.724,-110.79,32.4367,31.4412,0.8423,,,0.1106,-0.1647
2023-05-24,81.72,80.28,80.27,28.31,1.44,0.01,1.7014,-84.64,33.7493,32.0453,0.8388,,,0.1949,-0.2322
2023-05-25,80.12,78.5,78.64,30.73,1.62,-0.14,1.6877,-95.99,34.0361,32.0663,0.9029,,,0.1464,-0.1952
2023-05-26,83.35,80.54,80.66,29.05,2.81,-0.12,1.7154,-163.81,35.9944,32.7947,0.8071,,,-0.109,0.0104
2023-05-30,83.99,80.21,80.22,32.22,3.78,-0.01,1.7209,-219.65,36.0298,32.8134,0.8943,,,-0.3228,0.1813
2023-05-31,83.48,79.47,79.56,31.92,4.01,-0.09,1.7165,-233.61,35.8025,32.8086,0.8916,,,-0.3855,0.2305
2023-06-01,86.42,81.58,81.49,31.25,4.84,0.09,1.7418,-277.87,36.8935,33.2186,0.847,,,-0.5625,0.383
2023-06-02,86.05,81.85,81.65,28.77,4.2,0.2,1.7386,-241.57,33.71,33.2305,0.8535,,,-0.4406,0.2864
2023-06-05,84.79,81.42,81.21,30.39,3.37,0.21,1.7278,-195.05,33.8763,33.359,0.8971,,,-0.2784,0.1558
2023-06-06,85.34,81.78,81.48,32.73,3.56,0.3,1.7325,-205.48,33.8678,31.678,0.9664,,,-0.3362,0.205
2023-06-07,85.01,81.23,81.02,36.9,3.78,0.21,1.7297,-218.54,32.8835,30.782,1.1221,,,-0.4031,0.2587
2023-06-08,84.31,81.63,81.46,30.21,2.68,0.17,1.7237,-155.48,32.9362,30.8356,0.9172,,,-0.1634,0.0692
2023-06-09,84.04,81.82,81.61,22.41,2.22,0.21,1.7213,-128.97,32.1753,30.2602,0.6965,,,-0.0681,-0.0045
2023-06-12,83.49,81.32,81.36,21.65,2.17,-0.04,1.7166,-126.41,32.2622,30.2999,0.6711,,,-0.0729,0.0006
2023-06-13,82.72,81.02,81.11,21.32,1.7,-0.09,1.71,-99.42,31.3989,30.1474,0.679,,,0.0266,-0.0768
2023-06-14,81.79,80.11,80.18,22.08,1.68,-0.07,1.702,-98.71,31.3882,30.1989,0.7034,,,0.0143,-0.0663
2023-06-15,80.64,79.6,79.71,22.18,1.04,-0.11,1.6922,-61.46,31.086,30.3181,0.7135,,,0.1706,-0.1884
2023-06-16,81.46,80.1,80.2,21.7,1.36,-0.1,1.6992,-80.04,29.2467,30.3647,0.742,,,0.0678,-0.1043
2023-06-20,80.66,80.7,80.79,21.38,-0.04,-0.09,1.6923,2.36,28.3085,30.3773,0.7553,,,0.4725,-0.4237
2023-06-21,79.31,80.52,80.7,21.02,-1.21,-0.18,1.6807,71.99,28.621,30.4524,0.7344,,,0.8549,-0.7271
2023-06-22,79.29,80.15,80.29,21.28,-0.86,-0.14,1.6806,51.17,27.4976,29.4267,0.7739,,,0.7867,-0.6803
2023-06-23,78.06,78.67,78.88,22.15,-0.61,-0.21,1.67,36.53,27.8318,28.5588,0.7959,,,0.8035,-0.7193
2023-06-26,77.07,77.86,78.05,22.93,-0.79,-0.19,1.6615,47.55,27.7756,28.6495,0.8255,,,1.1693,-1.1343
2023-06-27,77.64,77.06,77.3,23.07,0.58,-0.24,1.6664,-34.81,27.6438,28.6281,0.8345,,,0.3173,-0.3519
2023-06-28,80.12,77.36,77.55,22.45,2.76,-0.19,1.6877,-163.54,28.4145,29.3531,0.7901,,,-1.0403,0.9203
2023-06-29,81.25,79.03,79.04,22.39,2.22,-0.01,1.6974,-130.79,28.4922,29.489,0.7858,,,-0.718,0.6284
2023-06-30,82.84,80.37,80.25,21.99,2.47,0.12,1.711,-144.36,26.2245,29.5656,0.8385,,,-0.8892,0.8044
2023-07-03,81.41,81.24,81.34,22.86,0.17,-0.1,1.6988,-10.01,26.6198,29.7893,0.8588,,,0.5724,-0.5864
2023-07-05,80.23,80.05,80.18,22.59,0.18,-0.13,1.6886,-10.66,26.8493,29.4423,0.8414,,,0.5592,-0.5742
2023-07-06,79.88,79.79,79.96,22.27,0.09,-0.17,1.6856,-5.34,26.542,29.4005,0.839,,,0.6121,-0.6237
2023-07-07,81.17,80.98,81.04,21.8,0.19,-0.06,1.6967,-11.2,26.902,29.5844,0.8103,,,0.5406,-0.5555
2023-07-10,79.25,79.39,79.61,22.84,-0.14,-0.22,1.6802,8.33,26.2273,29.9716,0.8708,,,0.7538,-0.7555
2023-07-11,82.12,81.88,81.88,22.68,0.24,0.0,1.7049,-14.08,27.6556,30.7941,0.8201,,,0.4947,-0.5108
2023-07-12,81.65,81.73,81.77,22.3,-0.08,-0.04,1.7008,4.7,25.1493,30.7929,0.8867,,,0.702,-0.707
2023-07-13,81.68,81.75,81.73,21.32,-0.07,0.02,1.7011,4.11,25.0278,30.7716,0.8519,,,0.6894,-0.6948
2023-07-14,81.22,81.35,81.32,21.36,-0.13,0.03,1.6971,7.66,25.0202,30.6252,0.8537,,,0.7244,-0.7272
2023-07-17,82.13,82.04,82.03,21.32,0.09,0.01,1.7049,-5.28,22.9645,30.5583,0.9284,,,0.5685,-0.5795
2023-07-18,82.25,82.22,82.2,21.35,0.03,0.02,1.706,-1.76,22.9686,28.8002,0.9295,,,0.6035,-0.6123
2023-07-20,84.31,84.3,84.21,21.44,0.01,0.09,1.7237,-0.58,23.2967,28.9185,0.9203,,,0.6057,-0.6136
2023-07-21,84.48,84.43,84.48,21.38,0.05,-0.05,1.7251,-2.9,23.283,28.3872,0.9183,,,0.5721,-0.5812
2023-07-24,85.16,85.15,85.1,21.4,0.01,0.05,1.731,-0.58,23.2716,28.3688,0.9196,,,0.5938,-0.6017
2023-07-25,87.07,86.99,86.73,21.44,0.08,0.26,1.7474,-4.58,24.0849,28.1898,0.8902,,,0.5395,-0.5488
2023-07-26,87.93,87.92,87.56,21.31,0.01,0.36,1.7547,-0.57,24.0954,28.2309,0.8844,,,0.5821,-0.5898
2023-07-27,84.38,84.57,84.55,21.18,-0.19,0.02,1.7243,11.02,26.9692,29.019,0.7853,,,0.7176,-0.7193
2023-07-28,84.26,84.41,84.45,21.14,-0.15,-0.04,1.7232,8.7,26.7392,28.9102,0.7906,,,0.6831,-0.686
2023-07-31,84.72,84.75,84.71,20.37,-0.03,0.04,1.7272,1.74,26.3751,28.5898,0.7723,,,0.591,-0.5977
2023-08-01,86.22,86.35,86.35,20.41,-0.13,0.0,1.7401,7.47,26.6689,27.7961,0.7653,,,0.6561,-0.6605
2023-08-02,84.59,84.75,84.87,20.41,-0.16,-0.12,1.7261,9.27,27.1516,27.5977,0.7517,,,0.6724,-0.6752
2023-08-03,84.7,84.81,84.88,20.42,-0.11,-0.07,1.727,6.37,26.5825,27.5564,0.7682,,,0.6304,-0.6347
2023-08-04,84.29,84.4,84.5,19.39,-0.11,-0.1,1.7235,6.38,26.6526,26.9377,0.7275,,,0.6247,-0.6289
2023-08-07,85.34,85.45,85.59,21.22,-0.11,-0.14,1.7325,6.35,26.2725,27.0335,0.8077,,,0.6186,-0.6231
2023-08-08,85.2,85.27,85.41,21.29,-0.07,-0.14,1.7313,4.04,25.8886,26.8551,0.8224,,,0.5839,-0.5896
2023-08-09,85.35,85.42,85.55,21.28,-0.07,-0.13,1.7326,4.04,25.8638,26.7707,0.8228,,,0.5784,-0.584
2023-08-10,86.15,86.15,86.24,22.38,0.0,-0.09,1.7395,-0.0,24.5215,26.4492,0.9127,,,0.5216,-0.5291
2023-08-11,87.89,87.67,87.54,22.37,0.22,0.13,1.7544,-12.54,24.827,26.6412,0.901,,,0.3578,-0.3694
2023-08-14,86.47,86.31,86.21,22.4,0.16,0.1,1.7422,-9.18,24.8866,25.4632,0.9001,,,0.3946,-0.4056
2023-08-15,85.1,85.01,85.01,22.35,0.09,0.0,1.7304,-5.2,24.7951,25.6634,0.9014,,,0.4394,-0.4491
2023-08-16,84.72,84.64,84.68,24.02,0.08,-0.04,1.7272,-4.63,24.395,25.6767,0.9846,,,0.4409,-0.4502
2023-08-17,83.61,83.58,83.68,24.73,0.03,-0.1,1.7177,-1.75,24.7209,25.6028,1.0004,,,0.4717,-0.4796
2023-08-18,83.62,83.55,83.68,20.12,0.07,-0.13,1.7177,-4.08,24.3371,25.4982,0.8267,,,0.4356,-0.4446
2023-08-21,83.71,83.66,83.75,20.96,0.05,-0.09,1.7185,-2.91,23.162,24.6373,0.9049,,,0.4449,-0.453
2023-08-22,84.36,84.29,84.35,21.07,0.07,-0.06,1.7241,-4.06,20.9354,24.3181,1.0064,,,0.424,-0.4323
2023-08-23,85.82,85.69,85.6,21.03,0.13,0.09,1.7366,-7.49,21.3524,23.2059,0.9849,,,0.3734,-0.3823
2023-08-24,86.09,86.04,86.01,20.94,0.05,0.03,1.7389,-2.88,21.353,23.1648,0.9807,,,0.4278,-0.4348
2023-08-25,87.31,87.19,87.0,21.0,0.12,0.19,1.7494,-6.86,21.5233,23.2913,0.9757,,,0.3693,-0.3767
2023-08-28,86.87,86.73,86.64,21.0,0.14,0.09,1.7456,-8.02,21.464,22.222,0.9784,,,0.3477,-0.3552
2023-08-29,86.89,86.8,86.73,21.59,0.09,0.07,1.7458,-5.16,21.469,22.2033,1.0056,,,0.3795,-0.3862
2023-08-30,87.88,87.74,87.68,22.41,0.14,0.06,1.7543,-7.98,21.1117,22.0982,1.0615,,,0.3352,-0.3416
2023-08-31,87.82,87.73,87.68,22.19,0.09,0.05,1.7538,-5.13,21.066,22.0656,1.0534,,,0.3675,-0.3733
2023-09-01,89.95,89.77,89.7,22.14,0.18,0.07,1.7721,-10.16,22.0623,22.5631,1.0035,,,0.2931,-0.2974
2023-09-05,88.76,88.69,88.6,21.48,0.07,0.09,1.7619,-3.97,22.4279,22.6746,0.9577,,,0.3713,-0.3761
2023-09-06,87.0,87.1,87.22,20.98,-0.1,-0.12,1.7468,5.72,22.3624,23.0621,0.9382,,,0.498,-0.5026
2023-09-07,85.38,85.56,85.73,20.83,-0.18,-0.17,1.7328,10.39,22.8008,23.3582,0.9136,,,0.5564,-0.5594
2023-09-08,85.91,86.09,86.28,21.1,-0.18,-0.19,1.7374,10.36,19.4217,23.3005,1.0864,,,0.5499,-0.5534
2023-09-11,87.78,87.95,88.01,22.01,-0.17,-0.06,1.7534,9.7,20.3323,23.5525,1.0825,,,0.5346,-0.5393
2023-09-12,88.3,88.52,88.65,21.89,-0.22,-0.13,1.7579,12.51,20.3408,23.3525,1.0762,,,0.5682,-0.5739
2023-09-14,87.8,88.23,88.41,20.75,-0.43,-0.18,1.7536,24.52,19.7033,23.5213,1.0531,,,0.7274,-0.7344
2023-09-15,86.44,87.36,87.84,20.79,-0.92,-0.48,1.7419,52.82,20.2995,23.4806,1.0242,,,1.1294,-1.1354
2023-09-20,86.86,87.61,88.13,20.15,-0.75,-0.52,1.7455,42.97,20.2059,23.1253,0.9972,,,0.9691,-0.9783
2023-09-21,86.47,87.27,87.9,20.02,-0.8,-0.63,1.7422,45.92,20.2572,23.1353,0.9883,,,1.007,-1.0157
2023-09-25,88.17,88.76,89.14,23.48,-0.59,-0.38,1.7568,33.58,20.755,22.776,1.1313,,,0.8104,-0.8228
2023-09-26,88.18,88.56,88.85,22.4,-0.38,-0.29,1.7569,21.63,20.1652,22.4651,1.1108,,,0.6243,-0.6336
2023-09-28,88.71,89.25,89.53,22.39,-0.54,-0.28,1.7614,30.66,19.4867,21.8909,1.149,,,0.7502,-0.7634
2023-09-29,87.15,87.92,88.5,22.59,-0.77,-0.58,1.748,44.05,19.8274,22.2177,1.1393,,,0.9508,-0.9636
2023-10-02,87.75,88.59,89.18,23.22,-0.84,-0.59,1.7532,47.91,19.8862,22.0398,1.1676,,,1.0044,-1.0204
2023-10-04,87.01,87.86,88.39,23.4,-0.85,-0.53,1.7468,48.66,19.9323,20.2664,1.174,,,1.0013,-1.0145
2023-10-10,85.45,87.26,88.22,23.16,-1.81,-0.96,1.7334,104.42,19.6761,20.5059,1.1771,,,1.823,-1.8351
2023-10-12,84.92,86.66,87.63,22.63,-1.74,-0.97,1.7289,100.64,19.3777,20.2107,1.1678,,,1.7308,-1.7384
2023-10-16,85.15,87.05,88.26,21.55,-1.9,-1.21,1.7309,109.77,18.5879,20.4674,1.1594,,,1.8353,-1.8449
2023-10-17,83.23,85.43,86.79,22.36,-2.2,-1.36,1.7144,128.32,19.2878,20.9298,1.1593,,,2.0935,-2.0858
2023-10-18,84.24,86.25,87.41,23.23,-2.01,-1.16,1.7231,116.65,18.9415,20.5634,1.2264,,,1.8933,-1.8953
2023-10-19,84.27,86.18,87.28,22.92,-1.91,-1.1,1.7233,110.83,18.1826,20.4505,1.2605,,,1.7852,-1.7874
2023-10-24,82.93,84.68,85.57,22.52,-1.75,-0.89,1.7118,102.23,18.6305,19.5369,1.2088,,,1.6033,-1.5958
2023-10-26,84.59,86.12,86.9,22.46,-1.53,-0.78,1.7261,88.64,18.4301,19.0191,1.2187,,,1.3762,-1.3808
2023-10-27,84.38,86.13,86.98,21.43,-1.75,-0.85,1.7243,101.49,17.9266,19.0239,1.1954,,,1.5506,-1.554
2023-11-01,79.44,81.68,82.87,21.87,-2.24,-1.19,1.6819,133.18,19.8652,20.0759,1.1009,,,1.9477,-1.906
2023-11-02,79.8,82.24,83.34,22.86,-2.44,-1.1,1.6849,144.82,19.9769,20.1011,1.1443,,,2.087,-2.0462
2023-11-03,79.62,82.12,83.18,21.64,-2.5,-1.06,1.6834,148.51,19.9442,19.9837,1.085,,,2.1111,-2.0688
2023-11-06,78.0,80.92,82.0,22.75,-2.92,-1.08,1.6695,174.9,18.6852,19.8645,1.2175,,,2.4429,-2.3753
2023-11-07,76.48,79.37,80.49,23.29,-2.89,-1.12,1.6565,174.46,19.1729,19.9806,1.2147,,,2.3998,-2.3172
2023-11-08,74.89,77.7,79.09,24.54,-2.81,-1.39,1.6428,171.05,19.6443,20.1565,1.2492,,,2.3209,-2.2244
2023-11-10,77.32,79.5,80.28,20.68,-2.18,-0.78,1.6637,131.03,21.0588,20.7291,0.982,,,1.7336,-1.6851
2023-11-14,78.68,81.15,81.88,19.31,-2.47,-0.73,1.6753,147.44,21.6425,21.0128,0.8922,,,1.9243,-1.8847
2023-11-15,78.41,81.01,81.74,17.73,-2.6,-0.73,1.673,155.41,21.639,20.9383,0.8194,,,2.01,-1.9664
2023-11-16,78.68,80.88,81.63,17.78,-2.2,-0.75,1.6753,131.32,21.7217,20.6101,0.8185,,,1.6701,-1.637
2023-11-20,77.97,81.25,81.96,18.67,-3.28,-0.71,1.6692,196.5,21.7401,20.465,0.8588,,,2.4889,-2.4318
2023-11-21,77.34,80.69,81.43,18.17,-3.35,-0.74,1.6638,201.35,21.3864,20.4948,0.8496,,,2.5134,-2.4489
2023-11-22,79.58,80.9,81.45,18.41,-1.32,-0.55,1.6831,78.43,23.2875,21.4236,0.7906,,,0.886,-0.875
2023-11-27,78.59,79.26,79.87,20.25,-0.67,-0.61,1.6746,40.01,23.8546,21.8282,0.8489,,,0.3702,-0.364
2023-11-28,78.6,79.6,80.24,20.04,-1.0,-0.64,1.6746,59.72,23.7602,21.1605,0.8434,,,0.6252,-0.614
2023-11-29,78.59,79.59,80.23,19.64,-1.0,-0.64,1.6746,59.72,22.9865,21.0381,0.8544,,,0.6194,-0.6081
2023-11-30,79.4,80.06,80.7,19.71,-0.66,-0.64,1.6815,39.25,22.8967,20.846,0.8608,,,0.343,-0.3392
2023-12-01,79.42,80.12,80.77,19.71,-0.7,-0.65,1.6817,41.62,22.8958,20.535,0.8609,,,0.369,-0.3649
2023-12-05,79.68,80.27,80.73,21.23,-0.59,-0.46,1.6839,35.04,21.9708,20.1955,0.9663,,,0.2734,-0.2711
2023-12-06,79.75,80.45,80.93,21.3,-0.7,-0.48,1.6845,41.56,21.851,20.1417,0.9748,,,0.3566,-0.3533
2023-12-07,82.59,83.07,83.29,22.06,-0.48,-0.22,1.7089,28.09,24.0414,21.2713,0.9176,,,0.1738,-0.1784
2023-12-08,81.44,82.04,82.45,20.74,-0.6,-0.41,1.699,35.31,24.1675,21.3082,0.8582,,,0.2681,-0.2701
2023-12-14,80.81,81.49,81.94,19.88,-0.68,-0.45,1.6936,40.15,22.325,21.1425,0.8905,,,0.3243,-0.3242
2023-12-20,79.21,80.06,80.56,20.76,-0.85,-0.5,1.6799,50.6,21.1101,20.546,0.9834,,,0.4543,-0.4478
2023-12-21,79.13,80.02,80.43,20.88,-0.89,-0.41,1.6792,53.0,20.0537,20.5362,1.0412,,,0.4818,-0.4745
2023-12-22,79.76,80.64,81.07,21.87,-0.88,-0.43,1.6846,52.24,19.2648,20.5916,1.1352,,,0.4672,-0.4622
2023-12-26,80.05,80.97,81.6,22.22,-0.92,-0.63,1.6871,54.53,19.0885,20.348,1.1641,,,0.4936,-0.4894
2023-12-27,80.53,81.56,82.19,22.16,-1.03,-0.63,1.6912,60.9,19.1383,20.3335,1.1579,,,0.5752,-0.5719
2023-12-28,80.95,81.9,82.42,22.19,-0.95,-0.52,1.6948,56.05,18.7103,20.3731,1.186,,,0.5069,-0.5059
2023-12-29,81.0,82.15,82.83,22.12,-1.15,-0.68,1.6952,67.84,18.6646,20.3633,1.1851,,,0.6605,-0.6584
2024-01-02,79.94,81.08,81.86,22.36,-1.14,-0.78,1.6862,67.61,19.0983,20.4936,1.1708,,,0.6536,-0.6469
2024-01-03,80.93,82.08,82.79,22.04,-1.15,-0.71,1.6946,67.86,19.3908,20.6157,1.1366,,,0.653,-0.6508
2024-01-04,80.12,81.32,82.12,21.72,-1.2,-0.8,1.6877,71.1,19.2806,20.6945,1.1265,,,0.6918,-0.6855
2024-01-05,80.19,81.35,82.15,20.82,-1.16,-0.8,1.6883,68.71,19.0902,20.4228,1.0906,,,0.6561,-0.6504
2024-01-10,80.18,81.33,82.13,21.11,-1.15,-0.8,1.6882,68.12,15.7739,20.2668,1.3383,,,0.6367,-0.6312
2024-01-11,81.36,82.33,82.94,21.41,-0.97,-0.61,1.6983,57.12,16.2811,20.4236,1.315,,,0.4875,-0.4882
2024-01-12,81.31,82.29,82.94,20.27,-0.98,-0.65,1.6979,57.72,16.2851,19.9,1.2447,,,0.4926,-0.4931
2024-01-16,81.33,82.28,82.95,19.38,-0.95,-0.67,1.6981,55.94,16.0547,19.7309,1.2071,,,0.4666,-0.4674
2024-01-17,81.7,82.69,83.35,18.88,-0.99,-0.66,1.7013,58.19,16.0901,19.758,1.1734,,,0.4941,-0.4961
2024-01-18,82.51,83.39,83.96,19.41,-0.88,-0.57,1.7082,51.52,15.9847,19.3315,1.2143,,,0.4035,-0.4086
2024-01-19,83.95,84.89,85.32,19.13,-0.94,-0.43,1.7206,54.63,16.3191,19.3789,1.1722,,,0.4429,-0.4533
2024-01-22,84.83,85.86,86.26,19.03,-1.03,-0.4,1.7281,59.6,16.5088,19.3878,1.1527,,,0.5068,-0.5211
2024-01-23,84.6,85.81,86.39,17.98,-1.21,-0.58,1.7262,70.1,13.2723,19.2807,1.3547,,,0.6428,-0.6576
2024-01-25,85.76,86.98,87.59,18.21,-1.22,-0.61,1.7361,70.27,12.6521,19.2933,1.4393,,,0.6396,-0.6597
2024-01-30,84.78,86.06,86.83,17.86,-1.28,-0.77,1.7277,74.09,13.1164,18.1719,1.3617,,,0.6815,-0.6974
2024-01-31,85.17,86.41,87.13,17.71,-1.24,-0.72,1.731,71.63,12.5871,18.1725,1.407,,,0.6467,-0.6642
2024-02-01,86.49,87.64,88.25,18.2,-1.15,-0.61,1.7424,66.0,12.5735,18.3921,1.4475,,,0.571,-0.5932
2024-02-02,87.11,88.15,88.7,19.15,-1.04,-0.55,1.7477,59.51,12.6241,17.849,1.5169,,,0.4845,-0.5073
2024-02-05,87.04,88.03,88.52,21.1,-0.99,-0.49,1.7471,56.67,12.5418,17.2873,1.6824,,,0.4461,-0.4677
2024-02-06,87.54,88.4,88.87,22.23,-0.86,-0.47,1.7514,49.1,12.4999,16.6123,1.7784,,,0.346,-0.367
2024-02-07,88.47,89.3,89.59,25.67,-0.83,-0.29,1.7594,47.18,12.6065,16.2261,2.0363,,,0.3208,-0.3439
2024-02-08,89.1,89.68,89.92,27.07,-0.58,-0.24,1.7648,32.86,12.6506,16.1707,2.1398,,,0.133,-0.1519
2024-02-12,90.53,91.3,91.51,24.09,-0.77,-0.21,1.777,43.33,15.6279,17.2357,1.5415,,,0.2704,-0.2978
2024-02-13,91.52,92.06,92.18,23.64,-0.54,-0.12,1.7855,30.24,15.7329,17.2804,1.5026,,,0.0975,-0.12
2024-02-14,93.48,94.38,94.39,24.23,-0.9,-0.01,1.8024,49.93,15.612,17.6961,1.552,,,0.3544,-0.3948
2024-02-16,93.87,94.42,94.43,24.15,-0.55,-0.01,1.8057,30.46,15.4491,17.6716,1.5632,,,0.0966,-0.1235
2024-02-20,91.19,91.69,91.54,24.19,-0.5,0.15,1.7827,28.05,18.3389,18.7219,1.3191,,,0.0657,-0.0858
2024-02-21,92.6,93.23,92.85,25.32,-0.63,0.38,1.7948,35.1,18.6096,18.1307,1.3606,,,0.1606,-0.1879
2024-02-23,94.93,93.49,92.62,24.94,1.44,0.87,1.8148,-79.35,18.6188,17.5631,1.3395,,,-1.3383,1.3983
2024-02-26,96.58,94.8,93.68,25.78,1.78,1.12,1.829,-97.32,18.7438,17.7858,1.3754,,,-1.563,1.6466
2024-02-27,100.75,98.8,97.68,33.36,1.95,1.12,1.8648,-104.57,21.4157,19.4663,1.5577,,,-1.6447,1.761
2024-02-28,103.07,101.08,99.72,39.8,1.99,1.36,1.8847,-105.59,21.7768,19.8002,1.8276,,,-1.6448,1.7754
2024-02-29,101.56,99.57,97.77,36.15,1.99,1.8,1.8717,-106.32,22.7326,20.1684,1.5902,,,-1.6409,1.7595
2024-03-01,95.57,93.77,82.95,33.02,1.8,10.82,1.8203,-98.88,30.0674,24.0205,1.0982,,,-1.5318,1.6021
2024-03-05,94.24,93.07,83.19,29.91,1.17,9.88,1.8089,-64.68,30.1599,24.1331,0.9917,,,-1.078,1.115
2024-03-07,99.28,97.78,84.34,36.38,1.5,13.44,1.8522,-80.98,32.0167,24.3105,1.1363,,,-1.2668,1.3395
2024-03-08,95.28,93.92,82.99,36.64,1.36,10.93,1.8178,-74.82,34.7,25.9446,1.0559,,,-1.1798,1.2266
2024-03-11,95.06,94.34,83.27,33.14,0.72,11.07,1.8159,-39.65,34.2377,25.7971,0.9679,,,-0.7301,0.7502
2024-03-13,94.9,94.34,83.96,29.73,0.56,10.38,1.8146,-30.86,34.271,25.7847,0.8675,,,-0.6112,0.6244
2024-03-14,93.48,93.26,83.43,29.7,0.22,9.83,1.8024,-12.21,34.7008,25.8915,0.8559,,,-0.3735,0.3722
2024-03-18,94.57,94.26,83.81,30.85,0.31,10.45,1.8117,-17.11,34.5063,25.7615,0.894,,,-0.4295,0.4326
2024-03-19,93.34,93.12,84.0,30.38,0.22,9.12,1.8012,-12.21,34.7985,25.9411,0.873,,,-0.3652,0.364
2024-03-20,92.18,92.12,83.8,30.28,0.06,8.32,1.7912,-3.35,35.0441,26.1184,0.8641,,,-0.2519,0.2449
2024-03-21,92.21,92.26,83.92,29.44,-0.05,8.34,1.7915,2.79,34.945,26.0979,0.8425,,,-0.1728,0.1626
2024-03-22,91.53,91.85,83.95,26.26,-0.32,7.9,1.7856,17.92,34.9916,26.1739,0.7505,,,0.0189,-0.0365
2024-03-26,93.41,93.86,84.3,27.21,-0.45,9.56,1.8018,24.98,33.9561,26.2945,0.8013,,,0.109,-0.1328
2024-03-28,91.38,91.97,83.99,24.55,-0.59,7.98,1.7843,33.07,34.3568,26.8859,0.7146,,,0.2102,-0.2346
2024-04-02,90.81,91.71,84.3,25.29,-0.9,7.41,1.7795,50.58,34.9115,27.2489,0.7244,,,0.4292,-0.4601
2024-04-03,88.98,90.18,84.1,26.2,-1.2,6.08,1.7637,68.04,34.3999,27.634,0.7616,,,0.6463,-0.6772
2024-04-04,87.14,88.57,83.52,24.9,-1.43,5.05,1.748,81.81,34.5237,28.0188,0.7212,,,0.8154,-0.8412
2024-04-05,86.25,87.82,82.65,23.44,-1.57,5.17,1.7403,90.21,34.1133,28.1139,0.6871,,,0.916,-0.9385
2024-04-08,86.65,88.39,82.54,25.11,-1.74,5.85,1.7437,99.79,34.0411,28.0738,0.7376,,,1.0298,-1.056
2024-04-09,86.04,87.84,81.36,25.91,-1.8,6.48,1.7385,103.54,33.5078,27.986,0.7733,,,1.07,-1.0927
2024-04-10,85.31,87.07,81.43,24.53,-1.76,5.64,1.7322,101.6,30.5343,28.0514,0.8034,,,1.0393,-1.0569
2024-04-11,83.37,85.25,80.69,30.06,-1.88,4.56,1.7156,109.58,29.7171,28.4726,1.0115,,,1.131,-1.1362
2024-04-12,82.62,84.59,80.11,25.49,-1.97,4.48,1.7092,115.26,29.6347,28.5244,0.8601,,,1.1926,-1.1923
2024-04-16,81.29,83.09,79.14,28.32,-1.8,3.95,1.6977,106.03,25.3087,28.5252,1.119,,,1.0602,-1.0518
2024-04-17,79.56,81.33,78.54,28.52,-1.77,2.79,1.6829,105.18,25.7483,28.751,1.1076,,,1.0423,-1.0232
2024-04-18,78.1,80.61,77.41,28.56,-2.51,3.2,1.6704,150.26,25.5119,28.9713,1.1195,,,1.5831,-1.5398
2024-04-19,78.69,81.02,77.55,28.58,-2.33,3.47,1.6754,139.07,21.6068,28.944,1.3227,,,1.4344,-1.4005
2024-04-24,79.51,81.01,77.69,27.67,-1.5,3.32,1.6825,89.15,20.3421,29.0489,1.3602,,,0.8198,-0.8055
2024-04-29,80.02,81.52,78.25,26.28,-1.5,3.27,1.6868,88.93,20.4072,28.847,1.2878,,,0.8212,-0.8091
2024-04-30,77.92,78.43,76.83,28.11,-0.51,1.6,1.6688,30.56,20.9739,29.2512,1.3402,,,0.1131,-0.1101
2024-05-01,76.51,75.17,76.79,29.67,1.34,-1.62,1.6567,-80.88,21.1686,29.4425,1.4016,,,-1.2418,1.1992
2024-05-02,75.62,74.18,75.62,28.59,1.44,-1.44,1.6491,-87.32,21.1505,29.46,1.3517,,,-1.3113,1.2617
2024-05-03,78.06,75.97,77.36,28.68,2.09,-1.39,1.67,-125.15,23.8362,30.1711,1.2032,,,-1.7531,1.7048
2024-05-06,77.06,75.31,76.83,28.69,1.75,-1.52,1.6614,-105.33,23.9262,30.1893,1.1991,,,-1.5037,1.4563
2024-05-07,77.5,75.75,77.26,28.5,1.75,-1.51,1.6652,-105.09,23.9407,29.4943,1.1904,,,-1.4924,1.4486
2024-05-08,80.06,77.7,79.19,30.02,2.36,-1.49,1.6872,-139.88,25.7279,30.2754,1.1668,,,-1.8905,1.8565
2024-05-09,78.6,76.46,78.01,18.8,2.14,-1.55,1.6746,-127.79,25.0759,30.3361,0.7497,,,-1.7303,1.6884
2024-05-10,77.31,75.13,76.73,19.03,2.18,-1.6,1.6636,-131.04,25.0549,30.0601,0.7595,,,-1.7519,1.7003
2024-05-13,77.63,75.63,77.12,19.23,2.0,-1.49,1.6663,-120.03,24.4714,29.9285,0.7858,,,-1.6087,1.5639
2024-05-14,74.63,74.18,75.7,19.42,0.45,-1.52,1.6406,-27.43,25.9789,30.8179,0.7475,,,-0.5251,0.5059
2024-05-15,75.41,74.29,75.85,19.89,1.12,-1.56,1.6473,-67.99,26.0865,30.5004,0.7625,,,-0.9967,0.9606
2024-05-16,76.24,75.19,76.8,20.28,1.05,-1.61,1.6544,-63.47,26.0876,30.3996,0.7774,,,-0.9429,0.912
2024-05-17,75.89,74.97,76.58,19.68,0.92,-1.61,1.6514,-55.71,26.0296,30.1024,0.7561,,,-0.8653,0.8368
2024-05-20,76.03,75.01,76.63,19.75,1.02,-1.62,1.6526,-61.72,25.9593,30.032,0.7608,,,-0.9485,0.9184
2024-05-21,76.38,75.28,76.89,19.55,1.1,-1.61,1.6556,-66.44,26.0733,29.7662,0.7498,,,-1.0164,0.986
2024-05-22,79.38,77.28,78.83,20.07,2.1,-1.55,1.6813,-124.9,28.7842,29.527,0.6973,,,-1.713,1.6829
2024-05-23,81.72,78.62,80.03,20.0,3.1,-1.41,1.7014,-182.2,29.4919,29.797,0.6782,,,-2.3782,2.3624
2024-05-24,80.52,78.01,79.52,19.93,2.51,-1.51,1.6911,-148.42,29.6804,29.7976,0.6715,,,-1.965,1.9412
2024-05-28,82.43,79.12,80.6,20.37,3.31,-1.48,1.7075,-193.85,30.4841,27.8625,0.6682,,,-2.4751,2.4671
2024-05-29,81.1,78.1,79.63,20.32,3.0,-1.53,1.6961,-176.88,30.2935,27.9594,0.6708,,,-2.2728,2.2519
2024-05-30,77.76,76.51,78.29,20.89,1.25,-1.78,1.6674,-74.97,32.0886,29.1075,0.651,,,-1.1025,1.0769
2024-05-31,76.15,75.11,76.79,22.02,1.04,-1.68,1.6536,-62.89,32.2114,29.1778,0.6836,,,-0.9832,0.9551
2024-06-03,73.15,73.35,75.18,22.43,-0.2,-1.83,1.6279,12.29,34.0506,28.5912,0.6587,,,-0.0945,0.0986
2024-06-04,73.48,73.51,75.21,22.86,-0.03,-1.7,1.6307,1.84,33.6202,27.6487,0.6799,,,-0.2406,0.2389
2024-06-05,74.44,73.51,75.29,22.72,0.93,-1.78,1.6389,-56.75,33.9043,27.873,0.6701,,,-1.0001,0.9691
2024-06-06,75.44,73.6,75.42,23.26,1.84,-1.82,1.6475,-111.68,34.1513,28.0767,0.6811,,,-1.7265,1.6762
2024-06-07,73.84,72.89,74.64,22.54,0.95,-1.75,1.6338,-58.15,34.6112,28.306,0.6512,,,-1.0608,1.028
2024-06-10,71.81,71.59,73.24,24.13,0.22,-1.65,1.6164,-13.61,35.3838,28.636,0.682,,,-0.4872,0.4768
2024-06-11,72.73,72.43,73.88,22.55,0.3,-1.45,1.6243,-18.47,35.5479,28.789,0.6344,,,-0.5619,0.5495
2024-06-12,71.74,71.65,73.16,22.21,0.09,-1.51,1.6158,-5.57,35.0024,28.7611,0.6345,,,-0.3986,0.3938
2024-06-13,71.35,71.79,73.31,21.68,-0.44,-1.52,1.6124,27.29,34.7049,28.7073,0.6247,,,0.0387,-0.02
2024-06-14,70.97,72.14,73.43,20.93,-1.17,-1.29,1.6092,72.71,34.6044,28.6593,0.6048,,,0.6495,-0.5963
2024-06-17,69.94,71.77,73.05,21.43,-1.83,-1.28,1.6003,114.35,33.2434,28.7186,0.6446,,,1.2081,-1.1165
2024-06-18,71.03,72.76,74.05,21.33,-1.73,-1.29,1.6097,107.47,33.5734,29.0044,0.6353,,,1.106,-1.0286
2024-06-20,70.85,72.62,73.96,20.74,-1.77,-1.34,1.6081,110.07,33.4789,28.9383,0.6195,,,1.133,-1.0531
2024-06-21,68.19,72.21,73.6,21.18,-4.02,-1.39,1.5853,253.58,33.2419,29.4708,0.6371,,,3.0256,-2.8054
2024-06-24,71.29,73.39,74.83,21.2,-2.1,-1.44,1.6119,130.28,35.9769,30.7701,0.5893,,,1.3649,-1.2811
2024-06-25,72.6,75.07,76.42,21.65,-2.47,-1.35,1.6231,152.18,36.2699,31.0308,0.5969,,,1.6422,-1.559
2024-06-26,72.7,75.34,76.75,21.15,-2.64,-1.41,1.624,162.56,36.2376,30.8027,0.5836,,,1.7631,-1.6772
2024-06-27,72.02,74.58,75.99,21.17,-2.56,-1.41,1.6182,158.2,34.5639,30.6155,0.6125,,,1.6882,-1.5991
2024-06-28,69.81,72.69,74.36,20.04,-2.88,-1.67,1.5992,180.09,35.4416,30.9426,0.5654,,,1.9682,-1.8414
2024-07-01,73.1,74.76,76.09,20.62,-1.66,-1.33,1.6274,102.0,37.975,32.3931,0.543,,,0.9316,-0.8833
2024-07-02,72.7,74.39,75.75,20.25,-1.69,-1.36,1.624,104.06,37.9823,32.3616,0.5331,,,0.9547,-0.9026
2024-07-03,72.36,74.05,75.4,19.22,-1.69,-1.35,1.6211,104.25,37.9805,32.326,0.506,,,0.9501,-0.8959
2024-07-05,70.98,72.71,74.1,19.61,-1.73,-1.39,1.6092,107.51,38.2678,32.4876,0.5124,,,0.9863,-0.9207
2024-07-08,71.05,72.84,74.21,19.86,-1.79,-1.37,1.6098,111.19,36.2699,32.4796,0.5476,,,1.0278,-0.9612
2024-07-09,70.55,72.41,73.83,19.25,-1.86,-1.42,1.6056,115.84,34.9217,32.2246,0.5512,,,1.0815,-1.0088
2024-07-10,70.93,72.73,74.12,19.51,-1.8,-1.39,1.6088,111.88,34.9143,32.2404,0.5588,,,1.0213,-0.9547
2024-07-11,70.87,72.74,74.17,19.84,-1.87,-1.43,1.6083,116.27,33.9376,32.2159,0.5846,,,1.0714,-1.0022
2024-07-12,71.27,73.1,74.47,19.46,-1.83,-1.37,1.6117,113.54,33.9013,32.0537,0.574,,,1.0274,-0.9637
2024-07-15,72.44,74.26,75.59,20.29,-1.82,-1.33,1.6218,112.22,32.4415,32.0165,0.6254,,,1.0025,-0.949
2024-07-16,71.37,73.31,74.72,20.37,-1.94,-1.41,1.6126,120.3,32.1874,31.9428,0.6329,,,1.1015,-1.0358
2024-07-17,72.07,73.92,75.27,20.52,-1.85,-1.35,1.6186,114.3,30.2566,31.973,0.6782,,,1.0143,-0.9579
2024-07-18,71.93,73.76,75.07,22.91,-1.83,-1.31,1.6174,113.14,30.2218,31.7403,0.7581,,,0.9915,-0.9353
2024-07-19,70.7,72.62,74.0,23.83,-1.92,-1.38,1.6068,119.49,30.3016,31.8858,0.7864,,,1.067,-0.9981
2024-07-22,70.62,72.51,73.9,23.53,-1.89,-1.39,1.6062,117.67,29.9648,31.8549,0.7853,,,1.0352,-0.9675
2024-07-23,69.48,71.36,72.82,23.48,-1.88,-1.46,1.5964,117.76,29.7132,31.983,0.7902,,,1.0285,-0.9525
2024-07-24,68.65,70.41,71.82,23.99,-1.76,-1.41,1.5892,110.75,28.8575,32.0454,0.8313,,,0.9295,-0.8526
2024-07-25,68.9,70.66,72.02,25.62,-1.76,-1.36,1.5914,110.59,28.5869,32.0003,0.8962,,,0.9205,-0.8463
2024-07-26,67.99,69.76,71.13,25.94,-1.77,-1.37,1.5836,111.77,28.5723,31.687,0.9079,,,0.929,-0.8478
2024-07-29,69.21,70.91,72.2,24.43,-1.7,-1.29,1.5941,106.64,29.1023,31.7711,0.8395,,,0.8559,-0.7879
2024-07-30,69.55,71.18,72.4,23.9,-1.63,-1.22,1.597,102.07,29.1214,31.7294,0.8207,,,0.7905,-0.7284
2024-07-31,68.99,70.67,71.93,24.24,-1.68,-1.26,1.5922,105.51,28.9103,30.9935,0.8385,,,0.8294,-0.7617
2024-08-01,68.08,69.7,70.98,23.82,-1.62,-1.28,1.5844,102.25,28.7345,30.9993,0.829,,,0.7813,-0.7101
2024-08-02,68.25,69.87,71.14,23.84,-1.62,-1.27,1.5858,102.16,28.7544,30.9721,0.8291,,,0.7747,-0.7051
2024-08-05,67.78,69.42,70.67,25.12,-1.64,-1.25,1.5818,103.68,26.6019,30.1324,0.9443,,,0.7888,-0.7155
2024-08-06,67.3,68.95,70.17,24.67,-1.65,-1.22,1.5777,104.58,23.0389,29.9706,1.0708,,,0.7948,-0.7181
2024-08-07,67.73,69.25,70.47,25.27,-1.52,-1.22,1.5813,96.12,22.3864,29.8825,1.1288,,,0.6798,-0.6129
2024-08-08,67.24,68.73,69.99,25.54,-1.49,-1.26,1.5771,94.48,22.4026,29.8706,1.14,,,0.6536,-0.5852
2024-08-09,68.34,69.68,70.91,26.57,-1.34,-1.23,1.5866,84.46,22.9515,29.0918,1.1577,,,0.5191,-0.4652
2024-08-12,69.07,70.5,71.72,27.29,-1.43,-1.22,1.5929,89.77,21.4432,29.0958,1.2727,,,0.5835,-0.5306
2024-08-13,67.99,69.57,70.91,29.26,-1.58,-1.34,1.5836,99.77,16.7997,29.124,1.7417,,,0.7079,-0.6414
2024-08-14,67.05,68.65,70.01,29.81,-1.6,-1.36,1.5755,101.56,17.1088,29.2233,1.7424,,,0.7254,-0.6516
2024-08-15,67.15,68.72,70.04,20.2,-1.57,-1.32,1.5764,99.59,17.14,29.2214,1.1785,,,0.6943,-0.6233
2024-08-16,67.24,68.74,69.99,19.45,-1.5,-1.25,1.5771,95.11,16.4135,29.1973,1.185,,,0.6309,-0.5643
2024-08-19,68.68,70.06,71.21,19.07,-1.38,-1.15,1.5895,86.82,17.7056,28.3709,1.0771,,,0.5187,-0.4671
2024-08-20,69.34,70.68,71.76,19.05,-1.34,-1.08,1.5952,84.0,17.8765,27.7214,1.0656,,,0.4776,-0.432
2024-08-21,70.35,71.62,72.67,18.78,-1.27,-1.05,1.6038,79.19,18.3277,27.8261,1.0247,,,0.411,-0.3738
2024-08-22,69.34,70.86,72.05,19.0,-1.52,-1.19,1.5952,95.29,18.7837,27.4124,1.0115,,,0.6156,-0.5631
2024-08-23,70.91,72.28,73.38,19.32,-1.37,-1.1,1.6086,85.17,19.8732,27.7489,0.9722,,,0.4793,-0.4423
2024-08-26,70.26,71.79,72.96,19.13,-1.53,-1.17,1.6031,95.44,19.4073,26.5253,0.9857,,,0.6082,-0.5619
2024-08-27,69.98,71.58,72.77,18.51,-1.6,-1.19,1.6007,99.96,18.9834,26.2263,0.9751,,,0.6617,-0.6111
2024-08-28,68.55,70.2,71.45,18.47,-1.65,-1.25,1.5884,103.88,19.5701,25.2805,0.9438,,,0.7071,-0.6446
2024-08-29,69.92,71.52,72.7,18.51,-1.6,-1.18,1.6001,99.99,20.5335,25.6166,0.9015,,,0.651,-0.6007
2024-08-30,69.99,71.65,72.87,18.04,-1.66,-1.22,1.6007,103.7,19.9472,25.458,0.9044,,,0.6937,-0.642
2024-09-03,70.5,72.21,73.39,19.11,-1.71,-1.18,1.6051,106.54,20.0661,25.3415,0.9524,,,0.725,-0.6754
2024-09-04,69.81,71.54,72.75,18.77,-1.73,-1.21,1.5992,108.18,19.6972,25.0543,0.9529,,,0.7404,-0.6853
2024-09-05,69.44,71.25,72.51,19.09,-1.81,-1.26,1.596,113.41,19.4312,24.4371,0.9824,,,0.8023,-0.7417
2024-09-06,67.88,69.69,71.02,19.47,-1.81,-1.33,1.5826,114.37,20.5188,24.6924,0.9489,,,0.8088,-0.7361
2024-09-09,67.69,69.46,70.8,19.42,-1.77,-1.34,1.581,111.95,20.1725,24.5563,0.9627,,,0.7715,-0.6998
2024-09-10,68.21,69.84,71.13,19.9,-1.63,-1.29,1.5855,102.81,19.5953,24.601,1.0155,,,0.6475,-0.5864
2024-09-11,69.61,71.17,72.36,19.45,-1.56,-1.19,1.5975,97.65,20.4541,24.9559,0.9509,,,0.5758,-0.5278
2024-09-12,70.38,71.81,72.94,19.59,-1.43,-1.13,1.6041,89.15,20.544,24.8812,0.9536,,,0.4612,-0.423
2024-09-13,69.82,71.24,72.41,19.14,-1.42,-1.17,1.5993,88.79,20.2877,24.7266,0.9434,,,0.4533,-0.4123
2024-09-16,72.82,74.24,75.25,21.4,-1.42,-1.01,1.625,87.38,23.5483,26.1992,0.9088,,,0.4316,-0.4092
2024-09-17,72.16,73.69,74.75,21.37,-1.53,-1.06,1.6194,94.48,23.6302,25.013,0.9044,,,0.5216,-0.4926
2024-09-18,71.27,72.99,74.14,21.52,-1.72,-1.15,1.6117,106.72,23.8584,23.4539,0.902,,,0.6774,-0.6372
2024-09-19,73.03,74.6,75.61,23.28,-1.57,-1.01,1.6268,96.51,24.708,23.6922,0.9422,,,0.5416,-0.5179
2024-09-20,73.52,75.14,76.16,22.64,-1.62,-1.02,1.631,99.33,24.5589,23.7294,0.9219,,,0.575,-0.5537
2024-09-23,73.44,75.19,76.26,22.55,-1.75,-1.07,1.6304,107.34,24.258,23.647,0.9296,,,0.6752,-0.651
2024-09-24,74.09,75.85,76.93,22.86,-1.76,-1.08,1.6359,107.59,24.2102,22.7763,0.9442,,,0.6748,-0.6554
2024-09-25,73.2,75.0,76.12,23.25,-1.8,-1.12,1.6283,110.54,23.9939,20.903,0.969,,,0.7085,-0.6821
2024-09-26,73.02,74.77,75.87,23.71,-1.75,-1.1,1.6268,107.57,23.5396,20.8781,1.0072,,,0.6653,-0.6389
2024-09-27,72.72,74.52,75.61,23.4,-1.8,-1.09,1.6242,110.82,23.6235,20.8729,0.9905,,,0.7026,-0.6731
2024-09-30,73.61,75.36,76.52,23.5,-1.75,-1.16,1.6318,107.24,23.7789,20.6213,0.9883,,,0.652,-0.6304
2024-10-01,73.09,75.08,76.28,23.32,-1.99,-1.2,1.6274,122.28,23.3088,20.6813,1.0005,,,0.8413,-0.8109
2024-10-02,73.4,75.38,76.61,23.17,-1.98,-1.23,1.63,121.47,23.2109,20.635,0.9982,,,0.8259,-0.7987
2024-10-03,72.73,74.8,76.05,22.86,-2.07,-1.25,1.6243,127.44,23.1096,20.7083,0.9892,,,0.8974,-0.863
2024-10-04,73.27,75.28,76.52,22.03,-2.01,-1.24,1.6289,123.4,22.6945,20.7556,0.9707,,,0.8404,-0.8123
2024-10-07,73.53,75.62,76.9,22.92,-2.09,-1.28,1.6311,128.13,21.8532,20.7382,1.0488,,,0.8963,-0.8692
2024-10-08,72.27,74.42,75.75,23.37,-2.15,-1.33,1.6203,132.69,22.3083,20.7894,1.0476,,,0.9494,-0.9104
2024-10-09,72.25,74.36,75.7,23.1,-2.11,-1.34,1.6201,130.24,22.2629,20.5583,1.0376,,,0.915,-0.8775
2024-10-10,72.66,74.75,76.11,19.25,-2.09,-1.36,1.6237,128.72,21.3192,20.4939,0.9029,,,0.8935,-0.8608
2024-10-11,72.21,74.33,75.71,18.72,-2.12,-1.38,1.6198,130.88,20.752,20.531,0.9021,,,0.9182,-0.8813
2024-10-14,71.03,73.19,74.64,19.08,-2.16,-1.45,1.6097,134.19,21.3665,20.5038,0.893,,,0.9575,-0.9097
2024-10-15,70.62,72.75,74.21,19.05,-2.13,-1.46,1.6062,132.61,21.342,20.5378,0.8926,,,0.9345,-0.8848
2024-10-16,71.26,73.34,74.79,19.11,-2.08,-1.45,1.6116,129.06,21.2822,20.3349,0.8979,,,0.8876,-0.8457
2024-10-17,70.76,72.85,74.31,19.13,-2.09,-1.46,1.6074,130.02,21.3303,20.2302,0.8968,,,0.8997,-0.854
2024-10-18,70.99,73.09,74.53,18.0,-2.1,-1.44,1.6093,130.49,20.1557,20.2278,0.893,,,0.9044,-0.8611
2024-10-21,72.2,74.12,75.5,18.84,-1.92,-1.38,1.6197,118.54,20.5949,20.2948,0.9148,,,0.7519,-0.7239
2024-10-22,72.08,74.04,75.41,18.24,-1.96,-1.37,1.6187,121.08,20.5556,19.997,0.8873,,,0.7845,-0.7552
2024-10-23,72.51,74.53,75.86,18.4,-2.02,-1.33,1.6224,124.51,19.8427,20.0076,0.9273,,,0.8262,-0.7996
2024-10-24,71.53,73.62,75.03,18.11,-2.09,-1.41,1.614,129.49,20.0841,20.1427,0.9017,,,0.8872,-0.8513
2024-10-25,70.66,72.85,74.39,17.91,-2.19,-1.54,1.6065,136.32,20.2777,20.1132,0.8832,,,0.9707,-0.9249
2024-10-28,70.36,72.54,74.1,17.77,-2.18,-1.56,1.6039,135.92,15.9986,20.1339,1.1107,,,0.9617,-0.9141
2024-10-29,70.56,72.74,74.28,17.71,-2.18,-1.54,1.6056,135.77,15.8561,20.0795,1.1169,,,0.9569,-0.9119
2024-10-30,69.92,72.2,73.85,17.61,-2.28,-1.65,1.6001,142.49,15.673,20.1168,1.1236,,,1.0392,-0.9861
2024-10-31,69.57,71.83,73.46,18.13,-2.26,-1.63,1.5971,141.51,13.7969,20.1136,1.3141,,,1.0261,-0.9711
2024-11-01,70.17,72.33,73.83,17.87,-2.16,-1.5,1.6023,134.81,13.9068,20.1165,1.285,,,0.9414,-0.8957
2024-11-04,69.93,72.27,73.76,18.04,-2.34,-1.49,1.6002,146.23,13.9165,19.8707,1.2963,,,1.0854,-1.0328
2024-11-05,69.95,72.32,73.73,18.05,-2.37,-1.41,1.6004,148.09,13.5757,19.7557,1.3296,,,1.1089,-1.0564
2024-11-06,69.69,72.08,73.53,17.2,-2.39,-1.45,1.5982,149.54,13.2437,19.4924,1.2987,,,1.1303,-1.0754
2024-11-07,71.05,73.43,74.78,17.25,-2.38,-1.35,1.6098,147.84,14.5656,19.6385,1.1843,,,1.1121,-1.0714
2024-11-08,70.98,73.25,74.59,16.87,-2.27,-1.34,1.6092,141.06,14.5339,19.6423,1.1607,,,1.0297,-0.9912
2024-11-11,69.69,72.2,73.55,17.67,-2.51,-1.35,1.5982,157.05,14.8537,20.0347,1.1896,,,1.2332,-1.1758
2024-11-12,68.77,71.07,72.4,17.78,-2.3,-1.33,1.5903,144.63,15.1504,19.7653,1.1736,,,1.0742,-1.0146
2024-11-13,68.9,71.1,72.38,17.35,-2.2,-1.28,1.5914,138.24,15.0813,19.6693,1.1504,,,0.9914,-0.9371
2024-11-14,68.32,70.56,71.86,17.09,-2.24,-1.3,1.5864,141.2,15.0536,19.5044,1.1353,,,1.0295,-0.969
2024-11-15,66.8,68.91,70.28,17.17,-2.11,-1.37,1.5734,134.1,15.8878,19.8174,1.0807,,,0.9417,-0.8726
2024-11-18,66.62,69.02,70.35,17.32,-2.4,-1.33,1.5718,152.69,15.7642,19.2315,1.0987,,,1.1752,-1.0932
2024-11-19,66.89,69.25,70.5,17.53,-2.36,-1.25,1.5741,149.93,15.3247,19.1828,1.1439,,,1.1407,-1.0642
2024-11-20,68.46,70.28,71.51,17.46,-1.82,-1.23,1.5876,114.64,17.0451,19.7905,1.0243,,,0.701,-0.659
2024-11-21,69.19,70.43,71.65,17.23,-1.24,-1.22,1.5939,77.8,17.2917,19.4562,0.9964,,,0.2393,-0.2207
2024-11-22,71.65,70.77,71.89,16.64,0.88,-1.12,1.615,-54.49,20.2108,20.3369,0.8233,,,-1.4446,1.409
2024-11-25,73.2,71.72,72.72,17.49,1.48,-1.0,1.6283,-90.89,20.5485,20.7871,0.8512,,,-1.8898,1.853
2024-11-26,73.37,71.68,72.79,17.0,1.69,-1.11,1.6298,-103.69,20.4498,20.7456,0.8313,,,-2.0283,1.9909
2024-11-27,73.57,71.75,72.84,16.78,1.82,-1.09,1.6315,-111.55,20.3235,20.6335,0.8256,,,-2.0998,2.0634
2024-11-29,73.35,71.93,72.98,17.02,1.42,-1.05,1.6296,-87.14,20.2168,20.6092,0.8419,,,-1.7769,1.744
2024-12-02,71.49,72.65,73.57,17.4,-1.16,-0.92,1.6136,71.89,21.6502,20.7628,0.8037,,,0.1918,-0.1874
2024-12-03,71.27,72.55,73.47,16.8,-1.28,-0.92,1.6117,79.42,21.0806,20.7649,0.7969,,,0.2833,-0.2755
2024-12-04,71.25,72.5,73.43,16.66,-1.25,-0.93,1.6116,77.56,21.0774,20.7177,0.7904,,,0.2585,-0.2515
2024-12-05,71.1,72.38,73.34,16.33,-1.28,-0.96,1.6103,79.49,20.9962,20.3178,0.7778,,,0.2803,-0.2719
2024-12-06,70.11,71.35,72.41,16.36,-1.24,-1.06,1.6018,77.41,21.0187,20.4047,0.7784,,,0.2527,-0.2403
2024-12-09,69.95,71.19,72.25,17.02,-1.24,-1.06,1.6004,77.48,20.7388,20.3435,0.8207,,,0.2512,-0.2381
2024-12-10,69.48,70.69,71.75,17.02,-1.21,-1.06,1.5964,75.8,20.7921,18.4021,0.8186,,,0.2284,-0.2138
2024-12-11,70.15,71.27,72.25,16.53,-1.12,-0.98,1.6021,69.91,20.9755,18.4399,0.7881,,,0.1536,-0.1448
2024-12-12,70.09,71.27,72.26,16.65,-1.18,-0.99,1.6016,73.68,20.8063,18.2717,0.8002,,,0.1989,-0.1884
2024-12-13,69.27,70.41,71.41,15.88,-1.14,-1.0,1.5946,71.49,21.0407,17.6794,0.7547,,,0.17,-0.1569
2024-12-16,69.06,70.22,71.27,15.89,-1.16,-1.05,1.5928,72.83,20.8907,17.6138,0.7606,,,0.185,-0.1704
2024-12-17,68.69,69.82,70.84,16.05,-1.13,-1.02,1.5896,71.09,20.9218,17.6361,0.7671,,,0.1622,-0.1469
2024-12-18,68.08,69.21,70.23,15.9,-1.13,-1.02,1.5844,71.32,21.0577,17.5841,0.7551,,,0.1638,-0.1458
2024-12-19,67.91,69.03,69.98,16.41,-1.12,-0.95,1.5829,70.76,21.0465,17.4448,0.7797,,,0.1558,-0.1374
2024-12-20,68.06,69.17,70.12,16.38,-1.11,-0.95,1.5842,70.07,20.1867,17.4572,0.8114,,,0.1462,-0.1292
2024-12-23,69.42,70.47,71.36,17.07,-1.05,-0.89,1.5959,65.79,21.1035,17.9648,0.8089,,,0.0926,-0.0837
2024-12-24,68.78,69.88,70.85,16.01,-1.1,-0.97,1.5904,69.16,20.6037,17.842,0.777,,,0.1335,-0.1205
2024-12-26,68.75,69.86,70.88,16.03,-1.11,-1.02,1.5901,69.81,20.2406,17.7991,0.792,,,0.1408,-0.1275
2024-12-27,68.89,69.96,70.99,15.92,-1.07,-1.03,1.5913,67.24,20.2418,17.7771,0.7865,,,0.1086,-0.0974
2024-12-30,68.48,69.59,70.59,16.03,-1.11,-1.0,1.5878,69.91,20.1644,17.7267,0.795,,,0.141,-0.1269
2024-12-31,68.4,69.49,70.5,15.88,-1.09,-1.01,1.5871,68.68,19.0033,17.6401,0.8356,,,0.1258,-0.1121
2025-01-02,68.57,69.73,70.75,16.23,-1.16,-1.02,1.5886,73.02,18.98,17.6294,0.8551,,,0.1793,-0.1644
2025-01-03,67.66,68.81,69.89,16.01,-1.15,-1.08,1.5807,72.75,19.4,17.4939,0.8253,,,0.1757,-0.1569
2025-01-06,68.68,69.82,70.85,16.53,-1.14,-1.03,1.5895,71.72,18.692,17.8006,0.8843,,,0.1629,-0.1496
2025-01-07,68.51,69.68,70.75,16.71,-1.17,-1.07,1.588,73.68,18.4363,17.7517,0.9064,,,0.1869,-0.1721
2025-01-08,68.23,69.37,70.4,16.73,-1.14,-1.03,1.5856,71.9,15.121,17.7303,1.1064,,,0.1644,-0.1494
2025-01-09,68.5,69.68,70.75,17.5,-1.18,-1.07,1.588,74.31,13.5782,17.4581,1.2888,,,0.1937,-0.179
2025-01-10,67.01,68.26,69.37,17.08,-1.25,-1.11,1.5752,79.36,14.6584,17.9719,1.1652,,,0.2557,-0.2311
2025-01-13,67.64,68.87,69.93,17.59,-1.23,-1.06,1.5806,77.82,15.0064,17.9799,1.1722,,,0.2356,-0.2154
2025-01-14,67.5,68.7,69.72,17.5,-1.2,-1.02,1.5794,75.98,15.0078,17.9359,1.1661,,,0.2119,-0.1922
2025-01-15,67.77,68.92,69.92,17.65,-1.15,-1.0,1.5817,72.71,13.4547,17.9437,1.3118,,,0.1705,-0.1542
2025-01-16,66.73,67.85,68.88,17.86,-1.12,-1.03,1.5728,71.21,14.0253,17.8075,1.2734,,,0.1513,-0.1313
2025-01-17,67.6,68.63,69.62,18.33,-1.03,-0.99,1.5802,65.18,14.6908,18.0455,1.2477,,,0.076,-0.0635
2025-01-21,67.66,68.78,69.81,18.61,-1.12,-1.03,1.5807,70.85,14.7102,17.9912,1.2651,,,0.1454,-0.1303
2025-01-22,67.14,68.28,69.37,18.71,-1.14,-1.09,1.5763,72.32,14.3587,17.857,1.303,,,0.163,-0.145
2025-01-23,67.47,68.54,69.64,18.58,-1.07,-1.1,1.5791,67.76,14.4728,17.7437,1.2838,,,0.1066,-0.093
2025-01-24,67.61,68.67,69.77,18.69,-1.06,-1.1,1.5803,67.08,14.405,17.738,1.2975,,,0.0983,-0.0859
2025-01-27,67.27,68.36,69.51,18.7,-1.09,-1.15,1.5774,69.1,14.0988,17.7451,1.3264,,,0.1234,-0.1088
2025-01-28,66.98,68.11,69.25,18.46,-1.13,-1.14,1.5749,71.75,14.1229,17.6762,1.3071,,,0.1563,-0.1391
2025-01-29,66.66,67.8,68.96,18.29,-1.14,-1.16,1.5722,72.51,13.8242,17.6739,1.323,,,0.1658,-0.1472
2025-01-30,66.27,67.54,68.74,18.42,-1.27,-1.2,1.5688,80.95,13.8797,17.5971,1.3271,,,0.27,-0.2446
2025-01-31,65.88,67.04,68.23,18.73,-1.16,-1.19,1.5655,74.1,13.8939,17.6193,1.3481,,,0.1851,-0.1624
2025-02-03,66.04,67.11,68.22,18.33,-1.07,-1.11,1.5668,68.29,13.748,17.6314,1.3333,,,0.113,-0.0952
2025-02-04,66.94,68.05,69.1,19.19,-1.11,-1.05,1.5746,70.49,14.369,17.869,1.3355,,,0.1397,-0.125
2025-02-05,66.04,67.2,68.34,18.89,-1.16,-1.14,1.5668,74.04,14.8303,17.5648,1.2737,,,0.1828,-0.1619
2025-02-06,66.03,67.22,68.37,18.95,-1.19,-1.15,1.5668,75.95,13.4645,17.5661,1.4074,,,0.2051,-0.1834
2025-02-07,65.63,66.82,67.96,18.58,-1.19,-1.14,1.5633,76.12,13.3394,17.2317,1.3929,,,0.2058,-0.1823
2025-02-10,66.54,67.71,68.8,19.23,-1.17,-1.09,1.5711,74.47,14.0597,17.2996,1.3677,,,0.1833,-0.1656
2025-02-11,67.4,68.45,69.47,18.93,-1.05,-1.02,1.5785,66.52,14.6066,17.5099,1.296,,,0.0829,-0.0739
2025-02-12,67.47,68.57,69.49,18.68,-1.1,-0.92,1.5791,69.66,14.5291,17.4306,1.2857,,,0.1205,-0.1104
2025-02-13,66.83,67.98,68.88,18.29,-1.15,-0.9,1.5736,73.08,14.7631,16.9173,1.2389,,,0.1608,-0.1461
2025-02-14,67.11,68.31,69.11,18.26,-1.2,-0.8,1.576,76.14,14.8038,16.929,1.2335,,,0.1974,-0.1827
2025-02-18,67.51,68.82,69.69,18.69,-1.31,-0.87,1.5795,82.94,14.4235,16.9522,1.2958,,,0.2794,-0.2632
2025-02-19,66.24,67.68,68.67,18.08,-1.44,-0.99,1.5686,91.8,14.702,16.7057,1.2298,,,0.3861,-0.3579
2025-02-20,65.97,67.47,68.47,17.74,-1.5,-1.0,1.5662,95.77,14.7214,16.5573,1.205,,,0.4319,-0.3999
2025-02-21,66.08,67.34,68.31,17.87,-1.26,-0.97,1.5672,80.4,14.7196,14.8015,1.214,,,0.2393,-0.2182
2025-02-24,66.51,67.88,68.8,18.42,-1.37,-0.92,1.5709,87.21,14.8128,14.1223,1.2435,,,0.3203,-0.2974
2025-02-25,65.96,67.37,68.3,18.16,-1.41,-0.93,1.5662,90.03,13.6081,14.1642,1.3345,,,0.3489,-0.321
2025-02-26,65.37,66.87,67.87,17.74,-1.5,-1.0,1.5611,96.09,13.4883,14.2086,1.3152,,,0.4181,-0.3823
2025-02-27,65.2,66.6,67.68,17.5,-1.4,-1.08,1.5596,89.77,13.4924,14.2077,1.297,,,0.3319,-0.2991
2025-02-28,63.88,65.25,66.39,17.41,-1.37,-1.14,1.5483,88.48,14.5041,13.871,1.2004,,,0.3086,-0.2686
2025-03-03,65.51,66.62,68.09,18.01,-1.11,-1.47,1.5623,71.05,15.9339,14.9358,1.1303,,,0.0774,-0.0578
2025-03-04,63.24,64.52,66.52,19.96,-1.28,-2.0,1.5428,82.97,18.3164,16.4659,1.0897,,,0.224,-0.1835
2025-03-05,63.67,64.87,66.84,19.73,-1.2,-1.97,1.5465,77.59,18.4821,16.5635,1.0675,,,0.1473,-0.1132
2025-03-06,65.21,66.33,68.09,20.25,-1.12,-1.76,1.5597,71.81,19.8566,17.1838,1.0198,,,0.0649,-0.0424
2025-03-07,66.07,67.15,68.46,19.82,-1.08,-1.31,1.5671,68.92,20.2065,17.4302,0.9809,,,0.0196,-0.0027
2025-03-10,66.0,67.21,68.66,20.51,-1.21,-1.45,1.5665,77.24,20.1896,17.3884,1.0159,,,0.1226,-0.1
2025-03-11,66.0,67.19,68.85,20.25,-1.19,-1.66,1.5665,75.97,20.1505,17.2527,1.0049,,,0.0984,-0.0761
2025-03-12,66.98,68.16,69.65,20.95,-1.18,-1.49,1.5749,74.93,20.5998,17.5523,1.017,,,0.0786,-0.0619
2025-03-13,66.53,67.7,69.2,21.08,-1.17,-1.5,1.571,74.47,20.6469,17.4475,1.021,,,0.0667,-0.0479
2025-03-14,67.37,68.6,69.98,21.48,-1.23,-1.38,1.5783,77.93,20.8856,17.6485,1.0285,,,0.1082,-0.0922
2025-03-17,66.98,68.24,69.86,21.16,-1.26,-1.62,1.5749,80.01,20.883,17.6539,1.0133,,,0.1319,-0.1125
2025-03-18,66.47,67.88,69.56,21.15,-1.41,-1.68,1.5705,89.78,21.0081,17.6296,1.0068,,,0.2603,-0.2327
2025-03-19,66.35,67.84,69.52,20.93,-1.49,-1.68,1.5695,94.93,20.63,17.6266,1.0145,,,0.3257,-0.2945
2025-03-20,66.08,67.57,69.36,20.5,-1.49,-1.79,1.5672,95.07,20.2816,17.6342,1.0108,,,0.3225,-0.2895
2025-03-21,65.27,66.79,68.66,20.23,-1.52,-1.87,1.5602,97.42,20.5955,17.2817,0.9823,,,0.3501,-0.3101
2025-03-24,65.42,67.03,68.93,20.36,-1.61,-1.9,1.5615,103.11,20.5373,17.2086,0.9914,,,0.4237,-0.3813
2025-03-25,65.14,66.75,68.8,20.13,-1.61,-2.05,1.5591,103.26,20.1401,17.2229,0.9995,,,0.4215,-0.3772
2025-03-26,65.68,67.22,69.29,20.4,-1.54,-2.07,1.5638,98.48,19.9146,17.3151,1.0244,,,0.3517,-0.3148
2025-03-27,67.07,68.34,70.29,20.88,-1.27,-1.95,1.5757,80.6,20.8912,17.842,0.9995,,,0.1013,-0.0838
2025-03-28,66.9,68.1,70.09,21.15,-1.2,-1.99,1.5742,76.23,20.7173,17.8469,1.0209,,,0.0386,-0.0228
2025-03-31,66.83,67.99,69.92,21.04,-1.16,-1.93,1.5736,73.72,20.6817,17.8375,1.0173,,,0.0016,0.013
2025-04-01,68.25,69.18,70.81,21.04,-0.93,-1.63,1.5858,58.65,21.5125,18.1618,0.978,,,-0.2091,0.2092
2025-04-02,67.8,68.71,70.39,20.97,-0.91,-1.68,1.582,57.52,20.8332,17.9469,1.0066,,,-0.2252,0.2262
2025-04-03,64.8,65.71,67.55,21.46,-0.91,-1.84,1.5562,58.48,24.7223,20.1797,0.868,,,-0.2113,0.2252
2025-04-04,63.36,64.56,66.16,22.29,-1.2,-1.6,1.5438,77.73,25.5078,20.6489,0.8739,,,0.0561,-0.0213
2025-04-07,65.99,66.89,68.23,23.0,-0.9,-1.34,1.5664,57.46,28.2075,22.3444,0.8154,,,-0.2234,0.2307
2025-04-08,65.55,66.33,67.75,22.45,-0.78,-1.42,1.5626,49.92,28.1714,21.9357,0.7969,,,-0.3253,0.3292
2025-04-09,66.63,67.31,68.47,22.71,-0.68,-1.16,1.5719,43.26,28.4407,22.1139,0.7985,,,-0.4145,0.4103
2025-04-10,66.47,67.0,68.28,22.47,-0.53,-1.28,1.5705,33.75,28.4388,22.1152,0.7901,,,-0.5426,0.5333
2025-04-11,65.89,67.01,68.51,22.66,-1.12,-1.5,1.5656,71.54,27.8817,22.165,0.8127,,,-0.0161,0.0306
2025-04-14,64.09,65.35,66.94,21.87,-1.26,-1.59,1.5501,81.29,28.1118,22.6549,0.778,,,0.1212,-0.0907
2025-04-15,65.08,66.12,67.6,20.74,-1.04,-1.48,1.5586,66.73,26.4883,22.721,0.783,,,-0.0777,0.0923
2025-04-16,65.79,66.37,67.91,20.5,-0.58,-1.54,1.5647,37.07,26.5922,22.8409,0.7709,,,-0.4864,0.4796
2025-04-17,66.32,67.13,68.44,20.15,-0.81,-1.31,1.5692,51.62,25.7952,22.8554,0.7812,,,-0.2812,0.2808
2025-04-21,65.77,66.82,68.3,20.49,-1.05,-1.48,1.5645,67.11,25.6372,22.8899,0.7992,,,-0.0612,0.0718
2025-04-22,67.04,67.22,68.71,20.14,-0.18,-1.49,1.5754,11.43,26.2356,23.2336,0.7677,,,-0.831,0.8076
2025-04-23,68.75,69.03,69.97,21.07,-0.28,-0.94,1.5901,17.61,27.1903,23.7807,0.7749,,,-0.7385,0.716
2025-04-24,67.3,69.17,70.37,20.74,-1.87,-1.2,1.5777,118.53,27.6529,24.1755,0.75,,,0.6684,-0.6421
2025-04-25,66.85,68.8,69.97,20.47,-1.95,-1.17,1.5738,123.9,27.6522,24.1952,0.7403,,,0.7407,-0.7084
2025-04-28,66.38,67.55,69.01,21.18,-1.17,-1.46,1.5698,74.53,27.4722,24.2088,0.771,,,0.0533,-0.0434
2025-04-29,66.35,66.49,68.27,20.27,-0.14,-1.78,1.5695,8.92,27.426,24.1776,0.7391,0.0364,-0.9117,-0.8557,0.8308
2025-04-30,65.77,66.02,67.79,21.06,-0.25,-1.77,1.5645,15.98,27.4544,24.2409,0.7671,0.315,-0.7854,-0.7526,0.7321
2025-05-01,65.66,67.43,68.65,20.55,-1.77,-1.22,1.5636,113.2,27.4538,24.0761,0.7485,0.1525,-0.8587,0.5949,-0.5593
2025-05-02,68.41,69.71,70.85,22.54,-1.3,-1.14,1.5872,81.91,29.923,25.3597,0.7533,0.8744,-0.8322,0.1521,-0.1511
2025-05-05,68.42,69.98,71.14,21.78,-1.56,-1.16,1.5873,98.28,29.6515,25.3594,0.7345,0.6245,-0.9072,0.3751,-0.3679
2025-05-06,67.83,69.52,70.67,21.44,-1.69,-1.15,1.5822,106.81,29.7979,25.394,0.7195,0.5217,-0.9648,0.4903,-0.4751
2025-05-07,67.38,69.25,70.45,21.38,-1.87,-1.2,1.5783,118.48,29.8437,25.2845,0.7164,0.5207,-0.9706,0.6535,-0.6289
2025-05-08,66.69,68.75,69.99,20.97,-2.06,-1.24,1.5724,131.01,29.9427,25.2353,0.7003,0.3852,-1.0326,0.8326,-0.7949
2025-05-09,66.61,68.67,69.93,21.16,-2.06,-1.26,1.5717,131.07,29.3107,25.2349,0.7219,0.4865,-0.931,0.8333,-0.7945
2025-05-12,66.63,68.85,70.1,21.35,-2.22,-1.25,1.5719,141.23,29.3028,25.1602,0.7286,0.5578,-0.9011,0.9867,-0.9424
2025-05-13,66.28,68.77,70.08,20.68,-2.49,-1.31,1.5689,158.71,29.3397,25.1668,0.7048,0.2893,-1.0031,1.2581,-1.1995
2025-05-14,65.48,68.25,69.6,20.68,-2.77,-1.35,1.562,177.34,28.8175,25.2509,0.7176,0.287,-0.9453,1.5519,-1.4709
2025-05-15,65.43,68.18,69.51,17.57,-2.75,-1.33,1.5616,176.1,28.775,24.9556,0.6106,-0.9429,-1.405,1.5211,-1.4411
2025-05-16,64.89,67.67,69.06,17.27,-2.78,-1.39,1.557,178.55,25.6837,24.9983,0.6724,-1.0553,-1.1335,1.554,-1.4647
2025-05-19,65.64,68.34,69.69,17.73,-2.7,-1.35,1.5634,172.7,24.9725,25.1118,0.71,-0.8681,-0.9683,1.4553,-1.3812
2025-05-20,66.12,68.74,70.1,17.6,-2.62,-1.36,1.5675,167.15,22.0933,25.1213,0.7966,-0.9147,-0.5942,1.3606,-1.2967
2025-05-21,66.07,68.71,70.09,17.65,-2.64,-1.38,1.5671,168.46,22.0024,25.0635,0.8022,-0.8903,-0.5709,1.3767,-1.3117
2025-05-22,65.63,68.26,69.63,17.86,-2.63,-1.37,1.5633,168.23,21.5476,25.0326,0.8289,-0.804,-0.4569,1.3691,-1.2979
2025-05-23,66.11,68.63,70.0,17.9,-2.52,-1.37,1.5674,160.78,21.6561,25.0696,0.8266,-0.7839,-0.4699,1.2546,-1.1944
2025-05-27,65.57,68.32,69.81,18.07,-2.75,-1.49,1.5628,175.97,21.6373,24.7617,0.8351,-0.7135,-0.4366,1.5402,-1.4636
2025-05-28,65.33,68.1,69.58,18.07,-2.77,-1.48,1.5607,177.48,20.042,24.2297,0.9016,-0.7098,-0.1513,1.5899,-1.5091
2025-05-29,64.84,67.76,69.29,17.83,-2.92,-1.53,1.5565,187.6,19.6777,23.1504,0.9061,-0.799,-0.1361,1.8267,-1.7337
2025-05-30,65.06,67.75,69.22,17.81,-2.69,-1.47,1.5584,172.61,19.4334,23.121,0.9165,-0.8019,-0.0951,1.5942,-1.5161
2025-06-02,66.13,68.69,70.11,17.9,-2.56,-1.42,1.5676,163.31,19.8877,22.8417,0.9001,-0.7615,-0.172,1.4183,-1.3638
2025-06-03,66.05,68.53,69.95,17.68,-2.48,-1.42,1.5669,158.27,19.7382,22.6851,0.8957,-0.8406,-0.1956,1.3212,-1.2677
2025-06-04,64.99,67.77,69.24,17.79,-2.78,-1.47,1.5578,178.46,19.4374,22.9254,0.9152,-0.7911,-0.1143,1.716,-1.6343
2025-06-05,65.36,67.98,69.43,17.55,-2.62,-1.45,1.561,167.84,17.9129,22.9577,0.9797,-0.8778,0.1665,1.4913,-1.4228
2025-06-06,65.62,68.21,69.69,17.57,-2.59,-1.48,1.5632,165.69,16.9798,22.7644,1.0348,-0.863,0.4058,1.4513,-1.3883
2025-06-09,65.99,68.35,69.72,17.14,-2.36,-1.37,1.5664,150.66,16.9857,22.7569,1.0091,-1.0236,0.2863,1.1601,-1.11
2025-06-10,65.42,67.71,69.06,17.19,-2.29,-1.35,1.5615,146.65,17.047,22.6672,1.0084,-0.9961,0.2778,1.0785,-1.0199
2025-06-11,65.47,67.65,69.0,17.05,-2.18,-1.35,1.562,139.56,17.0508,22.6414,1.0,-1.044,0.2352,0.9201,-0.8656
2025-06-12,65.14,67.47,68.79,17.23,-2.33,-1.32,1.5591,149.45,16.9263,22.6121,1.0179,-0.9654,0.3099,1.1349,-1.0695
2025-06-13,65.36,67.84,69.06,17.34,-2.48,-1.22,1.561,158.87,16.9544,22.6226,1.0227,-0.9147,0.3258,1.3393,-1.2737
2025-06-16,65.44,68.02,69.21,16.85,-2.58,-1.19,1.5617,165.2,11.6471,22.6104,1.4467,-1.0991,2.2173,1.47,-1.4037
2025-06-17,65.05,67.55,68.74,17.06,-2.5,-1.19,1.5583,160.43,11.7079,22.5015,1.4571,-1.0088,2.2373,1.3514,-1.2805
2025-06-18,64.84,66.67,67.85,17.42,-1.83,-1.18,1.5565,117.57,11.5312,22.5053,1.5107,-0.8605,2.4419,0.3938,-0.3416
2025-06-20,64.04,66.7,67.92,16.84,-2.66,-1.22,1.5497,171.65,11.8706,22.6305,1.4186,-1.08,2.0112,1.5878,-1.493
2025-06-23,63.96,67.41,68.64,17.13,-3.45,-1.23,1.549,222.72,11.5874,22.561,1.4783,-0.9592,2.2476,2.6739,-2.5524
2025-06-24,66.01,67.79,69.07,17.35,-1.78,-1.28,1.5666,113.62,15.0151,23.0889,1.1555,-0.8663,0.8211,0.3033,-0.2709
2025-06-25,66.44,68.32,69.61,17.96,-1.88,-1.29,1.5703,119.72,15.1434,23.1251,1.186,-0.6223,0.9489,0.4412,-0.4133
2025-06-26,67.07,68.8,70.12,17.7,-1.73,-1.32,1.5757,109.79,15.3058,23.2067,1.1564,-0.7183,0.8114,0.2229,-0.2066
2025-06-27,67.52,69.32,70.6,17.59,-1.8,-1.28,1.5795,113.96,14.9339,22.8365,1.1779,-0.7556,0.9005,0.3222,-0.3116
2025-06-30,66.28,68.13,69.46,16.5,-1.85,-1.33,1.5689,117.92,15.9709,23.1091,1.0331,-1.1732,0.2476,0.4165,-0.388
2025-07-01,68.03,69.31,70.36,15.74,-1.28,-1.05,1.5839,80.81,17.3819,21.777,0.9055,-1.4576,-0.3336,-0.4172,0.418
2025-07-02,68.63,69.9,70.93,15.48,-1.27,-1.03,1.5891,79.92,17.2649,21.2862,0.8966,-1.5441,-0.3831,-0.4353,0.43
2025-07-03,68.46,69.78,70.82,15.29,-1.32,-1.04,1.5876,83.14,17.2117,19.6544,0.8883,-1.6022,-0.4307,-0.36,0.3561
2025-07-07,67.89,69.26,70.3,15.28,-1.37,-1.04,1.5827,86.56,17.425,19.6839,0.8769,-1.5919,-0.4943,-0.2806,0.2826
2025-07-08,67.38,68.75,69.81,14.73,-1.37,-1.06,1.5783,86.8,17.4592,19.4747,0.8437,-1.7841,-0.66,-0.2732,0.2805
2025-07-09,67.78,69.14,70.19,14.4,-1.36,-1.05,1.5818,85.98,17.4201,19.5021,0.8266,-1.8882,-0.7506,-0.2896,0.2924
2025-07-10,67.73,69.06,70.12,14.31,-1.33,-1.06,1.5813,84.11,17.2169,19.4115,0.8312,-1.901,-0.7396,-0.3293,0.3324
2025-07-11,67.42,68.75,69.8,14.02,-1.33,-1.05,1.5787,84.25,17.241,18.5378,0.8132,-1.986,-0.8355,-0.3236,0.3298
2025-07-14,68.12,69.4,70.39,14.35,-1.28,-0.99,1.5847,80.77,17.2457,18.3988,0.8321,-1.8423,-0.7547,-0.3996,0.3981
2025-07-15,68.59,69.84,70.82,14.6,-1.25,-0.98,1.5887,78.68,17.3059,18.3235,0.8436,-1.732,-0.7095,-0.444,0.4378
2025-07-16,68.56,69.83,70.84,14.22,-1.27,-1.01,1.5885,79.95,16.7542,18.2609,0.8487,-1.8508,-0.6928,-0.4121,0.406
2025-07-17,68.8,70.08,71.09,19.24,-1.28,-1.01,1.5905,80.48,16.7508,18.1759,1.1486,-0.0129,0.7603,-0.3965,0.388
2025-07-18,68.68,69.98,71.01,19.4,-1.3,-1.03,1.5895,81.79,15.9403,17.7735,1.217,0.0473,1.0869,-0.3638,0.3563
2025-07-21,68.1,69.46,70.52,19.37,-1.36,-1.06,1.5845,85.83,16.1707,17.0946,1.1978,0.0416,0.985,-0.2694,0.2676
2025-07-22,68.25,69.61,70.67,18.97,-1.36,-1.06,1.5858,85.76,16.1541,16.5211,1.1743,-0.0988,0.8627,-0.268,0.2645
2025-07-23,68.24,69.63,70.73,18.35,-1.39,-1.1,1.5857,87.66,16.1067,16.458,1.1393,-0.3218,0.6849,-0.2221,0.2187
2025-07-24,68.71,70.13,71.19,18.59,-1.42,-1.06,1.5898,89.32,15.9142,16.4379,1.1681,-0.2266,0.8197,-0.1818,0.1731
2025-07-25,68.23,69.65,70.71,18.75,-1.42,-1.06,1.5856,89.56,16.1096,16.5102,1.1639,-0.1602,0.7927,-0.1745,0.1711
2025-07-28,68.34,69.76,70.86,19.46,-1.42,-1.1,1.5866,89.5,15.9938,16.3986,1.2167,0.117,1.0444,-0.1739,0.1692
2025-07-29,67.67,69.05,70.18,19.62,-1.38,-1.13,1.5808,87.3,16.3223,16.533,1.202,0.1898,0.9651,-0.2219,0.2245
2025-07-30,67.5,68.84,69.95,18.78,-1.34,-1.11,1.5794,84.84,16.3569,14.2207,1.1481,-0.1261,0.695,-0.276,0.2799
2025-07-31,67.25,68.6,69.74,18.29,-1.35,-1.14,1.5772,85.59,16.2855,14.2384,1.1231,-0.3098,0.5671,-0.2574,0.2639
2025-08-01,66.36,67.69,68.86,19.75,-1.33,-1.17,1.5696,84.73,16.7744,14.3868,1.1774,0.2701,0.8271,-0.2751,0.2906
2025-08-04,66.64,67.98,69.13,19.32,-1.34,-1.15,1.572,85.24,16.3247,14.3562,1.1835,0.1085,0.8503,-0.2619,0.2746
2025-08-05,67.11,68.42,69.56,19.22,-1.31,-1.14,1.576,83.12,16.3874,14.2738,1.1729,0.0766,0.7918,-0.3084,0.3159
2025-08-06,66.84,68.19,69.32,19.14,-1.35,-1.13,1.5737,85.79,13.7736,14.2967,1.3896,0.0548,1.8358,-0.246,0.2568
2025-08-07,66.43,67.9,69.09,18.92,-1.47,-1.19,1.5702,93.62,13.7764,14.353,1.3734,-0.0253,1.7405,-0.0666,0.0834
2025-08-08,66.6,68.07,69.27,19.82,-1.47,-1.2,1.5716,93.54,13.5083,14.3211,1.4672,0.3563,2.1697,-0.0682,0.0831
2025-08-11,66.76,68.23,69.42,19.97,-1.47,-1.19,1.573,93.45,13.3739,14.0993,1.4932,0.4339,2.266,-0.0701,0.083
2025-08-12,68.39,69.84,71.02,20.08,-1.45,-1.18,1.587,91.37,14.0392,14.9162,1.4303,0.5012,1.9481,-0.1182,0.1124
2025-08-13,67.73,69.32,70.55,21.5,-1.59,-1.23,1.5813,100.55,12.2083,14.9554,1.7611,1.1477,3.4304,0.09,-0.0878
2025-08-14,67.68,69.25,70.54,12.68,-1.57,-1.29,1.5809,99.31,11.9115,14.788,1.0645,-2.7767,0.2213,0.0618,-0.0591
2025-08-15,67.54,69.07,70.35,12.18,-1.53,-1.28,1.5797,96.85,11.906,14.7291,1.023,-3.0699,0.0391,0.0062,-0.0021
2025-08-18,67.81,69.33,70.6,12.1,-1.52,-1.27,1.582,96.08,11.7298,14.7459,1.0316,-3.0374,0.0838,-0.011,0.012
2025-08-19,67.56,69.19,70.48,12.22,-1.63,-1.29,1.5799,103.17,11.5679,14.697,1.0564,-2.9188,0.2071,0.1498,-0.1452
2025-08-20,67.6,69.24,70.52,12.04,-1.64,-1.28,1.5802,103.78,11.4369,14.6285,1.0527,-2.9356,0.1896,0.1622,-0.1581
2025-08-21,67.42,69.1,70.39,11.98,-1.68,-1.29,1.5787,106.42,11.46,14.5336,1.0454,-2.8999,0.1544,0.2203,-0.2137
2025-08-22,68.01,69.74,71.01,12.5,-1.73,-1.27,1.5838,109.23,11.6594,14.6046,1.0721,-2.6256,0.2834,0.2817,-0.2829
2025-08-25,67.32,69.12,70.45,12.27,-1.8,-1.33,1.5778,114.08,11.6414,14.6787,1.054,-2.674,0.1945,0.3904,-0.3817
2025-08-26,66.71,68.53,69.88,12.32,-1.82,-1.35,1.5726,115.73,11.6953,14.8009,1.0534,-2.6055,0.19,0.4251,-0.4078
2025-08-27,66.68,68.44,69.78,12.16,-1.76,-1.34,1.5723,111.94,11.6953,14.426,1.0397,-2.6242,0.1223,0.3372,-0.3203
2025-08-28,67.3,69.08,70.41,12.83,-1.78,-1.33,1.5777,112.82,11.9998,14.5432,1.0692,-2.3137,0.264,0.356,-0.3479
2025-08-29,66.54,68.44,69.79,13.23,-1.9,-1.35,1.5711,120.93,12.3872,14.3418,1.068,-2.1228,0.2558,0.5389,-0.5185
2025-09-02,66.05,67.91,69.32,13.73,-1.86,-1.41,1.5669,118.71,12.3343,14.3861,1.1132,-1.8994,0.4718,0.4864,-0.4594
2025-09-03,66.21,68.06,69.46,13.49,-1.85,-1.4,1.5683,117.96,12.3395,14.3722,1.0932,-1.9729,0.3709,0.4679,-0.4438
2025-09-04,66.2,68.09,69.48,13.06,-1.89,-1.39,1.5682,120.52,12.3394,14.3269,1.0584,-2.1155,0.1995,0.5246,-0.5
2025-09-05,66.03,67.96,69.34,12.5,-1.93,-1.38,1.5668,123.18,12.1172,14.2223,1.0316,-2.3018,0.0674,0.5834,-0.5559
2025-09-08,66.21,68.14,69.53,12.74,-1.93,-1.39,1.5683,123.06,12.0486,14.2315,1.0574,-2.1777,0.1916,0.5795,-0.555
2025-09-09,66.46,68.37,69.74,12.68,-1.91,-1.37,1.5704,121.63,12.1053,14.2076,1.0475,-2.1705,0.1416,0.5462,-0.5257
2025-09-10,66.67,68.59,69.96,12.75,-1.92,-1.37,1.5723,122.11,11.8567,14.2057,1.0753,-2.1151,0.2748,0.556,-0.5389
2025-09-11,66.72,68.63,70.0,13.11,-1.91,-1.37,1.5727,121.45,11.8461,14.2048,1.1067,-1.9546,0.4258,0.539,-0.5228
2025-09-12,66.83,68.75,70.12,12.62,-1.92,-1.37,1.5736,122.01,11.8173,14.1461,1.0679,-2.1108,0.2347,0.5492,-0.5347
2025-09-15,66.84,68.75,70.09,12.71,-1.91,-1.34,1.5737,121.37,11.144,14.1255,1.1405,-2.0505,0.5843,0.5316,-0.5175
2025-09-16,67.68,69.57,70.86,13.09,-1.89,-1.29,1.5809,119.55,11.6473,14.0744,1.1239,-1.8875,0.4999,0.4874,-0.486
2025-09-17,67.25,69.2,70.54,13.22,-1.95,-1.34,1.5772,123.64,11.6438,14.1472,1.1354,-1.8206,0.5515,0.5764,-0.5684
2025-09-18,66.9,68.84,70.17,13.39,-1.94,-1.33,1.5742,123.24,11.6851,12.6672,1.1459,-1.7408,0.5979,0.5644,-0.5515
2025-09-19,66.29,68.28,69.66,12.81,-1.99,-1.38,1.569,126.83,11.8547,12.7423,1.0806,-1.9315,0.2769,0.6433,-0.6208
2025-09-22,66.22,68.18,69.57,13.21,-1.96,-1.39,1.5684,124.97,11.8313,12.5895,1.1165,-1.7727,0.4482,0.5983,-0.5755
2025-09-23,66.64,68.56,69.93,13.34,-1.92,-1.37,1.572,122.14,11.9599,12.5812,1.1154,-1.7114,0.4392,0.5321,-0.5165
2025-09-24,66.17,68.11,69.48,13.32,-1.94,-1.37,1.568,123.72,9.679,12.0778,1.3762,-1.7046,1.6914,0.5659,-0.5437
2025-09-25,66.28,68.19,69.52,13.41,-1.91,-1.33,1.5689,121.74,9.3567,10.7936,1.4332,-1.6594,1.9439,0.5198,-0.5
2025-09-26,66.4,68.26,69.58,13.5,-1.86,-1.32,1.5699,118.48,9.3854,10.6327,1.4384,-1.6161,1.9453,0.4454,-0.4285
2025-09-29,65.5,67.44,68.77,14.36,-1.94,-1.33,1.5622,124.18,10.1108,10.9605,1.4203,-1.296,1.8386,0.5721,-0.541
2025-09-30,65.77,67.57,68.86,14.24,-1.8,-1.29,1.5645,115.05,10.1162,10.8878,1.4076,-1.3329,1.7597,0.366,-0.3419
2025-10-01,65.59,67.46,68.76,14.31,-1.87,-1.3,1.563,119.64,10.0981,10.7998,1.4171,-1.3006,1.7851,0.4681,-0.4406
2025-10-02,65.09,67.04,68.36,14.46,-1.95,-1.32,1.5587,125.1,10.2673,10.8162,1.4084,-1.2385,1.7265,0.5907,-0.5547
2025-10-03,65.3,67.19,68.5,14.97,-1.89,-1.31,1.5605,121.12,10.3389,10.8456,1.4479,-1.0425,1.8886,0.5012,-0.47
2025-10-06,65.14,67.09,68.43,14.47,-1.95,-1.34,1.5591,125.07,9.9192,10.8209,1.4588,-1.2228,1.9163,0.5904,-0.5562
2025-10-07,64.46,66.38,67.74,14.89,-1.92,-1.36,1.5533,123.61,9.9423,10.7662,1.4976,-1.0572,2.0672,0.5575,-0.5142
2025-10-08,64.91,66.76,68.06,14.56,-1.85,-1.3,1.5571,118.81,9.9573,10.7687,1.4622,-1.1753,1.8852,0.4504,-0.4163
2025-10-09,64.47,66.34,67.66,13.67,-1.87,-1.32,1.5534,120.38,10.1008,10.8353,1.3534,-1.506,1.383,0.4872,-0.4468
2025-10-10,63.84,65.6,66.89,14.35,-1.76,-1.29,1.548,113.7,9.9088,10.9412,1.4482,-1.2404,1.7906,0.3384,-0.2923
2025-10-13,63.59,65.26,66.56,14.34,-1.67,-1.3,1.5458,108.03,9.5093,10.9545,1.508,-1.234,2.0319,0.2125,-0.1664
2025-10-14,63.51,65.09,66.31,14.48,-1.58,-1.22,1.5451,102.26,9.3445,10.8513,1.5496,-1.1712,2.1858,0.0849,-0.0409
2025-10-15,63.76,65.33,66.55,14.74,-1.57,-1.22,1.5473,101.47,9.4068,10.88,1.567,-1.0637,2.2302,0.07,-0.03
2025-10-16,63.73,65.29,66.5,15.24,-1.56,-1.21,1.547,100.84,9.404,10.8789,1.6206,-0.8665,2.4247,0.0587,-0.0189
2025-10-17,64.28,65.78,66.97,15.1,-1.5,-1.19,1.5517,96.67,9.8171,10.9388,1.5381,-0.9129,2.0428,-0.0329,0.064
2025-10-20,64.16,65.77,67.01,15.09,-1.61,-1.24,1.5507,103.82,9.7601,10.8709,1.5461,-0.9098,2.0506,0.1318,-0.0969
2025-10-21,64.42,65.98,67.18,15.21,-1.56,-1.2,1.5529,100.46,9.7722,10.9075,1.5565,-0.8588,2.0678,0.0582,-0.0281
2025-10-22,63.74,65.42,66.65,14.91,-1.68,-1.23,1.5471,108.59,10.0688,10.935,1.4808,-0.9655,1.7302,0.244,-0.2024
2025-10-23,64.07,65.67,66.92,14.92,-1.6,-1.25,1.5499,103.23,10.2344,11.0025,1.4578,-0.9551,1.6177,0.1238,-0.0893
2025-10-24,64.2,65.71,66.95,14.8,-1.51,-1.24,1.551,97.36,10.2446,11.002,1.4447,-0.9935,1.548,-0.0073,0.0376
2025-10-27,64.56,66.07,67.3,14.88,-1.51,-1.23,1.5541,97.16,10.433,10.7608,1.4262,-0.9567,1.4577,-0.0089,0.0344
2025-10-28,65.05,66.6,67.8,15.34,-1.55,-1.2,1.5583,99.47,9.96,10.8445,1.5402,-0.7784,1.9078,0.0471,-0.0272
2025-10-29,66.01,67.51,68.71,15.22,-1.5,-1.2,1.5666,95.75,10.8567,11.175,1.4019,-0.8187,1.3286,-0.0342,0.0414
2025-10-30,65.12,66.69,67.91,14.9,-1.57,-1.22,1.5589,100.71,11.4198,11.479,1.3048,-0.9334,0.9253,0.0825,-0.0638
2025-10-31,65.54,66.73,67.9,14.12,-1.19,-1.17,1.5626,76.16,11.3333,11.5009,1.2459,-1.2178,0.6813,-0.4744,0.483
2025-11-03,65.68,66.88,68.02,14.18,-1.2,-1.14,1.5638,76.74,11.3544,11.4968,1.2489,-1.1863,0.6953,-0.4559,0.4632
2025-11-04,65.2,66.42,67.57,13.91,-1.22,-1.15,1.5596,78.23,11.355,11.5745,1.225,-1.2772,0.5987,-0.4171,0.4292
2025-11-05,65.23,66.4,67.57,13.07,-1.17,-1.17,1.5599,75.0,11.1978,10.3889,1.1672,-1.5751,0.3642,-0.4859,0.4966
2025-11-06,64.54,65.77,66.98,13.33,-1.23,-1.21,1.554,79.15,11.5551,10.4249,1.1536,-1.4657,0.3118,-0.3849,0.4033
2025-11-07,63.62,65.14,66.35,13.21,-1.52,-1.21,1.5461,98.31,12.1614,10.7885,1.0862,-1.4974,0.038,0.0628,-0.0277
2025-11-10,64.31,65.77,66.92,13.22,-1.46,-1.15,1.552,94.07,12.0894,11.0541,1.0935,-1.4813,0.0696,-0.0307,0.0556
2025-11-11,63.88,65.38,66.57,12.79,-1.5,-1.19,1.5483,96.88,12.1287,11.0729,1.0545,-1.6241,-0.0895,0.0388,-0.0081
2025-11-12,63.3,64.81,66.0,13.03,-1.51,-1.19,1.5433,97.84,12.3485,11.1847,1.0552,-1.523,-0.0845,0.067,-0.029
2025-11-13,62.9,64.53,65.7,13.02,-1.63,-1.17,1.5399,105.85,12.2945,11.2304,1.059,-1.5129,-0.0669,0.2587,-0.2122
2025-11-14,62.49,64.13,65.35,12.41,-1.64,-1.22,1.5364,106.74,12.319,11.2799,1.0074,-1.7157,-0.2776,0.283,-0.2309
2025-11-17,62.36,64.06,65.25,12.31,-1.7,-1.19,1.5353,110.73,12.3169,11.0873,0.9994,-1.7343,-0.3083,0.3804,-0.3247
2025-11-18,62.57,64.39,65.57,12.55,-1.82,-1.18,1.5371,118.4,12.0857,10.9779,1.0384,-1.6334,-0.1467,0.5632,-0.507
2025-11-19,62.3,63.78,65.03,12.5,-1.48,-1.25,1.5347,96.44,11.8815,10.8745,1.0521,-1.6355,-0.0894,0.0508,-0.0019
2025-11-20,61.68,63.74,65.0,12.41,-2.06,-1.26,1.5294,134.69,12.0437,11.0238,1.0304,-1.6511,-0.1771,0.9592,-0.8798
2025-11-21,61.35,63.85,65.07,12.63,-2.5,-1.22,1.5266,163.76,11.843,10.8314,1.0665,-1.5596,-0.0288,1.6357,-1.5339
2025-11-24,61.44,64.0,65.23,12.92,-2.56,-1.23,1.5274,167.61,11.8433,10.6525,1.0909,-1.4464,0.0704,1.7086,-1.6083
2025-11-25,62.43,64.23,65.43,12.6,-1.8,-1.2,1.5359,117.2,12.8415,11.1499,0.9812,-1.5446,-0.3858,0.5226,-0.4665
2025-11-26,62.77,64.57,65.75,12.47,-1.8,-1.18,1.5388,116.97,12.8945,11.2056,0.9671,-1.5749,-0.4466,0.5183,-0.4662
2025-11-28,62.91,64.71,65.92,12.58,-1.8,-1.21,1.54,116.88,12.9192,11.2229,0.9737,-1.5239,-0.4223,0.5206,-0.4692
2025-12-01,64.63,65.78,66.81,12.67,-1.15,-1.03,1.5547,73.97,14.9704,12.5805,0.8463,-1.481,-0.9516,-0.6737,0.6972
2025-12-02,64.57,65.71,66.71,12.28,-1.14,-1.0,1.5542,73.35,14.9617,12.5646,0.8208,-1.5993,-1.0567,-0.7502,0.7789
2025-12-03,64.46,65.6,66.6,12.34,-1.14,-1.0,1.5533,73.39,14.9265,12.5368,0.8267,-1.5645,-1.033,-0.7493,0.7786
2025-12-04,64.08,65.23,66.26,12.22,-1.15,-1.03,1.55,74.19,14.6959,12.5613,0.8315,-1.5908,-1.0143,-0.7245,0.7579
2025-12-05,63.93,65.0,66.03,12.07,-1.07,-1.03,1.5487,69.09,14.6355,12.5624,0.8247,-1.6264,-1.0437,-0.8747,0.9094
2025-12-08,63.68,64.76,65.8,12.1,-1.08,-1.04,1.5466,69.83,14.6628,12.5696,0.8252,-1.6026,-1.0434,-0.8509,0.8877
2025-12-09,63.86,64.92,65.91,11.95,-1.06,-0.99,1.5481,68.47,14.5884,12.5901,0.8191,-1.6379,-1.0703,-0.8895,0.9237
2025-12-10,64.12,65.17,66.16,11.98,-1.05,-0.99,1.5504,67.72,14.4579,12.3271,0.8286,-1.6129,-1.031,-0.9098,0.9404
2025-12-11,63.97,65.05,66.07,11.74,-1.08,-1.02,1.5491,69.72,13.7333,12.2782,0.8549,-1.6755,-0.9226,-0.8493,0.8814
2025-12-12,63.83,64.91,65.94,11.52,-1.08,-1.03,1.5479,69.77,13.2176,12.2477,0.8716,-1.7306,-0.8557,-0.8478,0.8808
2025-12-15,63.94,65.06,66.1,11.47,-1.12,-1.04,1.5488,72.31,13.0675,12.1323,0.8778,-1.7297,-0.8322,-0.7722,0.8036
2025-12-16,63.1,64.26,65.38,12.32,-1.16,-1.12,1.5416,75.25,13.5159,12.405,0.9115,-1.4446,-0.6958,-0.6857,0.7274
2025-12-17,63.43,64.53,65.58,12.38,-1.1,-1.05,1.5444,71.23,13.5213,12.3799,0.9156,-1.4153,-0.683,-0.8046,0.8413
2025-12-18,63.51,64.61,65.66,11.93,-1.1,-1.05,1.5451,71.19,13.5304,12.3177,0.8817,-1.5471,-0.829,-0.8058,0.841
2025-12-19,63.75,64.84,65.86,11.33,-1.09,-1.02,1.5472,70.45,13.2706,12.3425,0.8538,-1.7228,-0.9498,-0.8276,0.8595
2025-12-22,63.61,64.78,65.85,11.46,-1.17,-1.07,1.546,75.68,12.6118,12.3357,0.9087,-1.666,-0.7221,-0.6734,0.7073
2025-12-23,64.01,65.2,66.27,11.92,-1.19,-1.07,1.5494,76.8,12.3408,12.1173,0.9659,-1.5084,-0.4841,-0.6413,0.67
2025-12-24,64.24,65.49,66.58,11.82,-1.25,-1.09,1.5514,80.57,12.226,12.1094,0.9668,-1.5262,-0.484,-0.5318,0.5575
2025-12-26,64.49,65.78,66.95,12.18,-1.29,-1.17,1.5535,83.04,11.9433,12.1306,1.0198,-1.4034,-0.264,-0.4605,0.4828
2025-12-29,64.35,65.63,66.84,11.69,-1.28,-1.21,1.5523,82.46,11.7925,12.0401,0.9913,-1.5434,-0.3898,-0.4797,0.5037
2025-12-30,64.32,65.64,66.85,11.79,-1.32,-1.21,1.5521,85.05,11.5955,12.0191,1.0168,-1.5007,-0.2857,-0.4053,0.4295
2025-12-31,64.27,65.6,66.83,11.36,-1.33,-1.23,1.5517,85.71,11.5719,12.0109,0.9817,-1.6192,-0.4403,-0.3879,0.4124
2026-01-02,64.01,65.37,66.72,11.27,-1.36,-1.35,1.5494,87.78,11.6401,11.8471,0.9682,-1.6327,-0.5014,-0.3288,0.3573
2026-01-05,64.65,65.99,67.31,11.77,-1.34,-1.32,1.5549,86.18,11.832,11.9389,0.9948,-1.4682,-0.39,-0.3786,0.3974
2026-01-06,65.06,66.43,67.74,12.39,-1.37,-1.31,1.5584,87.91,11.4238,11.9257,1.0846,-1.2712,-0.0077,-0.3289,0.3417
2026-01-07,64.85,66.27,67.61,12.05,-1.42,-1.34,1.5566,91.22,11.3242,11.7657,1.0641,-1.3638,-0.0994,-0.2323,0.2477
2026-01-08,64.46,65.93,67.31,13.1,-1.47,-1.38,1.5533,94.64,11.5525,11.8056,1.134,-1.04,0.1992,-0.1323,0.1537
2026-01-09,64.41,65.91,67.31,12.88,-1.5,-1.4,1.5529,96.59,10.731,11.8035,1.2003,-1.0991,0.4844,-0.0768,0.0986
2026-01-12,64.91,66.44,67.86,13.07,-1.53,-1.42,1.5571,98.26,10.8331,11.8798,1.2065,-1.0346,0.5132,-0.0295,0.0433
2026-01-13,64.88,66.41,67.86,12.89,-1.53,-1.45,1.5569,98.27,10.8372,11.8798,1.1894,-1.0812,0.4386,-0.0314,0.0455
2026-01-14,64.99,66.5,67.91,12.88,-1.51,-1.41,1.5578,96.93,7.5587,11.7575,1.704,-1.0763,2.6223,-0.0742,0.0865
2026-01-15,64.71,66.27,67.69,12.82,-1.56,-1.42,1.5554,100.3,7.6652,11.7865,1.6725,-1.0863,2.4497,0.0246,-0.0077
2026-01-16,64.66,66.23,67.65,12.63,-1.57,-1.42,1.555,100.96,7.6512,11.7597,1.6507,-1.1344,2.3303,0.0412,-0.0239
2026-01-20,64.34,65.96,67.43,12.84,-1.62,-1.47,1.5523,104.36,7.5909,11.5965,1.6915,-1.0639,2.4663,0.1402,-0.1174
2026-01-21,64.3,65.92,67.4,12.73,-1.62,-1.48,1.5519,104.39,7.5584,11.5503,1.6842,-1.0881,2.4026,0.1367,-0.113
2026-01-22,63.88,65.49,66.97,12.69,-1.61,-1.48,1.5483,103.99,7.7198,11.6215,1.6438,-1.0913,2.2114,0.1207,-0.0899
2026-01-23,63.81,65.48,66.97,12.64,-1.67,-1.49,1.5477,107.9,7.6833,11.5627,1.6451,-1.0974,2.1928,0.2355,-0.2032
2026-01-26,62.97,64.68,66.3,12.87,-1.71,-1.62,1.5405,111.0,8.4801,11.7516,1.5177,-1.0215,1.6691,0.3252,-0.2769
2026-01-27,63.83,65.45,67.01,13.56,-1.62,-1.56,1.5479,104.66,9.3999,11.6936,1.4426,-0.8116,1.3628,0.1277,-0.0965
2026-01-28,63.73,65.46,67.1,13.13,-1.73,-1.64,1.547,111.83,9.3895,11.3775,1.3984,-0.9312,1.1837,0.342,-0.3079
2026-01-29,63.48,65.37,67.01,13.41,-1.89,-1.64,1.5449,122.34,9.4394,11.3114,1.4206,-0.8423,1.2681,0.6578,-0.6169
2026-01-30,63.17,64.93,66.55,13.81,-1.76,-1.62,1.5422,114.12,8.7256,11.3323,1.5827,-0.719,1.8985,0.4016,-0.3568
2026-02-02,62.67,64.4,66.1,13.54,-1.73,-1.7,1.5379,112.49,8.8793,11.3484,1.5249,-0.7924,1.66,0.348,-0.2943
2026-02-03,62.31,64.11,65.8,13.41,-1.8,-1.69,1.5348,117.28,8.9975,11.3937,1.4904,-0.8242,1.5175,0.4901,-0.4276
2026-02-04,62.24,63.99,65.72,13.53,-1.75,-1.73,1.5342,114.07,8.9004,11.207,1.5202,-0.783,1.6257,0.3867,-0.3243
2026-02-05,61.76,63.5,65.26,13.72,-1.74,-1.76,1.5301,113.72,9.1185,10.9391,1.5046,-0.7211,1.5569,0.3712,-0.3
2026-02-06,61.06,63.04,64.83,14.76,-1.98,-1.79,1.5241,129.91,9.3327,10.9066,1.5815,-0.4106,1.8414,0.8628,-0.7689
2026-02-09,61.61,63.76,65.45,15.38,-2.15,-1.69,1.5288,140.63,9.7137,11.0204,1.5833,-0.224,1.8382,1.1831,-1.0966
2026-02-10,61.59,63.78,65.48,15.23,-2.19,-1.7,1.5286,143.27,9.5908,10.8765,1.588,-0.2646,1.8452,1.2537,-1.1662
2026-02-11,61.99,64.04,65.69,15.41,-2.05,-1.65,1.5321,133.8,9.8642,10.8975,1.5622,-0.2073,1.7359,0.9556,-0.8827
2026-02-12,62.29,64.33,65.98,15.33,-2.04,-1.65,1.5347,132.93,10.0187,10.8659,1.5301,-0.227,1.6026,0.9215,-0.856
2026-02-13,62.11,64.13,65.82,14.61,-2.02,-1.69,1.5331,131.76,10.0321,10.8736,1.4563,-0.4358,1.3149,0.8785,-0.8099
2026-02-17,61.52,63.64,65.37,14.6,-2.12,-1.73,1.528,138.74,10.2935,11.0205,1.4184,-0.4346,1.1653,1.0842,-0.9997
2026-02-18,61.55,63.76,65.47,14.82,-2.21,-1.71,1.5283,144.61,9.7438,10.9892,1.521,-0.3655,1.544,1.2538,-1.1681
2026-02-19,61.93,64.14,65.73,15.23,-2.21,-1.59,1.5316,144.29,9.7321,10.872,1.5649,-0.2401,1.6977,1.2338,-1.1587
2026-02-20,63.03,65.63,67.18,16.39,-2.6,-1.55,1.541,168.72,11.1998,11.3887,1.4634,0.1064,1.3082,1.9566,-1.9047
2026-02-23,63.56,65.14,66.82,15.63,-1.58,-1.68,1.5456,102.23,11.4079,11.5025,1.3701,-0.117,0.9541,-0.0616,0.0917
2026-02-24,63.56,65.56,67.19,15.39,-2.0,-1.63,1.5456,129.4,11.4083,11.0446,1.349,-0.1855,0.8719,0.7569,-0.7244
2026-02-25,64.17,66.17,67.8,16.01,-2.0,-1.63,1.5508,128.97,11.5331,11.1581,1.3882,0.0017,1.0148,0.7384,-0.7191
2026-02-26,63.36,65.36,67.07,14.88,-2.0,-1.71,1.5438,129.55,12.0735,11.4671,1.2325,-0.3311,0.435,0.7507,-0.7141
2026-02-27,63.61,65.61,67.32,14.44,-2.0,-1.71,1.546,129.37,12.131,10.0467,1.1903,-0.4583,0.2794,0.7405,-0.7096
2026-03-02,64.59,66.41,68.92,14.42,-1.82,-2.51,1.5544,117.09,12.9297,10.5386,1.1153,-0.4606,0.0013,0.3655,-0.3549
2026-03-03,64.04,65.95,68.51,14.53,-1.91,-2.56,1.5497,123.25,13.1613,10.6786,1.104,-0.4244,-0.0396,0.5478,-0.5265
2026-03-04,64.16,66.1,68.69,14.36,-1.94,-2.59,1.5507,125.1,13.1009,10.6169,1.0961,-0.4709,-0.0687,0.5982,-0.5795
2026-03-05,64.04,66.0,68.73,13.98,-1.96,-2.73,1.5497,126.48,13.1103,10.6128,1.0663,-0.5784,-0.18,0.6349,-0.6135
2026-03-06,64.2,66.16,68.86,14.97,-1.96,-2.7,1.551,126.37,12.987,10.5923,1.1527,-0.2777,0.1425,0.6261,-0.6081
2026-03-09,64.62,66.57,69.33,16.03,-1.95,-2.76,1.5547,125.43,13.1097,10.6593,1.2228,0.0449,0.4021,0.5919,-0.5829
2026-03-10,65.3,67.17,69.85,16.69,-1.87,-2.68,1.5605,119.83,12.7579,10.8378,1.3082,0.2476,0.7169,0.4166,-0.4208
2026-03-11,65.17,67.08,69.77,16.76,-1.91,-2.69,1.5594,122.48,12.235,10.8344,1.3698,0.2743,0.9409,0.4923,-0.4945
2026-03-12,65.14,67.15,69.87,18.13,-2.01,-2.72,1.5591,128.92,12.2214,10.8232,1.4835,0.6929,1.3545,0.6828,-0.6853
2026-03-13,65.85,67.89,70.33,17.9,-2.04,-2.44,1.5652,130.33,12.4791,11.0323,1.4344,0.6294,1.1625,0.7197,-0.7382
2026-03-16,68.19,70.06,71.98,18.51,-1.87,-1.92,1.5853,117.96,15.702,12.7535,1.1788,0.8213,0.2099,0.3373,-0.3984
2026-03-17,68.77,70.75,72.65,17.99,-1.98,-1.9,1.5903,124.5,15.4676,12.8136,1.1631,0.67,0.1495,0.5322,-0.6101
2026-03-18,68.7,70.57,72.64,18.01,-1.87,-2.07,1.5897,117.63,15.2916,12.8227,1.1778,0.6831,0.2018,0.3177,-0.3885
2026-03-19,67.67,69.61,71.99,17.72,-1.94,-2.38,1.5808,122.72,16.1523,13.2446,1.0971,0.6007,-0.0998,0.4697,-0.5227
2026-03-20,67.31,69.33,71.96,17.38,-2.02,-2.63,1.5777,128.03,16.0305,13.2924,1.0842,0.5019,-0.1489,0.6282,-0.6762
2026-03-23,67.18,69.31,71.84,18.25,-2.13,-2.53,1.5766,135.1,15.5252,13.2582,1.1755,0.7781,0.1886,0.839,-0.8874
2026-03-24,67.62,69.77,72.28,18.8,-2.15,-2.51,1.5804,136.04,15.4622,13.2982,1.2159,0.9538,0.3358,0.862,-0.9205
2026-03-25,68.18,70.33,72.63,18.93,-2.15,-2.3,1.5852,135.63,15.4967,13.3706,1.2216,0.9984,0.3537,0.8444,-0.9148
2026-03-26,69.41,71.52,73.64,20.66,-2.11,-2.12,1.5958,132.22,16.0372,13.7967,1.2883,1.5391,0.5978,0.736,-0.8311
2026-03-27,69.46,71.7,74.02,21.94,-2.24,-2.32,1.5962,140.33,16.0578,13.7925,1.3663,1.9322,0.8822,0.9765,-1.0787
2026-03-30,70.19,72.42,74.61,22.94,-2.23,-2.19,1.6025,139.16,16.0524,13.9125,1.4291,2.2311,1.1073,0.9335,-1.0507
2026-03-31,70.0,72.13,74.34,21.27,-2.13,-2.21,1.6008,133.06,15.6661,13.8924,1.3577,1.7113,0.8363,0.7417,-0.848
2026-04-01,70.76,72.94,75.08,21.21,-2.18,-2.14,1.6074,135.62,15.7327,13.9156,1.3481,1.6918,0.7951,0.8129,-0.9385
2026-04-02,70.92,73.05,74.98,20.68,-2.13,-1.93,1.6087,132.41,15.7408,13.8804,1.3138,1.5286,0.6629,0.7088,-0.8338
2026-04-06,71.67,73.84,75.75,21.02,-2.17,-1.91,1.6152,134.35,15.3581,13.9686,1.3687,1.6341,0.8601,0.7617,-0.9056
2026-04-07,71.31,73.54,75.47,21.06,-2.23,-1.93,1.6121,138.33,15.5384,13.9466,1.3554,1.6485,0.8043,0.8773,-1.0166
2026-04-08,71.67,73.58,75.47,20.73,-1.91,-1.89,1.6152,118.25,15.4988,13.9537,1.3375,1.5531,0.7318,0.2538,-0.3786
2026-04-09,73.26,75.32,76.87,22.03,-2.06,-1.55,1.6288,126.47,16.2807,14.5056,1.3531,1.9653,0.783,0.5016,-0.6697
2026-04-10,73.22,75.33,76.89,21.43,-2.11,-1.56,1.6285,129.57,15.534,14.5062,1.3796,1.7831,0.8744,0.5917,-0.7633
2026-04-13,74.53,76.63,77.81,22.84,-2.1,-1.18,1.6397,128.07,15.9742,14.8592,1.4298,2.2247,1.0529,0.5389,-0.7377
2026-04-14,74.34,76.52,77.2,22.91,-2.18,-0.68,1.6381,133.08,15.8392,14.83,1.4464,2.2434,1.1063,0.6918,-0.8952
2026-04-15,75.11,77.42,78.35,23.85,-2.31,-0.93,1.6447,140.45,15.4067,14.9052,1.548,2.5277,1.4724,0.9191,-1.1513
2026-04-16,75.7,78.13,78.99,24.33,-2.43,-0.86,1.6498,147.29,15.3877,14.8622,1.5811,2.6559,1.582,1.1281,-1.3841
2026-04-17,77.4,79.82,80.5,26.04,-2.42,-0.68,1.6644,145.4,15.9556,15.3714,1.632,3.1317,1.7546,1.06,-1.3533
2026-04-20,77.6,80.04,80.76,26.13,-2.44,-0.72,1.6661,146.45,15.9539,15.24,1.6378,3.1039,1.7598,1.0897,-1.3897
2026-04-21,78.26,80.86,81.79,25.96,-2.6,-0.93,1.6717,155.53,15.966,15.2498,1.626,3.0007,1.7006,1.3745,-1.7069
2026-04-22,76.33,78.64,80.16,23.56,-2.31,-1.52,1.6552,139.56,18.3099,15.9686,1.2867,2.271,0.4408,0.851,-1.1021
2026-04-23,76.8,79.45,80.68,23.63,-2.65,-1.23,1.6592,159.72,18.1835,15.8348,1.2995,2.2711,0.4823,1.5127,-1.8108
2026-04-24,77.0,79.36,80.58,22.27,-2.36,-1.22,1.6609,142.09,18.1182,15.8055,1.2292,1.8679,0.2148,0.9316,-1.207
2026-04-27,77.33,79.58,80.97,22.55,-2.25,-1.39,1.6637,135.24,18.0522,15.7378,1.2492,1.9405,0.2835,0.6981,-0.9677
2026-04-28,77.34,79.67,81.11,22.05,-2.33,-1.44,1.6638,140.04,15.7738,15.6597,1.3979,1.7883,0.8357,0.8563,-1.1319
2026-04-29,76.86,79.2,80.46,21.87,-2.34,-1.26,1.6597,140.99,16.0013,15.6104,1.3668,1.7332,0.7121,0.8812,-1.1444
2026-04-30,79.86,82.2,82.87,24.6,-2.34,-0.67,1.6855,138.83,18.8029,17.0501,1.3083,2.4945,0.4845,0.8109,-1.1519
2026-05-01,84.19,84.56,85.26,26.06,-0.37,-0.7,1.7226,21.48,22.4367,19.7131,1.1615,2.8715,-0.0804,-3.2465,3.14
2026-05-04,82.92,83.68,84.56,25.47,-0.76,-0.88,1.7117,44.4,23.0914,19.9771,1.103,2.6694,-0.3112,-2.4157,2.2577
2026-05-05,84.8,85.27,86.1,27.62,-0.47,-0.83,1.7279,27.2,23.3543,20.0001,1.1827,3.2194,-0.0114,-2.9511,2.8364
2026-05-06,84.05,84.76,85.51,28.43,-0.71,-0.75,1.7214,41.25,23.8471,20.2005,1.1922,3.374,0.0184,-2.4424,2.2953
2026-05-07,83.0,83.69,84.41,28.64,-0.69,-0.72,1.7124,40.29,24.5252,20.4967,1.1678,3.3598,-0.0839,-2.4364,2.3044
2026-05-08,84.73,85.46,86.13,29.67,-0.73,-0.67,1.7273,42.26,24.6481,20.7447,1.2037,3.5471,0.0494,-2.3358,2.1904
2026-05-11,87.77,87.4,87.94,31.64,0.37,-0.54,1.7534,-21.1,25.9251,21.6386,1.2204,3.9345,0.1079,-4.2211,4.2781
2026-05-12,86.32,86.28,86.78,30.93,0.04,-0.5,1.7409,-2.3,26.8579,22.0524,1.1516,3.6557,-0.1734,-3.5259,3.5171
2026-05-13,86.81,86.46,87.03,30.0,0.35,-0.57,1.7451,-20.06,26.7069,21.8288,1.1233,3.3511,-0.2948,-3.9286,3.9732
2026-05-14,83.94,84.48,85.06,23.79,-0.54,-0.58,1.7205,31.39,29.1721,23.252,0.8155,1.8365,-1.5412,-2.3685,2.2699
2026-05-15,80.61,81.91,82.55,23.43,-1.3,-0.64,1.6919,76.84,32.0929,25.0614,0.7301,1.7406,-1.8871,-1.0233,0.8443
2026-05-18,83.7,83.98,84.59,24.37,-0.28,-0.61,1.7184,16.29,33.4823,25.8356,0.7278,1.9454,-1.906,-2.7751,2.7206
2026-05-19,82.33,83.16,83.9,24.34,-0.83,-0.74,1.7067,48.63,33.9478,26.1863,0.717,1.9176,-1.9534,-1.8124,1.6842
2026-05-20,81.6,82.96,83.77,24.66,-1.36,-0.81,1.7004,79.98,34.1788,26.3122,0.7215,1.9718,-1.936,-0.8839,0.6884
2026-05-21,77.98,79.73,80.58,23.82,-1.75,-0.85,1.6693,104.83,36.6436,28.174,0.65,1.7581,-2.2143,-0.1425,-0.0508
2026-05-22,77.42,79.33,80.19,23.65,-1.91,-0.86,1.6645,114.75,36.7358,28.0634,0.6438,1.7032,-2.2259,0.1598,-0.3605
2026-05-26,77.37,79.79,80.68,23.97,-2.42,-0.89,1.6641,145.42,36.4306,28.0749,0.658,1.7613,-2.1553,1.0845,-1.3342
2026-05-27,76.16,78.66,79.68,23.09,-2.5,-1.02,1.6537,151.18,36.7501,28.2277,0.6283,1.5464,-2.2578,1.2608,-1.487
2026-05-28,76.77,79.53,80.59,23.15,-2.76,-1.06,1.6589,166.38,36.704,28.1482,0.6307,1.5486,-2.2317,1.723,-1.9818
2026-05-29,76.15,79.59,80.72,22.6,-3.44,-1.13,1.6536,208.03,36.7269,28.2398,0.6154,1.4134,-2.2702,2.9481,-3.2288
2026-06-01,76.64,80.16,81.32,22.45,-3.52,-1.16,1.6578,212.33,36.1856,28.2316,0.6204,1.3702,-2.2293,3.0495,-3.3328
2026-06-02,77.04,80.54,81.72,22.72,-3.5,-1.18,1.6613,210.68,36.2119,28.235,0.6274,1.4216,-2.1816,2.9638,-3.2407
2026-06-03,76.73,80.51,81.72,22.04,-3.78,-1.21,1.6586,227.9,36.1318,28.2623,0.61,1.2603,-2.2278,3.3973,-3.6592
2026-06-04,74.89,78.49,79.81,21.55,-3.6,-1.32,1.6428,219.14,36.0915,28.7554,0.5971,1.1436,-2.2553,3.0898,-3.2693
2026-06-08,71.26,75.3,76.58,20.59,-4.04,-1.28,1.6116,250.6826,33.9,27.86,0.6074,0.9295,-2.2204,3.9916,-4.0495
