date,commodity,spread_label,settle,high,low,volume
2023-06-05,CC,1-2,-2.0,2.0,-12.0,15452
2023-06-05,CC,2-3,6.0,7.0,4.0,3578
2023-06-05,CC,3-4,36.0,39.0,33.0,2215
2023-06-05,CC,4-5,25.0,26.0,20.0,485
2023-06-05,CC,5-6,22.0,22.0,16.0,270
2023-06-05,CT,1-2,3.37,4.33,3.13,10556
2023-06-05,CT,2-3,0.21,0.49,0.16,2307
2023-06-05,CT,3-4,0.1,0.26,0.05,1177
2023-06-05,CT,4-5,0.17,0.28,0.1,344
2023-06-05,CT,5-6,3.81,4.27,3.74,151
2023-06-05,KC,1-2,2.9,3.05,2.75,7661
2023-06-05,KC,2-3,2.5,2.55,2.35,2530
2023-06-05,KC,3-4,0.45,0.5,0.35,1155
2023-06-05,KC,4-5,-0.4,-0.3,-0.4,181
2023-06-05,KC,5-6,-0.45,-0.4,-0.5,84
2023-06-05,SB,1-2,0.21,0.26,0.18,58119
2023-06-05,SB,2-3,0.14,0.22,0.14,12918
2023-06-05,SB,3-4,1.26,1.45,1.25,9431
2023-06-05,SB,4-5,0.45,0.57,0.44,9681
2023-06-05,SB,5-6,0.34,0.46,0.33,1413
2023-06-06,CC,1-2,-2.0,7.0,-5.0,32576
2023-06-06,CC,2-3,4.0,8.0,4.0,12451
2023-06-06,CC,3-4,34.0,39.0,31.0,3423
2023-06-06,CC,4-5,18.0,27.0,13.0,3436
2023-06-06,CC,5-6,19.0,23.0,17.0,650
2023-06-06,CT,1-2,3.56,3.95,3.17,9315
2023-06-06,CT,2-3,0.3,0.4,0.15,3515
2023-06-06,CT,3-4,0.19,0.25,0.08,1530
2023-06-06,CT,4-5,0.26,0.3,0.13,380
2023-06-06,CT,5-6,3.75,4.01,3.57,113
2023-06-06,KC,1-2,3.05,3.5,2.8,8730
2023-06-06,KC,2-3,2.45,2.65,2.35,3321
2023-06-06,KC,3-4,0.35,0.5,0.2,2207
2023-06-06,KC,4-5,-0.55,-0.3,-0.65,943
2023-06-06,KC,5-6,-0.4,-0.35,-0.5,463
2023-06-06,SB,1-2,0.29,0.3,0.21,63239
2023-06-06,SB,2-3,0.17,0.22,0.14,15785
2023-06-06,SB,3-4,1.23,1.32,1.22,7325
2023-06-06,SB,4-5,0.41,0.47,0.36,10114
2023-06-06,SB,5-6,0.34,0.38,0.26,1639
2023-06-07,CC,1-2,12.0,13.0,-2.0,29624
2023-06-07,CC,2-3,6.0,10.0,4.0,10331
2023-06-07,CC,3-4,35.0,38.0,31.0,3171
2023-06-07,CC,4-5,17.0,23.0,14.0,2869
2023-06-07,CC,5-6,20.0,22.0,16.0,831
2023-06-07,CT,1-2,3.78,3.84,2.9,14770
2023-06-07,CT,2-3,0.21,0.34,0.16,3014
2023-06-07,CT,3-4,0.1,0.23,0.06,1004
2023-06-07,CT,4-5,0.24,0.3,0.2,443
2023-06-07,CT,5-6,3.55,3.86,3.4,95
2023-06-07,KC,1-2,3.7,4.15,3.1,15493
2023-06-07,KC,2-3,2.7,2.8,2.5,6104
2023-06-07,KC,3-4,0.35,0.45,0.25,2331
2023-06-07,KC,4-5,-0.6,-0.45,-0.75,965
2023-06-07,KC,5-6,-0.35,-0.3,-0.4,532
2023-06-07,SB,1-2,0.26,0.32,0.25,41764
2023-06-07,SB,2-3,0.14,0.22,0.13,14313
2023-06-07,SB,3-4,1.23,1.26,1.2,7263
2023-06-07,SB,4-5,0.45,0.47,0.42,6513
2023-06-07,SB,5-6,0.37,0.39,0.34,2077
2023-06-08,CC,1-2,12.0,18.0,6.0,18045
2023-06-08,CC,2-3,7.0,8.0,4.0,9820
2023-06-08,CC,3-4,36.0,37.0,33.0,2577
2023-06-08,CC,4-5,22.0,24.0,14.0,1559
2023-06-08,CC,5-6,21.0,22.0,17.0,613
2023-06-08,CT,1-2,2.68,4.66,2.56,18207
2023-06-08,CT,2-3,0.17,0.35,0.12,3236
2023-06-08,CT,3-4,0.17,0.25,0.09,695
2023-06-08,CT,4-5,0.28,0.35,0.16,398
2023-06-08,CT,5-6,3.48,3.91,3.43,101
2023-06-08,KC,1-2,4.5,4.7,3.8,17738
2023-06-08,KC,2-3,2.7,2.9,2.65,6246
2023-06-08,KC,3-4,0.45,0.55,0.25,2074
2023-06-08,KC,4-5,-0.4,-0.3,-0.65,860
2023-06-08,KC,5-6,-0.3,-0.25,-0.45,1015
2023-06-08,SB,1-2,0.39,0.41,0.26,63574
2023-06-08,SB,2-3,0.21,0.23,0.14,26444
2023-06-08,SB,3-4,1.33,1.42,1.23,10916
2023-06-08,SB,4-5,0.53,0.6,0.43,11637
2023-06-08,SB,5-6,0.46,0.51,0.35,4077
2023-06-09,CC,1-2,5.0,11.0,-3.0,21784
2023-06-09,CC,2-3,9.0,10.0,6.0,9193
2023-06-09,CC,3-4,40.0,44.0,37.0,4445
2023-06-09,CC,4-5,30.0,31.0,21.0,1116
2023-06-09,CC,5-6,27.0,28.0,22.0,432
2023-06-09,CT,1-2,2.22,2.8,2.01,10692
2023-06-09,CT,2-3,0.21,0.29,0.17,2974
2023-06-09,CT,3-4,0.09,0.18,0.07,411
2023-06-09,CT,4-5,0.23,0.27,0.15,179
2023-06-09,CT,5-6,3.58,3.72,3.46,45
2023-06-09,KC,1-2,4.0,4.85,3.7,19677
2023-06-09,KC,2-3,2.05,2.8,1.95,8075
2023-06-09,KC,3-4,0.15,0.55,,2569
2023-06-09,KC,4-5,-0.6,-0.25,-0.65,510
2023-06-09,KC,5-6,-0.45,-0.15,-0.5,242
2023-06-09,SB,1-2,0.36,0.43,0.35,60036
2023-06-09,SB,2-3,0.18,0.27,0.16,24651
2023-06-09,SB,3-4,1.43,1.54,1.38,7280
2023-06-09,SB,4-5,0.64,0.72,0.56,4519
2023-06-09,SB,5-6,0.51,0.6,0.49,1732
2023-06-12,CC,1-2,6.0,13.0,-3.0,13538
2023-06-12,CC,2-3,3.0,9.0,3.0,7639
2023-06-12,CC,3-4,35.0,41.0,32.0,2541
2023-06-12,CC,4-5,25.0,29.0,22.0,892
2023-06-12,CC,5-6,26.0,28.0,23.0,351
2023-06-12,CT,1-2,2.17,2.47,1.87,10543
2023-06-12,CT,2-3,-0.04,0.28,-0.06,5077
2023-06-12,CT,3-4,-0.15,0.18,-0.16,1287
2023-06-12,CT,4-5,-0.04,0.24,-0.08,435
2023-06-12,CT,5-6,3.64,3.66,3.39,108
2023-06-12,KC,1-2,4.05,4.35,3.7,9006
2023-06-12,KC,2-3,1.95,2.15,1.8,4742
2023-06-12,KC,3-4,-0.05,0.1,-0.2,1893
2023-06-12,KC,4-5,-0.8,-0.6,-0.85,650
2023-06-12,KC,5-6,-0.7,-0.5,-0.7,237
2023-06-12,SB,1-2,0.32,0.39,0.3,61959
2023-06-12,SB,2-3,0.17,0.19,0.15,13202
2023-06-12,SB,3-4,1.36,1.51,1.33,6737
2023-06-12,SB,4-5,0.67,0.73,0.61,2686
2023-06-12,SB,5-6,0.54,0.6,0.48,737
2023-06-13,CC,1-2,2.0,49.0,-3.0,16295
2023-06-13,CC,2-3,5.0,8.0,3.0,7265
2023-06-13,CC,3-4,39.0,40.0,35.0,3177
2023-06-13,CC,4-5,28.0,30.0,24.0,903
2023-06-13,CC,5-6,27.0,28.0,24.0,412
2023-06-13,CT,1-2,1.7,2.25,1.59,8332
2023-06-13,CT,2-3,-0.09,0.2,-0.11,2879
2023-06-13,CT,3-4,-0.18,0.06,-0.19,1351
2023-06-13,CT,4-5,-0.09,0.11,-0.1,356
2023-06-13,CT,5-6,3.39,3.95,3.13,144
2023-06-13,KC,1-2,4.05,4.3,3.85,7612
2023-06-13,KC,2-3,1.8,2.0,1.75,4947
2023-06-13,KC,3-4,-0.1,0.05,-0.15,1780
2023-06-13,KC,4-5,-0.8,-0.7,-0.9,442
2023-06-13,KC,5-6,-0.65,-0.55,-0.7,342
2023-06-13,SB,1-2,0.39,0.42,0.32,54548
2023-06-13,SB,2-3,0.15,0.2,0.13,21902
2023-06-13,SB,3-4,1.3,1.4,1.28,6666
2023-06-13,SB,4-5,0.59,0.73,0.59,3633
2023-06-13,SB,5-6,0.48,0.59,0.46,1417
2023-06-14,CC,1-2,-13.0,,-29.0,13441
2023-06-14,CC,2-3,1.0,7.0,-3.0,13714
2023-06-14,CC,3-4,40.0,41.0,32.0,3085
2023-06-14,CC,4-5,32.0,35.0,26.0,901
2023-06-14,CC,5-6,31.0,33.0,26.0,527
2023-06-14,CT,1-2,1.68,2.31,1.59,5827
2023-06-14,CT,2-3,-0.07,0.02,-0.1,2010
2023-06-14,CT,3-4,-0.19,-0.14,-0.2,690
2023-06-14,CT,4-5,-0.1,-0.06,-0.12,287
2023-06-14,CT,5-6,2.66,3.16,2.57,127
2023-06-14,KC,1-2,4.25,4.5,3.9,5373
2023-06-14,KC,2-3,1.8,1.85,1.5,5082
2023-06-14,KC,3-4,-0.05,0.1,-0.15,1587
2023-06-14,KC,4-5,-0.8,-0.65,-0.85,504
2023-06-14,KC,5-6,-0.65,-0.55,-0.7,223
2023-06-14,SB,1-2,0.47,0.49,0.39,39032
2023-06-14,SB,2-3,0.19,0.21,0.14,12581
2023-06-14,SB,3-4,1.43,1.44,1.28,4037
2023-06-14,SB,4-5,0.71,0.72,0.55,3252
2023-06-14,SB,5-6,0.6,0.61,0.43,2157
2023-06-15,CC,1-2,-36.0,-15.0,-44.0,5712
2023-06-15,CC,2-3,-8.0,,-9.0,15055
2023-06-15,CC,3-4,39.0,44.0,37.0,7229
2023-06-15,CC,4-5,32.0,37.0,29.0,1240
2023-06-15,CC,5-6,32.0,34.0,29.0,488
2023-06-15,CT,1-2,1.04,1.87,1.0,6387
2023-06-15,CT,2-3,-0.11,0.16,-0.13,2797
2023-06-15,CT,3-4,-0.35,-0.13,-0.37,861
2023-06-15,CT,4-5,-0.27,-0.05,-0.28,444
2023-06-15,CT,5-6,2.49,2.67,2.26,98
2023-06-15,KC,1-2,4.05,4.65,4.05,7694
2023-06-15,KC,2-3,1.7,1.85,1.65,3724
2023-06-15,KC,3-4,-0.05,,-0.15,1362
2023-06-15,KC,4-5,-0.75,-0.65,-0.85,363
2023-06-15,KC,5-6,-0.6,-0.55,-0.7,191
2023-06-15,SB,1-2,0.37,0.51,0.35,49384
2023-06-15,SB,2-3,0.22,0.26,0.17,15534
2023-06-15,SB,3-4,1.51,1.61,1.43,3883
2023-06-15,SB,4-5,0.77,0.84,0.72,3494
2023-06-15,SB,5-6,0.63,0.73,0.59,1614
2023-06-16,CC,1-2,-48.0,-35.0,-50.0,4393
2023-06-16,CC,2-3,-9.0,-6.0,-9.0,8559
2023-06-16,CC,3-4,30.0,40.0,30.0,2593
2023-06-16,CC,4-5,31.0,39.0,27.0,1244
2023-06-16,CC,5-6,30.0,36.0,30.0,308
2023-06-16,CT,1-2,1.36,1.66,1.02,5725
2023-06-16,CT,2-3,-0.1,0.02,-0.14,1992
2023-06-16,CT,3-4,-0.27,-0.19,-0.33,598
2023-06-16,CT,4-5,-0.23,-0.11,-0.27,195
2023-06-16,CT,5-6,2.78,3.12,2.55,59
2023-06-16,KC,1-2,4.15,4.55,3.85,6916
2023-06-16,KC,2-3,1.75,1.9,1.7,3450
2023-06-16,KC,3-4,-0.15,,-0.2,1460
2023-06-16,KC,4-5,-0.8,-0.65,-0.85,254
2023-06-16,KC,5-6,-0.7,-0.6,-0.75,247
2023-06-16,SB,1-2,0.34,0.41,0.33,32419
2023-06-16,SB,2-3,0.26,0.28,0.22,8519
2023-06-16,SB,3-4,1.66,1.66,1.49,4998
2023-06-16,SB,4-5,0.88,0.9,0.77,3632
2023-06-16,SB,5-6,0.74,0.75,0.66,2713
2023-06-20,CC,1-2,-69.0,-46.0,-77.0,10179
2023-06-20,CC,2-3,-13.0,-7.0,-14.0,9743
2023-06-20,CC,3-4,28.0,33.0,25.0,3175
2023-06-20,CC,4-5,25.0,31.0,24.0,840
2023-06-20,CC,5-6,28.0,31.0,26.0,426
2023-06-20,CT,1-2,-0.04,1.34,-0.08,5574
2023-06-20,CT,2-3,-0.09,-0.02,-0.14,2770
2023-06-20,CT,3-4,-0.2,-0.14,-0.32,958
2023-06-20,CT,4-5,-0.15,-0.06,-0.28,354
2023-06-20,CT,5-6,3.14,3.57,2.59,332
2023-06-20,KC,1-2,1.35,4.55,0.85,9132
2023-06-20,KC,2-3,1.45,1.8,1.25,8459
2023-06-20,KC,3-4,-0.35,-0.1,-0.4,2959
2023-06-20,KC,4-5,-0.8,-0.65,-0.9,887
2023-06-20,KC,5-6,-0.7,-0.5,-0.7,455
2023-06-20,SB,1-2,0.19,0.35,0.17,44249
2023-06-20,SB,2-3,0.18,0.27,0.16,19545
2023-06-20,SB,3-4,1.6,1.67,1.56,3552
2023-06-20,SB,4-5,0.88,0.92,0.84,2457
2023-06-20,SB,5-6,0.69,0.74,0.69,2113
2023-06-21,CC,1-2,-73.0,-45.0,-80.0,3237
2023-06-21,CC,2-3,-11.0,-8.0,-14.0,8028
2023-06-21,CC,3-4,36.0,38.0,25.0,2812
2023-06-21,CC,4-5,32.0,34.0,22.0,1249
2023-06-21,CC,5-6,32.0,32.0,24.0,536
2023-06-21,CT,1-2,-1.21,0.18,-1.24,4937
2023-06-21,CT,2-3,-0.18,-0.05,-0.21,3628
2023-06-21,CT,3-4,-0.17,-0.15,-0.27,1033
2023-06-21,CT,4-5,-0.09,-0.08,-0.23,381
2023-06-21,CT,5-6,2.81,3.31,2.63,160
2023-06-21,KC,1-2,-0.25,1.7,-1.9,2394
2023-06-21,KC,2-3,1.05,1.6,0.6,11054
2023-06-21,KC,3-4,-0.3,-0.2,-0.6,3419
2023-06-21,KC,4-5,-0.9,-0.85,-1.0,1868
2023-06-21,KC,5-6,-0.6,-0.45,-0.75,1158
2023-06-21,SB,1-2,0.03,0.23,0.01,28263
2023-06-21,SB,2-3,0.12,0.2,0.11,24504
2023-06-21,SB,3-4,1.55,1.64,1.51,3486
2023-06-21,SB,4-5,0.83,0.9,0.81,2514
2023-06-21,SB,5-6,0.61,0.7,0.59,2684
2023-06-22,CC,1-2,-72.0,-58.0,-74.0,1258
2023-06-22,CC,2-3,-12.0,-9.0,-14.0,4004
2023-06-22,CC,3-4,26.0,34.0,26.0,1720
2023-06-22,CC,4-5,25.0,32.0,24.0,806
2023-06-22,CC,5-6,25.0,31.0,25.0,615
2023-06-22,CT,1-2,-0.86,0.09,-1.5,3424
2023-06-22,CT,2-3,-0.14,-0.02,-0.24,3475
2023-06-22,CT,3-4,-0.12,-0.1,-0.27,1182
2023-06-22,CT,4-5,-0.09,-0.07,-0.22,227
2023-06-22,CT,5-6,2.47,2.85,2.42,118
2023-06-22,KC,1-2,1.45,2.65,-1.25,62
2023-06-22,KC,2-3,1.2,1.45,0.65,7056
2023-06-22,KC,3-4,-0.25,-0.2,-0.5,2912
2023-06-22,KC,4-5,-0.9,-0.85,-1.05,1821
2023-06-22,KC,5-6,-0.65,-0.55,-0.7,508
2023-06-22,SB,1-2,-0.04,0.08,-0.08,18730
2023-06-22,SB,2-3,0.02,0.12,-0.01,29618
2023-06-22,SB,3-4,1.4,1.54,1.38,7465
2023-06-22,SB,4-5,0.7,0.84,0.69,2589
2023-06-22,SB,5-6,0.45,0.6,0.43,1540
2023-06-23,CC,1-2,-80.0,-68.0,-83.0,1786
2023-06-23,CC,2-3,-14.0,-10.0,-15.0,5535
2023-06-23,CC,3-4,25.0,29.0,24.0,2687
2023-06-23,CC,4-5,23.0,27.0,22.0,459
2023-06-23,CC,5-6,24.0,27.0,23.0,157
2023-06-23,CT,1-2,-0.61,0.19,-1.65,820
2023-06-23,CT,2-3,-0.21,-0.09,-0.25,2712
2023-06-23,CT,3-4,-0.26,-0.11,-0.3,799
2023-06-23,CT,4-5,-0.23,-0.1,-0.28,200
2023-06-23,CT,5-6,1.86,2.31,1.85,102
2023-06-23,KC,1-2,3.2,3.5,,112
2023-06-23,KC,2-3,1.0,1.35,0.8,7177
2023-06-23,KC,3-4,-0.4,-0.2,-0.55,2980
2023-06-23,KC,4-5,-0.95,-0.9,-1.05,1291
2023-06-23,KC,5-6,-0.75,-0.7,-0.85,796
2023-06-23,SB,1-2,-0.11,0.05,-0.15,18650
2023-06-23,SB,2-3,0.0,0.03,-0.04,19551
2023-06-23,SB,3-4,1.23,1.39,1.22,10614
2023-06-23,SB,4-5,0.49,0.7,0.48,7001
2023-06-23,SB,5-6,0.32,0.43,0.3,3287
2023-06-26,CC,1-2,-52.0,-45.0,-90.0,13
2023-06-26,CC,2-3,-14.0,-11.0,-16.0,7348
2023-06-26,CC,3-4,27.0,29.0,24.0,1955
2023-06-26,CC,4-5,25.0,29.0,23.0,628
2023-06-26,CC,5-6,25.0,28.0,25.0,439
2023-06-26,CT,1-2,-0.79,1.5,-1.0,9
2023-06-26,CT,2-3,-0.19,-0.15,-0.27,2233
2023-06-26,CT,3-4,-0.29,-0.25,-0.34,748
2023-06-26,CT,4-5,-0.24,-0.21,-0.3,353
2023-06-26,CT,5-6,1.73,2.16,1.71,53
2023-06-26,KC,1-2,2.8,4.0,2.6,15
2023-06-26,KC,2-3,1.5,1.65,0.9,5810
2023-06-26,KC,3-4,-0.05,0.05,-0.4,3086
2023-06-26,KC,4-5,-0.75,-0.6,-1.0,942
2023-06-26,KC,5-6,-0.65,-0.55,-0.8,219
2023-06-26,SB,1-2,0.06,0.08,-0.02,12336
2023-06-26,SB,2-3,0.02,0.09,-0.01,20062
2023-06-26,SB,3-4,1.25,1.39,1.22,7543
2023-06-26,SB,4-5,0.44,0.57,0.42,4354
2023-06-26,SB,5-6,0.21,0.38,0.19,2982
2023-06-27,CC,1-2,-46.0,-45.0,-45.0,11
2023-06-27,CC,2-3,-14.0,-12.0,-15.0,3600
2023-06-27,CC,3-4,28.0,32.0,26.0,1815
2023-06-27,CC,4-5,27.0,29.0,26.0,823
2023-06-27,CC,5-6,27.0,28.0,25.0,436
2023-06-27,CT,1-2,0.58,1.98,1.92,4
2023-06-27,CT,2-3,-0.24,-0.08,-0.27,3351
2023-06-27,CT,3-4,-0.33,-0.25,-0.34,778
2023-06-27,CT,4-5,-0.27,-0.2,-0.3,346
2023-06-27,CT,5-6,1.5,2.14,1.49,31
2023-06-27,KC,1-2,2.5,4.0,1.6,16
2023-06-27,KC,2-3,1.55,1.7,1.35,5062
2023-06-27,KC,3-4,0.15,0.15,-0.15,2040
2023-06-27,KC,4-5,-0.6,-0.55,-0.75,779
2023-06-27,KC,5-6,-0.7,-0.6,-0.75,450
2023-06-27,SB,1-2,0.05,0.1,-0.02,15028
2023-06-27,SB,2-3,-0.01,0.04,-0.04,25133
2023-06-27,SB,3-4,1.13,1.28,1.12,11387
2023-06-27,SB,4-5,0.42,0.51,0.37,5549
2023-06-27,SB,5-6,0.17,0.25,0.11,3101
2023-06-28,CC,1-2,-46.0,-37.0,-42.0,19
2023-06-28,CC,2-3,-9.0,-8.0,-15.0,5556
2023-06-28,CC,3-4,33.0,36.0,28.0,3311
2023-06-28,CC,4-5,37.0,39.0,27.0,2429
2023-06-28,CC,5-6,32.0,34.0,27.0,812
2023-06-28,CT,1-2,2.76,2.68,1.98,50
2023-06-28,CT,2-3,-0.19,-0.08,-0.23,3012
2023-06-28,CT,3-4,-0.27,-0.23,-0.34,571
2023-06-28,CT,4-5,-0.23,-0.18,-0.28,180
2023-06-28,CT,5-6,1.64,1.9,1.41,49
2023-06-28,KC,1-2,3.7,3.95,3.7,45
2023-06-28,KC,2-3,1.15,1.55,1.05,4264
2023-06-28,KC,3-4,-0.35,,-0.45,2379
2023-06-28,KC,4-5,-0.95,-0.65,-1.0,684
2023-06-28,KC,5-6,-0.95,-0.7,-1.0,345
2023-06-28,SB,1-2,-0.03,0.08,-0.04,7757
2023-06-28,SB,2-3,-0.05,,-0.07,18017
2023-06-28,SB,3-4,1.1,1.17,1.08,7677
2023-06-28,SB,4-5,0.45,0.5,0.41,2539
2023-06-28,SB,5-6,0.24,0.26,0.18,2225
2023-06-29,CC,1-2,-43.0,-32.0,-32.0,3
2023-06-29,CC,2-3,-14.0,-9.0,-15.0,6039
2023-06-29,CC,3-4,28.0,36.0,28.0,2315
2023-06-29,CC,4-5,30.0,40.0,29.0,1172
2023-06-29,CC,5-6,27.0,34.0,27.0,546
2023-06-29,CT,1-2,2.22,,,
2023-06-29,CT,2-3,-0.01,0.05,-0.18,3568
2023-06-29,CT,3-4,-0.15,-0.13,-0.29,789
2023-06-29,CT,4-5,-0.11,-0.1,-0.24,446
2023-06-29,CT,5-6,2.12,2.2,1.55,118
2023-06-29,KC,1-2,2.0,4.0,0.35,10
2023-06-29,KC,2-3,1.35,1.4,0.8,6138
2023-06-29,KC,3-4,-0.6,-0.4,-0.7,2163
2023-06-29,KC,4-5,-1.15,-0.9,-1.3,1372
2023-06-29,KC,5-6,-1.15,-0.9,-1.3,583
2023-06-29,SB,1-2,-0.01,,-0.11,9206
2023-06-29,SB,2-3,-0.15,-0.03,-0.2,36788
2023-06-29,SB,3-4,1.06,1.12,1.01,9541
2023-06-29,SB,4-5,0.48,0.5,0.39,4403
2023-06-29,SB,5-6,0.21,0.28,0.15,2035
2023-06-30,CC,1-2,-35.0,-34.0,-35.0,2
2023-06-30,CC,2-3,-10.0,-8.0,-15.0,6012
2023-06-30,CC,3-4,33.0,34.0,28.0,1852
2023-06-30,CC,4-5,36.0,37.0,30.0,1373
2023-06-30,CC,5-6,30.0,31.0,27.0,677
2023-06-30,CT,1-2,2.47,,,
2023-06-30,CT,2-3,0.12,0.17,-0.02,3013
2023-06-30,CT,3-4,-0.09,-0.04,-0.17,677
2023-06-30,CT,4-5,-0.05,-0.02,-0.11,412
2023-06-30,CT,5-6,2.67,2.66,2.07,120
2023-06-30,KC,1-2,2.0,4.0,4.0,4
2023-06-30,KC,2-3,0.9,1.25,0.75,4691
2023-06-30,KC,3-4,-0.55,-0.45,-0.65,2138
2023-06-30,KC,4-5,-1.15,-1.1,-1.25,750
2023-06-30,KC,5-6,-1.1,-1.1,-1.3,463
2023-06-30,SB,1-2,0.1,0.1,-0.08,1478
2023-06-30,SB,2-3,-0.1,-0.05,-0.16,17297
2023-06-30,SB,3-4,1.25,1.28,1.07,8654
2023-06-30,SB,4-5,0.54,0.58,0.44,4792
2023-06-30,SB,5-6,0.25,0.29,0.2,1622
2023-07-03,CC,1-2,-35.0,-34.0,-34.0,1
2023-07-03,CC,2-3,-12.0,-9.0,-14.0,5735
2023-07-03,CC,3-4,34.0,37.0,26.0,2257
2023-07-03,CC,4-5,34.0,35.0,31.0,980
2023-07-03,CC,5-6,29.0,29.0,27.0,524
2023-07-03,CT,1-2,0.17,0.3,-0.04,3883
2023-07-03,CT,2-3,-0.1,-0.02,-0.17,910
2023-07-03,CT,3-4,-0.09,0.01,-0.13,400
2023-07-03,CT,4-5,3.08,3.34,2.81,125
2023-07-03,CT,5-6,-0.24,,,
2023-07-03,KC,1-2,2.0,3.75,3.75,1
2023-07-03,KC,2-3,0.8,0.95,0.75,3723
2023-07-03,KC,3-4,-0.6,-0.4,-0.7,1831
2023-07-03,KC,4-5,-1.3,-1.05,-1.45,1020
2023-07-03,KC,5-6,-1.35,-1.1,-1.55,764
2023-07-03,SB,1-2,-0.07,-0.05,-0.1,13656
2023-07-03,SB,2-3,1.31,1.37,1.23,4392
2023-07-03,SB,3-4,0.55,0.61,0.53,3274
2023-07-03,SB,4-5,0.27,0.31,0.23,890
2023-07-03,SB,5-6,0.07,0.11,0.02,422
2023-07-05,CC,1-2,-35.0,-34.0,-34.0,42
2023-07-05,CC,2-3,-12.0,-7.0,-13.0,6988
2023-07-05,CC,3-4,28.0,39.0,26.0,2530
2023-07-05,CC,4-5,30.0,36.0,29.0,964
2023-07-05,CC,5-6,29.0,32.0,27.0,1047
2023-07-05,CT,1-2,0.18,0.28,0.02,3175
2023-07-05,CT,2-3,-0.13,-0.06,-0.24,667
2023-07-05,CT,3-4,-0.12,-0.03,-0.2,363
2023-07-05,CT,4-5,2.61,3.06,2.46,196
2023-07-05,CT,5-6,-0.23,,,
2023-07-05,KC,1-2,2.15,3.5,3.45,10
2023-07-05,KC,2-3,0.75,0.95,0.5,6152
2023-07-05,KC,3-4,-0.5,-0.4,-0.7,1909
2023-07-05,KC,4-5,-1.2,-1.15,-1.4,762
2023-07-05,KC,5-6,-1.3,-1.25,-1.45,408
2023-07-05,SB,1-2,-0.05,-0.01,-0.1,14264
2023-07-05,SB,2-3,1.39,1.43,1.23,7311
2023-07-05,SB,3-4,0.7,0.73,0.52,6932
2023-07-05,SB,4-5,0.42,0.43,0.25,2623
2023-07-05,SB,5-6,0.18,0.22,0.06,1040
2023-07-06,CC,1-2,-36.0,,,
2023-07-06,CC,2-3,-12.0,-10.0,-13.0,4680
2023-07-06,CC,3-4,26.0,29.0,25.0,1845
2023-07-06,CC,4-5,28.0,30.0,27.0,373
2023-07-06,CC,5-6,28.0,30.0,27.0,226
2023-07-06,CT,1-2,0.09,0.28,0.07,2095
2023-07-06,CT,2-3,-0.17,-0.11,-0.22,618
2023-07-06,CT,3-4,-0.15,-0.1,-0.19,227
2023-07-06,CT,4-5,2.6,2.85,2.22,107
2023-07-06,CT,5-6,-0.29,,,
2023-07-06,KC,1-2,1.9,3.5,,49
2023-07-06,KC,2-3,0.8,1.1,0.45,6367
2023-07-06,KC,3-4,-0.6,-0.45,-0.75,2621
2023-07-06,KC,4-5,-1.3,-1.25,-1.4,1267
2023-07-06,KC,5-6,-1.35,-1.3,-1.45,984
2023-07-06,SB,1-2,-0.05,-0.03,-0.08,11997
2023-07-06,SB,2-3,1.29,1.38,1.28,4296
2023-07-06,SB,3-4,0.72,0.75,0.64,2028
2023-07-06,SB,4-5,0.47,0.5,0.37,1340
2023-07-06,SB,5-6,0.19,0.21,0.15,937
2023-07-07,CC,1-2,-36.0,-32.0,-34.0,3
2023-07-07,CC,2-3,-12.0,-10.0,-13.0,4042
2023-07-07,CC,3-4,22.0,28.0,21.0,2742
2023-07-07,CC,4-5,26.0,31.0,25.0,768
2023-07-07,CC,5-6,28.0,32.0,26.0,511
2023-07-07,CT,1-2,0.19,0.26,0.03,2056
2023-07-07,CT,2-3,-0.06,-0.02,-0.21,520
2023-07-07,CT,3-4,0.0,0.04,-0.17,338
2023-07-07,CT,4-5,3.26,3.3,2.64,170
2023-07-07,CT,5-6,-0.29,,,
2023-07-07,KC,1-2,1.9,3.3,3.3,1
2023-07-07,KC,2-3,0.85,1.1,0.65,3299
2023-07-07,KC,3-4,-0.65,-0.5,-0.7,1142
2023-07-07,KC,4-5,-1.15,-1.15,-1.35,728
2023-07-07,KC,5-6,-1.25,-1.25,-1.45,346
2023-07-07,SB,1-2,-0.09,-0.04,-0.1,12143
2023-07-07,SB,2-3,1.36,1.43,1.29,4048
2023-07-07,SB,3-4,0.77,0.8,0.7,2494
2023-07-07,SB,4-5,0.5,0.56,0.46,1538
2023-07-07,SB,5-6,0.23,0.27,0.18,213
2023-07-10,CC,1-2,-36.0,-32.0,-32.0,2
2023-07-10,CC,2-3,-13.0,-12.0,-14.0,3650
2023-07-10,CC,3-4,24.0,26.0,22.0,1437
2023-07-10,CC,4-5,28.0,29.0,25.0,464
2023-07-10,CC,5-6,29.0,30.0,26.0,357
2023-07-10,CT,1-2,-0.14,0.17,-0.19,3855
2023-07-10,CT,2-3,-0.22,-0.03,-0.28,965
2023-07-10,CT,3-4,-0.16,,-0.21,495
2023-07-10,CT,4-5,2.37,2.88,2.28,107
2023-07-10,CT,5-6,-0.29,,,
2023-07-10,KC,1-2,1.9,3.05,2.95,2
2023-07-10,KC,2-3,0.55,1.0,0.5,4923
2023-07-10,KC,3-4,-0.6,-0.5,-0.75,1817
2023-07-10,KC,4-5,-1.15,-1.1,-1.25,668
2023-07-10,KC,5-6,-1.2,-1.15,-1.35,258
2023-07-10,SB,1-2,-0.12,-0.1,-0.14,11206
2023-07-10,SB,2-3,1.35,1.4,1.32,3392
2023-07-10,SB,3-4,0.76,0.77,0.69,2154
2023-07-10,SB,4-5,0.46,0.49,0.43,1093
2023-07-10,SB,5-6,0.24,0.25,0.2,528
2023-07-11,CC,1-2,-36.0,,,
2023-07-11,CC,2-3,-13.0,-11.0,-14.0,3922
2023-07-11,CC,3-4,20.0,25.0,19.0,2301
2023-07-11,CC,4-5,30.0,31.0,28.0,737
2023-07-11,CC,5-6,31.0,32.0,29.0,330
2023-07-11,CT,1-2,0.24,0.32,-0.14,4678
2023-07-11,CT,2-3,0.0,0.02,-0.21,1198
2023-07-11,CT,3-4,0.12,0.14,-0.13,849
2023-07-11,CT,4-5,3.84,3.89,2.63,269
2023-07-11,CT,5-6,-0.3,,,
2023-07-11,KC,1-2,1.75,1.85,1.3,49
2023-07-11,KC,2-3,0.55,0.9,0.45,5547
2023-07-11,KC,3-4,-0.6,-0.5,-0.9,2620
2023-07-11,KC,4-5,-1.1,-1.05,-1.4,1111
2023-07-11,KC,5-6,-1.2,-1.15,-1.35,364
2023-07-11,SB,1-2,-0.13,-0.11,-0.15,9525
2023-07-11,SB,2-3,1.33,1.39,1.29,4313
2023-07-11,SB,3-4,0.73,0.8,0.69,2464
2023-07-11,SB,4-5,0.43,0.5,0.41,2455
2023-07-11,SB,5-6,0.24,0.3,0.22,1293
2023-07-12,CC,1-2,-40.0,-32.0,-32.0,19
2023-07-12,CC,2-3,-12.0,-9.0,-13.0,4242
2023-07-12,CC,3-4,21.0,23.0,17.0,2405
2023-07-12,CC,4-5,27.0,29.0,25.0,839
2023-07-12,CC,5-6,29.0,32.0,28.0,447
2023-07-12,CT,1-2,-0.08,0.47,-0.09,7551
2023-07-12,CT,2-3,-0.04,0.23,-0.09,2314
2023-07-12,CT,3-4,0.1,0.33,0.03,1315
2023-07-12,CT,4-5,3.49,4.0,3.18,649
2023-07-12,CT,5-6,-0.2,,,
2023-07-12,KC,1-2,1.75,,,
2023-07-12,KC,2-3,0.55,0.85,0.45,2969
2023-07-12,KC,3-4,-0.65,-0.5,-0.75,1445
2023-07-12,KC,4-5,-1.05,-0.95,-1.2,685
2023-07-12,KC,5-6,-1.15,-1.1,-1.25,219
2023-07-12,SB,1-2,-0.12,-0.08,-0.17,13105
2023-07-12,SB,2-3,1.34,1.37,1.28,2416
2023-07-12,SB,3-4,0.71,0.76,0.65,1552
2023-07-12,SB,4-5,0.43,0.48,0.38,1173
2023-07-12,SB,5-6,0.23,0.27,0.2,859
2023-07-13,CC,1-2,-35.0,-33.0,-33.0,8
2023-07-13,CC,2-3,-7.0,-4.0,-12.0,9368
2023-07-13,CC,3-4,20.0,24.0,19.0,2631
2023-07-13,CC,4-5,27.0,31.0,25.0,1417
2023-07-13,CC,5-6,30.0,31.0,28.0,362
2023-07-13,CT,1-2,-0.07,0.01,-0.15,2664
2023-07-13,CT,2-3,0.02,0.09,-0.09,650
2023-07-13,CT,3-4,0.16,0.26,0.07,368
2023-07-13,CT,4-5,3.56,3.78,3.39,177
2023-07-13,CT,5-6,-0.2,,,
2023-07-13,KC,1-2,1.75,2.3,2.3,1
2023-07-13,KC,2-3,0.55,0.75,0.4,5486
2023-07-13,KC,3-4,-0.55,-0.45,-0.8,2220
2023-07-13,KC,4-5,-1.05,-0.95,-1.15,1120
2023-07-13,KC,5-6,-1.05,-1.0,-1.25,460
2023-07-13,SB,1-2,-0.13,-0.1,-0.15,8822
2023-07-13,SB,2-3,1.38,1.39,1.3,3633
2023-07-13,SB,3-4,0.7,0.77,0.66,1940
2023-07-13,SB,4-5,0.45,0.48,0.41,775
2023-07-13,SB,5-6,0.25,0.27,0.21,623
2023-07-14,CC,1-2,-45.0,,,
2023-07-14,CC,2-3,7.0,11.0,-7.0,13295
2023-07-14,CC,3-4,24.0,29.0,19.0,3355
2023-07-14,CC,4-5,29.0,33.0,28.0,600
2023-07-14,CC,5-6,30.0,34.0,28.0,327
2023-07-14,CT,1-2,-0.13,0.1,-0.14,2726
2023-07-14,CT,2-3,0.03,0.19,-0.03,923
2023-07-14,CT,3-4,0.15,0.37,0.12,756
2023-07-14,CT,4-5,3.11,4.05,3.04,237
2023-07-14,CT,5-6,-0.2,,,
2023-07-14,KC,1-2,1.15,1.9,1.0,82
2023-07-14,KC,2-3,0.5,0.7,0.4,5515
2023-07-14,KC,3-4,-0.6,-0.45,-0.65,993
2023-07-14,KC,4-5,-1.05,-0.95,-1.1,290
2023-07-14,KC,5-6,-0.95,-0.85,-1.05,190
2023-07-14,SB,1-2,-0.14,-0.1,-0.14,10522
2023-07-14,SB,2-3,1.42,1.45,1.37,3246
2023-07-14,SB,3-4,0.8,0.81,0.7,2136
2023-07-14,SB,4-5,0.52,0.53,0.45,1565
2023-07-14,SB,5-6,0.31,0.32,0.25,766
2023-07-17,CC,1-2,0.0,8.0,-3.0,5452
2023-07-17,CC,2-3,26.0,28.0,23.0,1482
2023-07-17,CC,3-4,29.0,30.0,27.0,475
2023-07-17,CC,4-5,30.0,32.0,29.0,274
2023-07-17,CC,5-6,31.0,34.0,30.0,189
2023-07-17,CT,1-2,0.09,0.14,-0.13,2335
2023-07-17,CT,2-3,0.01,0.17,-0.02,776
2023-07-17,CT,3-4,0.17,0.33,0.15,527
2023-07-17,CT,4-5,3.81,3.86,3.4,179
2023-07-17,CT,5-6,-0.2,,,
2023-07-17,KC,1-2,-1.05,1.75,1.75,1
2023-07-17,KC,2-3,0.15,0.7,0.05,7590
2023-07-17,KC,3-4,-0.75,-0.55,-0.8,1919
2023-07-17,KC,4-5,-1.15,-1.05,-1.2,524
2023-07-17,KC,5-6,-0.95,-0.9,-1.05,228
2023-07-17,SB,1-2,-0.15,-0.11,-0.16,11204
2023-07-17,SB,2-3,1.37,1.42,1.33,2459
2023-07-17,SB,3-4,0.76,0.8,0.72,1589
2023-07-17,SB,4-5,0.48,0.52,0.47,747
2023-07-17,SB,5-6,0.25,0.3,0.24,576
2023-07-18,CC,1-2,8.0,21.0,-1.0,6757
2023-07-18,CC,2-3,28.0,29.0,25.0,2063
2023-07-18,CC,3-4,31.0,34.0,28.0,720
2023-07-18,CC,4-5,32.0,33.0,29.0,218
2023-07-18,CC,5-6,33.0,35.0,31.0,95
2023-07-18,CT,1-2,0.03,0.34,-0.03,3135
2023-07-18,CT,2-3,0.02,0.14,-0.02,856
2023-07-18,CT,3-4,0.18,0.29,0.13,501
2023-07-18,CT,4-5,3.89,4.19,3.57,281
2023-07-18,CT,5-6,-0.2,,,
2023-07-18,KC,1-2,-1.05,,,
2023-07-18,KC,2-3,-0.15,0.35,-0.2,8255
2023-07-18,KC,3-4,-0.85,-0.7,-0.9,2868
2023-07-18,KC,4-5,-1.2,-1.15,-1.3,950
2023-07-18,KC,5-6,-1.05,-0.95,-1.1,298
2023-07-18,SB,1-2,-0.15,-0.14,-0.17,6066
2023-07-18,SB,2-3,1.37,1.4,1.33,2557
2023-07-18,SB,3-4,0.78,0.81,0.74,1217
2023-07-18,SB,4-5,0.5,0.52,0.46,1190
2023-07-18,SB,5-6,0.26,0.29,0.22,287
2023-07-19,CC,1-2,15.0,17.0,1.0,6433
2023-07-19,CC,2-3,30.0,33.0,27.0,2447
2023-07-19,CC,3-4,32.0,34.0,31.0,1187
2023-07-19,CC,4-5,34.0,34.0,30.0,726
2023-07-19,CC,5-6,36.0,36.0,33.0,285
2023-07-19,CT,1-2,0.12,0.25,0.03,2878
2023-07-19,CT,2-3,0.03,0.22,0.02,1293
2023-07-19,CT,3-4,0.2,0.4,0.18,680
2023-07-19,CT,4-5,4.51,4.75,4.02,309
2023-07-19,CT,5-6,-0.21,,,
2023-07-19,KC,1-2,-3.05,-3.5,-3.5,4
2023-07-19,KC,2-3,-0.35,-0.05,-0.45,5962
2023-07-19,KC,3-4,-1.0,-0.8,-1.05,2213
2023-07-19,KC,4-5,-1.35,-1.2,-1.45,680
2023-07-19,KC,5-6,-1.05,-1.05,-1.1,351
2023-07-19,SB,1-2,-0.11,-0.1,-0.17,11457
2023-07-19,SB,2-3,1.45,1.46,1.37,5091
2023-07-19,SB,3-4,0.83,0.84,0.76,2221
2023-07-19,SB,4-5,0.52,0.53,0.49,860
2023-07-19,SB,5-6,0.28,0.31,0.25,409
2023-07-20,CC,1-2,5.0,13.0,2.0,6495
2023-07-20,CC,2-3,23.0,32.0,23.0,2142
2023-07-20,CC,3-4,28.0,34.0,27.0,790
2023-07-20,CC,4-5,30.0,33.0,30.0,416
2023-07-20,CC,5-6,34.0,36.0,33.0,202
2023-07-20,CT,1-2,0.01,0.21,-0.06,3790
2023-07-20,CT,2-3,0.09,0.16,0.03,1064
2023-07-20,CT,3-4,0.3,0.36,0.21,652
2023-07-20,CT,4-5,5.01,5.62,4.55,431
2023-07-20,CT,5-6,-0.2,,,
2023-07-20,KC,1-2,-0.25,0.2,-0.45,5780
2023-07-20,KC,2-3,-0.95,-0.7,-1.05,2579
2023-07-20,KC,3-4,-1.25,-1.15,-1.45,730
2023-07-20,KC,4-5,-1.0,-0.9,-1.15,387
2023-07-20,KC,5-6,-1.1,-0.95,-1.2,219
2023-07-20,SB,1-2,-0.08,-0.07,-0.12,14407
2023-07-20,SB,2-3,1.48,1.5,1.44,4135
2023-07-20,SB,3-4,0.85,0.89,0.83,3260
2023-07-20,SB,4-5,0.55,0.58,0.52,1571
2023-07-20,SB,5-6,0.33,0.34,0.27,515
2023-07-21,CC,1-2,11.0,13.0,1.0,4934
2023-07-21,CC,2-3,20.0,29.0,17.0,2918
2023-07-21,CC,3-4,27.0,32.0,27.0,851
2023-07-21,CC,4-5,29.0,32.0,28.0,236
2023-07-21,CC,5-6,34.0,36.0,34.0,72
2023-07-21,CT,1-2,0.05,0.23,-0.08,4735
2023-07-21,CT,2-3,-0.05,0.2,-0.07,1335
2023-07-21,CT,3-4,0.21,0.44,0.18,642
2023-07-21,CT,4-5,5.01,5.6,4.66,287
2023-07-21,CT,5-6,-0.2,,,
2023-07-21,KC,1-2,0.3,0.45,-0.3,5626
2023-07-21,KC,2-3,-0.7,-0.65,-1.0,1961
2023-07-21,KC,3-4,-1.05,-1.0,-1.35,786
2023-07-21,KC,4-5,-0.85,-0.8,-1.1,440
2023-07-21,KC,5-6,-1.0,-1.0,-1.15,259
2023-07-21,SB,1-2,-0.08,-0.07,-0.13,14656
2023-07-21,SB,2-3,1.5,1.53,1.4,6697
2023-07-21,SB,3-4,0.89,0.9,0.82,3559
2023-07-21,SB,4-5,0.61,0.63,0.53,2107
2023-07-21,SB,5-6,0.35,0.36,0.3,648
2023-07-24,CC,1-2,5.0,11.0,1.0,5117
2023-07-24,CC,2-3,18.0,21.0,17.0,1150
2023-07-24,CC,3-4,26.0,28.0,26.0,264
2023-07-24,CC,4-5,29.0,30.0,29.0,97
2023-07-24,CC,5-6,34.0,35.0,34.0,39
2023-07-24,CT,1-2,0.01,0.15,-0.05,2661
2023-07-24,CT,2-3,0.05,0.14,-0.05,874
2023-07-24,CT,3-4,0.3,0.34,0.19,333
2023-07-24,CT,4-5,5.11,5.6,4.7,203
2023-07-24,CT,5-6,-0.2,,,
2023-07-24,KC,1-2,-0.3,0.5,-0.35,7997
2023-07-24,KC,2-3,-1.05,-0.65,-1.55,3048
2023-07-24,KC,3-4,-1.2,-1.05,-1.2,1034
2023-07-24,KC,4-5,-1.0,-0.9,-1.0,454
2023-07-24,KC,5-6,-1.2,-1.05,-1.2,335
2023-07-24,SB,1-2,-0.13,-0.06,-0.15,16530
2023-07-24,SB,2-3,1.45,1.54,1.42,4483
2023-07-24,SB,3-4,0.86,0.94,0.85,3201
2023-07-24,SB,4-5,0.59,0.65,0.58,1521
2023-07-24,SB,5-6,0.33,0.37,0.32,514
2023-07-25,CC,1-2,3.0,25.0,2.0,11454
2023-07-25,CC,2-3,20.0,27.0,17.0,3163
2023-07-25,CC,3-4,28.0,34.0,26.0,1327
2023-07-25,CC,4-5,29.0,34.0,28.0,749
2023-07-25,CC,5-6,34.0,39.0,33.0,231
2023-07-25,CT,1-2,0.08,0.2,-0.14,5507
2023-07-25,CT,2-3,0.26,0.29,0.01,1649
2023-07-25,CT,3-4,0.65,0.67,0.26,1030
2023-07-25,CT,4-5,6.12,6.15,5.08,964
2023-07-25,CT,5-6,-0.2,,,
2023-07-25,KC,1-2,-0.35,-0.15,-0.45,6217
2023-07-25,KC,2-3,-1.2,-1.1,-1.3,2562
2023-07-25,KC,3-4,-1.1,-0.95,-1.2,947
2023-07-25,KC,4-5,-0.95,-0.8,-1.05,310
2023-07-25,KC,5-6,-1.2,-1.1,-1.25,213
2023-07-25,SB,1-2,-0.18,-0.12,-0.18,15043
2023-07-25,SB,2-3,1.38,1.44,1.35,5138
2023-07-25,SB,3-4,0.83,0.86,0.78,1404
2023-07-25,SB,4-5,0.57,0.6,0.55,665
2023-07-25,SB,5-6,0.31,0.34,0.29,271
2023-07-26,CC,1-2,8.0,15.0,2.0,21211
2023-07-26,CC,2-3,28.0,32.0,20.0,3333
2023-07-26,CC,3-4,31.0,35.0,28.0,1485
2023-07-26,CC,4-5,31.0,35.0,28.0,804
2023-07-26,CC,5-6,38.0,39.0,34.0,659
2023-07-26,CT,1-2,0.01,0.21,-0.05,5337
2023-07-26,CT,2-3,0.36,0.44,0.16,1840
2023-07-26,CT,3-4,0.78,0.83,0.54,1278
2023-07-26,CT,4-5,6.58,6.75,5.54,909
2023-07-26,CT,5-6,-0.15,-0.12,-0.12,1
2023-07-26,KC,1-2,-0.05,,-0.4,5350
2023-07-26,KC,2-3,-1.1,-1.0,-1.35,2315
2023-07-26,KC,3-4,-1.0,-0.95,-1.2,832
2023-07-26,KC,4-5,-0.9,-0.85,-1.1,251
2023-07-26,KC,5-6,-1.15,-1.1,-1.25,118
2023-07-26,SB,1-2,-0.2,-0.16,-0.25,18817
2023-07-26,SB,2-3,1.37,1.42,1.34,4166
2023-07-26,SB,3-4,0.76,0.87,0.75,1664
2023-07-26,SB,4-5,0.53,0.6,0.51,569
2023-07-26,SB,5-6,0.29,0.33,0.27,285
2023-07-27,CC,1-2,5.0,16.0,5.0,7902
2023-07-27,CC,2-3,23.0,32.0,21.0,2767
2023-07-27,CC,3-4,30.0,33.0,27.0,1570
2023-07-27,CC,4-5,31.0,32.0,28.0,252
2023-07-27,CC,5-6,37.0,40.0,37.0,115
2023-07-27,CT,1-2,-0.19,0.14,-0.2,5318
2023-07-27,CT,2-3,0.02,0.4,,1279
2023-07-27,CT,3-4,0.39,0.84,0.38,558
2023-07-27,CT,4-5,5.05,6.75,5.04,276
2023-07-27,CT,5-6,-0.12,,,
2023-07-27,KC,1-2,-0.25,0.05,-0.35,4980
2023-07-27,KC,2-3,-1.25,-1.05,-1.3,1701
2023-07-27,KC,3-4,-1.0,-0.9,-1.05,1031
2023-07-27,KC,4-5,-0.95,-0.85,-0.95,270
2023-07-27,KC,5-6,-1.2,-1.05,-1.2,189
2023-07-27,SB,1-2,-0.21,-0.19,-0.26,10874
2023-07-27,SB,2-3,1.37,1.4,1.34,4201
2023-07-27,SB,3-4,0.77,0.79,0.74,1261
2023-07-27,SB,4-5,0.51,0.54,0.48,881
2023-07-27,SB,5-6,0.3,0.31,0.27,258
2023-07-28,CC,1-2,4.0,7.0,3.0,5950
2023-07-28,CC,2-3,24.0,26.0,21.0,2002
2023-07-28,CC,3-4,30.0,31.0,27.0,679
2023-07-28,CC,4-5,30.0,32.0,29.0,233
2023-07-28,CC,5-6,36.0,38.0,35.0,48
2023-07-28,CT,1-2,-0.15,-0.08,-0.2,3494
2023-07-28,CT,2-3,-0.04,0.07,-0.05,755
2023-07-28,CT,3-4,0.43,0.56,0.38,241
2023-07-28,CT,4-5,4.96,5.35,4.85,315
2023-07-28,CT,5-6,-0.12,,,
2023-07-28,KC,1-2,-0.3,-0.2,-0.4,5916
2023-07-28,KC,2-3,-1.25,-1.15,-1.3,2483
2023-07-28,KC,3-4,-1.05,-0.95,-1.1,583
2023-07-28,KC,4-5,-0.95,-0.9,-1.05,186
2023-07-28,KC,5-6,-1.2,-1.15,-1.25,148
2023-07-28,SB,1-2,-0.22,-0.19,-0.25,10306
2023-07-28,SB,2-3,1.33,1.39,1.3,6348
2023-07-28,SB,3-4,0.71,0.78,0.7,2023
2023-07-28,SB,4-5,0.47,0.52,0.44,871
2023-07-28,SB,5-6,0.25,0.3,0.24,416
2023-07-31,CC,1-2,5.0,6.0,3.0,9759
2023-07-31,CC,2-3,21.0,26.0,18.0,4117
2023-07-31,CC,3-4,27.0,31.0,26.0,1118
2023-07-31,CC,4-5,28.0,32.0,28.0,284
2023-07-31,CC,5-6,34.0,37.0,34.0,150
2023-07-31,CT,1-2,-0.03,0.06,-0.19,4287
2023-07-31,CT,2-3,0.04,0.11,-0.09,1278
2023-07-31,CT,3-4,0.51,0.64,0.39,877
2023-07-31,CT,4-5,5.19,5.45,4.77,551
2023-07-31,CT,5-6,-0.2,,,
2023-07-31,KC,1-2,0.1,0.15,-0.25,8020
2023-07-31,KC,2-3,-1.05,-0.95,-1.2,2937
2023-07-31,KC,3-4,-0.85,-0.8,-1.05,1218
2023-07-31,KC,4-5,-0.8,-0.65,-1.0,323
2023-07-31,KC,5-6,-1.05,-1.0,-1.2,221
2023-07-31,SB,1-2,-0.18,-0.17,-0.24,13342
2023-07-31,SB,2-3,1.37,1.38,1.3,3866
2023-07-31,SB,3-4,0.75,0.76,0.7,1102
2023-07-31,SB,4-5,0.48,0.49,0.45,421
2023-07-31,SB,5-6,0.28,0.29,0.23,176
2023-08-01,CC,1-2,-1.0,6.0,-2.0,18116
2023-08-01,CC,2-3,20.0,22.0,18.0,4587
2023-08-01,CC,3-4,25.0,30.0,24.0,1466
2023-08-01,CC,4-5,27.0,30.0,27.0,345
2023-08-01,CC,5-6,34.0,36.0,33.0,89
2023-08-01,CT,1-2,-0.13,,-0.14,4585
2023-08-01,CT,2-3,0.0,0.08,-0.04,1344
2023-08-01,CT,3-4,0.51,0.58,0.44,641
2023-08-01,CT,4-5,5.7,5.75,4.85,286
2023-08-01,CT,5-6,-0.2,,,
2023-08-01,KC,1-2,0.15,0.3,-0.05,7473
2023-08-01,KC,2-3,-1.15,-0.95,-1.15,3014
2023-08-01,KC,3-4,-0.85,-0.75,-0.85,933
2023-08-01,KC,4-5,-0.65,-0.65,-0.8,232
2023-08-01,KC,5-6,-0.85,-0.85,-1.05,170
2023-08-01,SB,1-2,-0.18,-0.16,-0.2,11947
2023-08-01,SB,2-3,1.36,1.4,1.33,5252
2023-08-01,SB,3-4,0.8,0.81,0.72,2372
2023-08-01,SB,4-5,0.54,0.56,0.47,1606
2023-08-01,SB,5-6,0.32,0.35,0.27,422
2023-08-02,CC,1-2,11.0,16.0,-2.0,16772
2023-08-02,CC,2-3,22.0,24.0,19.0,4221
2023-08-02,CC,3-4,26.0,29.0,25.0,2122
2023-08-02,CC,4-5,29.0,29.0,27.0,424
2023-08-02,CC,5-6,35.0,36.0,35.0,73
2023-08-02,CT,1-2,-0.16,-0.12,-0.18,4862
2023-08-02,CT,2-3,-0.12,0.01,-0.16,1358
2023-08-02,CT,3-4,0.35,0.54,0.29,668
2023-08-02,CT,4-5,5.03,5.5,4.88,157
2023-08-02,CT,5-6,-0.2,,,
2023-08-02,KC,1-2,0.6,0.8,,8998
2023-08-02,KC,2-3,-0.95,-0.8,-1.15,3297
2023-08-02,KC,3-4,-0.75,-0.55,-0.85,993
2023-08-02,KC,4-5,-0.6,-0.45,-0.7,441
2023-08-02,KC,5-6,-0.8,-0.7,-0.85,232
2023-08-02,SB,1-2,-0.19,-0.14,-0.2,11492
2023-08-02,SB,2-3,1.34,1.4,1.33,4340
2023-08-02,SB,3-4,0.79,0.83,0.78,1369
2023-08-02,SB,4-5,0.54,0.58,0.53,1015
2023-08-02,SB,5-6,0.32,0.34,0.3,484
2023-08-03,CC,1-2,3.0,8.0,-1.0,18822
2023-08-03,CC,2-3,16.0,23.0,15.0,8087
2023-08-03,CC,3-4,16.0,26.0,15.0,3764
2023-08-03,CC,4-5,16.0,28.0,14.0,3037
2023-08-03,CC,5-6,31.0,36.0,30.0,840
2023-08-03,CT,1-2,-0.11,-0.05,-0.18,4244
2023-08-03,CT,2-3,-0.07,-0.03,-0.18,1648
2023-08-03,CT,3-4,0.35,0.47,0.23,797
2023-08-03,CT,4-5,5.12,5.41,4.45,230
2023-08-03,CT,5-6,-0.2,,,
2023-08-03,KC,1-2,0.75,1.05,0.3,7901
2023-08-03,KC,2-3,-1.05,-0.85,-1.05,3661
2023-08-03,KC,3-4,-0.75,-0.6,-0.8,1375
2023-08-03,KC,4-5,-0.55,-0.45,-0.6,718
2023-08-03,KC,5-6,-0.65,-0.55,-0.8,1035
2023-08-03,SB,1-2,-0.17,-0.15,-0.21,12193
2023-08-03,SB,2-3,1.3,1.35,1.29,5681
2023-08-03,SB,3-4,0.77,0.81,0.72,1911
2023-08-03,SB,4-5,0.51,0.57,0.49,897
2023-08-03,SB,5-6,0.31,0.35,0.28,663
2023-08-04,CC,1-2,12.0,18.0,2.0,26795
2023-08-04,CC,2-3,17.0,22.0,13.0,6459
2023-08-04,CC,3-4,17.0,21.0,16.0,2519
2023-08-04,CC,4-5,22.0,22.0,17.0,1467
2023-08-04,CC,5-6,34.0,36.0,32.0,374
2023-08-04,CT,1-2,-0.11,-0.02,-0.15,3667
2023-08-04,CT,2-3,-0.1,-0.03,-0.13,1122
2023-08-04,CT,3-4,0.31,0.44,0.29,443
2023-08-04,CT,4-5,4.69,5.19,4.6,49
2023-08-04,CT,5-6,-0.2,,,
2023-08-04,KC,1-2,0.4,0.85,0.25,10125
2023-08-04,KC,2-3,-1.2,-0.9,-1.2,3097
2023-08-04,KC,3-4,-0.8,-0.55,-0.8,1090
2023-08-04,KC,4-5,-0.5,-0.35,-0.6,446
2023-08-04,KC,5-6,-0.65,-0.5,-0.7,251
2023-08-04,SB,1-2,-0.19,-0.16,-0.2,8397
2023-08-04,SB,2-3,1.28,1.32,1.26,5877
2023-08-04,SB,3-4,0.74,0.77,0.71,1519
2023-08-04,SB,4-5,0.46,0.51,0.45,781
2023-08-04,SB,5-6,0.28,0.31,0.25,338
2023-08-07,CC,1-2,-21.0,37.0,-34.0,58994
2023-08-07,CC,2-3,8.0,24.0,5.0,13282
2023-08-07,CC,3-4,17.0,23.0,16.0,3511
2023-08-07,CC,4-5,21.0,25.0,20.0,1245
2023-08-07,CC,5-6,34.0,37.0,31.0,400
2023-08-07,CT,1-2,-0.11,-0.04,-0.12,3118
2023-08-07,CT,2-3,-0.14,-0.04,-0.15,964
2023-08-07,CT,3-4,0.33,0.43,0.28,359
2023-08-07,CT,4-5,5.4,5.78,4.97,92
2023-08-07,CT,5-6,-0.2,,,
2023-08-07,KC,1-2,0.5,0.85,0.2,18075
2023-08-07,KC,2-3,-1.15,-0.95,-1.3,5350
2023-08-07,KC,3-4,-0.85,-0.55,-1.05,1506
2023-08-07,KC,4-5,-0.65,-0.4,-0.8,820
2023-08-07,KC,5-6,-0.85,-0.55,-1.0,720
2023-08-07,SB,1-2,-0.22,-0.17,-0.24,11000
2023-08-07,SB,2-3,1.29,1.34,1.28,5523
2023-08-07,SB,3-4,0.76,0.79,0.71,1434
2023-08-07,SB,4-5,0.47,0.52,0.43,1307
2023-08-07,SB,5-6,0.28,0.31,0.2,823
2023-08-08,CC,1-2,-43.0,-35.0,-77.0,28699
2023-08-08,CC,2-3,5.0,11.0,2.0,17287
2023-08-08,CC,3-4,17.0,20.0,14.0,3961
2023-08-08,CC,4-5,22.0,25.0,18.0,1080
2023-08-08,CC,5-6,33.0,35.0,31.0,405
2023-08-08,CT,1-2,-0.07,-0.03,-0.13,3329
2023-08-08,CT,2-3,-0.14,-0.07,-0.18,956
2023-08-08,CT,3-4,0.33,0.41,0.28,276
2023-08-08,CT,4-5,5.12,5.5,5.04,96
2023-08-08,CT,5-6,-0.2,,,
2023-08-08,KC,1-2,0.5,0.6,0.25,17386
2023-08-08,KC,2-3,-1.15,-1.05,-1.3,2994
2023-08-08,KC,3-4,-0.95,-0.8,-1.0,1447
2023-08-08,KC,4-5,-0.7,-0.6,-0.75,808
2023-08-08,KC,5-6,-0.8,-0.65,-0.85,442
2023-08-08,SB,1-2,-0.25,-0.23,-0.27,11638
2023-08-08,SB,2-3,1.24,1.28,1.23,6884
2023-08-08,SB,3-4,0.73,0.76,0.71,1255
2023-08-08,SB,4-5,0.41,0.47,0.39,1259
2023-08-08,SB,5-6,0.21,0.27,0.2,545
2023-08-09,CC,1-2,-44.0,-37.0,-71.0,13590
2023-08-09,CC,2-3,7.0,10.0,2.0,9688
2023-08-09,CC,3-4,17.0,20.0,13.0,4193
2023-08-09,CC,4-5,24.0,24.0,19.0,793
2023-08-09,CC,5-6,33.0,34.0,32.0,160
2023-08-09,CT,1-2,-0.07,-0.03,-0.12,2650
2023-08-09,CT,2-3,-0.13,-0.06,-0.17,1039
2023-08-09,CT,3-4,0.4,0.52,0.26,380
2023-08-09,CT,4-5,5.2,5.3,4.85,193
2023-08-09,CT,5-6,-0.25,,,
2023-08-09,KC,1-2,0.55,0.7,0.45,19899
2023-08-09,KC,2-3,-1.15,-1.05,-1.2,3954
2023-08-09,KC,3-4,-0.9,-0.75,-1.0,1428
2023-08-09,KC,4-5,-0.65,-0.55,-0.7,780
2023-08-09,KC,5-6,-0.65,-0.6,-0.75,388
2023-08-09,SB,1-2,-0.2,-0.19,-0.26,9903
2023-08-09,SB,2-3,1.25,1.28,1.23,6151
2023-08-09,SB,3-4,0.79,0.82,0.73,1937
2023-08-09,SB,4-5,0.46,0.48,0.42,1353
2023-08-09,SB,5-6,0.25,0.27,0.21,629
2023-08-10,CC,1-2,-76.0,-60.0,-91.0,17961
2023-08-10,CC,2-3,3.0,9.0,1.0,8850
2023-08-10,CC,3-4,16.0,19.0,12.0,2752
2023-08-10,CC,4-5,21.0,25.0,17.0,847
2023-08-10,CC,5-6,31.0,35.0,30.0,193
2023-08-10,CT,1-2,0.0,0.09,-0.07,3443
2023-08-10,CT,2-3,-0.09,0.06,-0.15,1526
2023-08-10,CT,3-4,0.43,0.53,0.35,350
2023-08-10,CT,4-5,5.75,5.93,5.1,106
2023-08-10,CT,5-6,-0.25,,,
2023-08-10,KC,1-2,0.25,0.65,0.25,20711
2023-08-10,KC,2-3,-1.25,-0.95,-1.25,4912
2023-08-10,KC,3-4,-0.95,-0.7,-1.0,1565
2023-08-10,KC,4-5,-0.55,-0.45,-0.65,2437
2023-08-10,KC,5-6,-0.55,-0.4,-0.65,999
2023-08-10,SB,1-2,-0.22,-0.18,-0.23,13888
2023-08-10,SB,2-3,1.23,1.3,1.22,5713
2023-08-10,SB,3-4,0.8,0.86,0.77,2742
2023-08-10,SB,4-5,0.43,0.5,0.42,2045
2023-08-10,SB,5-6,0.24,0.28,0.22,495
2023-08-11,CC,1-2,-60.0,-56.0,-77.0,8000
2023-08-11,CC,2-3,2.0,4.0,,5705
2023-08-11,CC,3-4,18.0,19.0,16.0,1639
2023-08-11,CC,4-5,19.0,21.0,17.0,445
2023-08-11,CC,5-6,30.0,31.0,29.0,221
2023-08-11,CT,1-2,0.22,0.3,-0.06,7096
2023-08-11,CT,2-3,0.13,0.18,-0.13,2911
2023-08-11,CT,3-4,0.57,0.75,0.3,1031
2023-08-11,CT,4-5,6.45,7.22,5.3,498
2023-08-11,CT,5-6,-0.25,,,
2023-08-11,KC,1-2,0.1,0.35,-0.1,19127
2023-08-11,KC,2-3,-1.1,-0.95,-1.3,5756
2023-08-11,KC,3-4,-1.05,-0.9,-1.15,3240
2023-08-11,KC,4-5,-0.55,-0.4,-0.6,1136
2023-08-11,KC,5-6,-0.55,-0.45,-0.55,462
2023-08-11,SB,1-2,-0.23,-0.18,-0.24,15739
2023-08-11,SB,2-3,1.31,1.34,1.22,8798
2023-08-11,SB,3-4,0.87,0.9,0.79,1983
2023-08-11,SB,4-5,0.48,0.5,0.41,844
2023-08-11,SB,5-6,0.3,0.3,0.21,652
2023-08-14,CC,1-2,-76.0,-56.0,-83.0,3330
2023-08-14,CC,2-3,4.0,7.0,2.0,5055
2023-08-14,CC,3-4,18.0,21.0,17.0,1055
2023-08-14,CC,4-5,20.0,24.0,19.0,558
2023-08-14,CC,5-6,32.0,34.0,30.0,196
2023-08-14,CT,1-2,0.16,0.26,0.05,3773
2023-08-14,CT,2-3,0.1,0.18,0.01,1112
2023-08-14,CT,3-4,0.52,0.59,0.37,432
2023-08-14,CT,4-5,5.9,6.25,5.25,380
2023-08-14,CT,5-6,-0.25,,,
2023-08-14,KC,1-2,-1.5,0.1,-1.95,15393
2023-08-14,KC,2-3,-1.35,-1.05,-1.45,7656
2023-08-14,KC,3-4,-1.3,-1.05,-1.3,3038
2023-08-14,KC,4-5,-0.65,-0.55,-0.7,958
2023-08-14,KC,5-6,-0.65,-0.45,-0.65,416
2023-08-14,SB,1-2,-0.22,-0.21,-0.23,9440
2023-08-14,SB,2-3,1.28,1.34,1.27,2994
2023-08-14,SB,3-4,0.85,0.9,0.83,1279
2023-08-14,SB,4-5,0.45,0.52,0.44,612
2023-08-14,SB,5-6,0.25,0.3,0.24,397
2023-08-15,CC,1-2,-93.0,-74.0,-95.0,3760
2023-08-15,CC,2-3,3.0,7.0,2.0,5405
2023-08-15,CC,3-4,16.0,19.0,14.0,2043
2023-08-15,CC,4-5,19.0,21.0,17.0,931
2023-08-15,CC,5-6,31.0,33.0,30.0,204
2023-08-15,CT,1-2,0.09,0.17,0.07,2559
2023-08-15,CT,2-3,0.0,0.13,-0.03,956
2023-08-15,CT,3-4,0.37,0.53,0.35,301
2023-08-15,CT,4-5,5.1,5.79,5.04,134
2023-08-15,CT,5-6,-0.2,-0.13,-0.13,1
2023-08-15,KC,1-2,-2.1,-1.35,-2.15,9069
2023-08-15,KC,2-3,-1.35,-1.25,-1.35,4827
2023-08-15,KC,3-4,-1.3,-1.2,-1.3,2009
2023-08-15,KC,4-5,-0.8,-0.6,-0.8,668
2023-08-15,KC,5-6,-0.75,-0.6,-0.75,191
2023-08-15,SB,1-2,-0.24,-0.21,-0.26,13078
2023-08-15,SB,2-3,1.27,1.31,1.26,3837
2023-08-15,SB,3-4,0.85,0.9,0.83,1493
2023-08-15,SB,4-5,0.45,0.5,0.43,940
2023-08-15,SB,5-6,0.25,0.3,0.24,560
2023-08-16,CC,1-2,-80.0,-75.0,-98.0,6535
2023-08-16,CC,2-3,5.0,6.0,1.0,5568
2023-08-16,CC,3-4,16.0,18.0,15.0,1154
2023-08-16,CC,4-5,20.0,20.0,18.0,276
2023-08-16,CC,5-6,31.0,32.0,30.0,127
2023-08-16,CT,1-2,0.08,0.14,0.01,2306
2023-08-16,CT,2-3,-0.04,0.06,-0.09,888
2023-08-16,CT,3-4,0.36,0.47,0.28,457
2023-08-16,CT,4-5,4.81,5.35,4.7,378
2023-08-16,CT,5-6,-0.2,,,
2023-08-16,KC,1-2,-1.7,-1.35,-2.15,6307
2023-08-16,KC,2-3,-1.45,-1.25,-1.45,5180
2023-08-16,KC,3-4,-1.25,-1.15,-1.3,1395
2023-08-16,KC,4-5,-0.8,-0.65,-0.85,609
2023-08-16,KC,5-6,-0.75,-0.55,-0.75,301
2023-08-16,SB,1-2,-0.23,-0.23,-0.27,15256
2023-08-16,SB,2-3,1.27,1.32,1.26,4638
2023-08-16,SB,3-4,0.87,0.9,0.83,2728
2023-08-16,SB,4-5,0.5,0.52,0.43,976
2023-08-16,SB,5-6,0.29,0.3,0.23,760
2023-08-17,CC,1-2,-75.0,-65.0,-83.0,1680
2023-08-17,CC,2-3,4.0,7.0,3.0,4010
2023-08-17,CC,3-4,19.0,20.0,16.0,691
2023-08-17,CC,4-5,23.0,23.0,19.0,263
2023-08-17,CC,5-6,33.0,34.0,31.0,211
2023-08-17,CT,1-2,0.03,0.13,-0.04,3529
2023-08-17,CT,2-3,-0.1,0.02,-0.12,901
2023-08-17,CT,3-4,0.17,0.39,0.14,536
2023-08-17,CT,4-5,4.4,4.88,4.4,285
2023-08-17,CT,5-6,-0.2,,,
2023-08-17,KC,1-2,-2.1,-1.05,-2.5,3648
2023-08-17,KC,2-3,-1.5,-1.35,-1.5,5920
2023-08-17,KC,3-4,-1.25,-1.2,-1.3,1800
2023-08-17,KC,4-5,-0.9,-0.8,-0.95,832
2023-08-17,KC,5-6,-0.8,-0.65,-0.85,253
2023-08-17,SB,1-2,-0.26,-0.2,-0.28,26336
2023-08-17,SB,2-3,1.22,1.33,1.21,10766
2023-08-17,SB,3-4,0.84,0.94,0.83,3566
2023-08-17,SB,4-5,0.48,0.56,0.47,1871
2023-08-17,SB,5-6,0.28,0.34,0.27,857
2023-08-18,CC,1-2,-83.0,-67.0,-86.0,1418
2023-08-18,CC,2-3,1.0,4.0,,4635
2023-08-18,CC,3-4,14.0,20.0,13.0,2568
2023-08-18,CC,4-5,18.0,23.0,16.0,1185
2023-08-18,CC,5-6,29.0,34.0,29.0,431
2023-08-18,CT,1-2,0.07,0.17,0.01,2174
2023-08-18,CT,2-3,-0.13,-0.06,-0.14,619
2023-08-18,CT,3-4,0.18,0.25,0.15,269
2023-08-18,CT,4-5,4.44,4.64,4.41,202
2023-08-18,CT,5-6,-0.15,-0.12,-0.12,1
2023-08-18,KC,1-2,-2.55,-1.75,-2.65,3654
2023-08-18,KC,2-3,-1.45,-1.3,-1.5,4427
2023-08-18,KC,3-4,-1.25,-1.2,-1.3,2177
2023-08-18,KC,4-5,-0.9,-0.9,-0.95,346
2023-08-18,KC,5-6,-0.85,-0.75,-0.85,137
2023-08-18,SB,1-2,-0.3,-0.27,-0.34,13989
2023-08-18,SB,2-3,1.16,1.21,1.15,7729
2023-08-18,SB,3-4,0.81,0.85,0.79,2854
2023-08-18,SB,4-5,0.41,0.49,0.41,810
2023-08-18,SB,5-6,0.21,0.28,0.21,407
2023-08-21,CC,1-2,-93.0,-58.0,-93.0,1730
2023-08-21,CC,2-3,1.0,2.0,,4727
2023-08-21,CC,3-4,13.0,17.0,12.0,1427
2023-08-21,CC,4-5,14.0,20.0,13.0,689
2023-08-21,CC,5-6,26.0,30.0,25.0,371
2023-08-21,CT,1-2,0.05,0.2,0.03,2629
2023-08-21,CT,2-3,-0.09,-0.03,-0.15,754
2023-08-21,CT,3-4,0.21,0.34,0.2,246
2023-08-21,CT,4-5,4.49,5.1,4.49,139
2023-08-21,CT,5-6,-0.15,,,
2023-08-21,KC,1-2,-3.25,-2.35,-3.4,5090
2023-08-21,KC,2-3,-1.6,-1.25,-1.6,4797
2023-08-21,KC,3-4,-1.2,-1.05,-1.25,1583
2023-08-21,KC,4-5,-0.85,-0.8,-0.95,469
2023-08-21,KC,5-6,-0.8,-0.75,-0.85,207
2023-08-21,SB,1-2,-0.31,-0.24,-0.32,15322
2023-08-21,SB,2-3,1.11,1.21,1.11,9419
2023-08-21,SB,3-4,0.76,0.88,0.76,5081
2023-08-21,SB,4-5,0.37,0.5,0.36,3608
2023-08-21,SB,5-6,0.18,0.26,0.17,642
2023-08-22,CC,1-2,-94.0,-73.0,-102.0,2771
2023-08-22,CC,2-3,-2.0,1.0,-2.0,5387
2023-08-22,CC,3-4,11.0,14.0,9.0,2014
2023-08-22,CC,4-5,13.0,16.0,12.0,760
2023-08-22,CC,5-6,23.0,26.0,23.0,172
2023-08-22,CT,1-2,0.07,0.13,0.03,2020
2023-08-22,CT,2-3,-0.06,-0.03,-0.13,622
2023-08-22,CT,3-4,0.25,0.32,0.16,181
2023-08-22,CT,4-5,4.85,5.0,4.45,145
2023-08-22,CT,5-6,-0.15,,,
2023-08-22,KC,1-2,-3.45,-0.5,-3.6,4080
2023-08-22,KC,2-3,-1.5,-1.35,-1.55,3820
2023-08-22,KC,3-4,-1.1,-1.0,-1.25,1935
2023-08-22,KC,4-5,-0.8,-0.8,-0.9,533
2023-08-22,KC,5-6,-0.8,-0.75,-0.85,127
2023-08-22,SB,1-2,-0.31,-0.27,-0.34,17207
2023-08-22,SB,2-3,1.05,1.14,1.04,7126
2023-08-22,SB,3-4,0.73,0.82,0.72,3777
2023-08-22,SB,4-5,0.36,0.42,0.34,2350
2023-08-22,SB,5-6,0.18,0.22,0.17,954
2023-08-23,CC,1-2,-100.0,-80.0,-104.0,1852
2023-08-23,CC,2-3,-8.0,-2.0,-9.0,6465
2023-08-23,CC,3-4,8.0,12.0,7.0,2767
2023-08-23,CC,4-5,13.0,16.0,12.0,876
2023-08-23,CC,5-6,25.0,27.0,24.0,101
2023-08-23,CT,1-2,0.13,0.2,0.06,3521
2023-08-23,CT,2-3,0.09,0.12,-0.06,830
2023-08-23,CT,3-4,0.48,0.54,0.29,298
2023-08-23,CT,4-5,5.42,5.43,4.76,246
2023-08-23,CT,5-6,-0.15,-0.12,-0.12,2
2023-08-23,KC,1-2,-0.95,-0.9,-3.1,1068
2023-08-23,KC,2-3,-1.2,-1.15,-1.45,2904
2023-08-23,KC,3-4,-0.85,-0.75,-1.05,2370
2023-08-23,KC,4-5,-0.7,-0.65,-0.85,969
2023-08-23,KC,5-6,-0.8,-0.65,-0.8,283
2023-08-23,SB,1-2,-0.33,-0.29,-0.35,27096
2023-08-23,SB,2-3,1.08,1.17,0.99,21027
2023-08-23,SB,3-4,0.76,0.83,0.71,5906
2023-08-23,SB,4-5,0.37,0.44,0.33,2682
2023-08-23,SB,5-6,0.2,0.24,0.15,1110
2023-08-24,CC,1-2,-72.0,-54.0,-103.0,1426
2023-08-24,CC,2-3,-8.0,-8.0,-13.0,7187
2023-08-24,CC,3-4,13.0,14.0,6.0,2288
2023-08-24,CC,4-5,14.0,16.0,12.0,1081
2023-08-24,CC,5-6,28.0,30.0,26.0,291
2023-08-24,CT,1-2,0.05,0.16,0.02,4066
2023-08-24,CT,2-3,0.03,0.17,0.02,767
2023-08-24,CT,3-4,0.41,0.51,0.39,200
2023-08-24,CT,4-5,5.39,5.5,5.2,108
2023-08-24,CT,5-6,-0.15,,,
2023-08-24,KC,1-2,-1.3,-0.8,-1.65,52
2023-08-24,KC,2-3,-1.0,-0.95,-1.25,3201
2023-08-24,KC,3-4,-0.8,-0.7,-0.85,1683
2023-08-24,KC,4-5,-0.65,-0.6,-0.7,428
2023-08-24,KC,5-6,-0.7,-0.65,-0.75,112
2023-08-24,SB,1-2,-0.34,-0.31,-0.37,16921
2023-08-24,SB,2-3,1.12,1.13,1.04,7671
2023-08-24,SB,3-4,0.86,0.87,0.73,4972
2023-08-24,SB,4-5,0.42,0.44,0.36,2376
2023-08-24,SB,5-6,0.25,0.26,0.2,1134
2023-08-25,CC,1-2,-36.0,-30.0,-75.0,47
2023-08-25,CC,2-3,-11.0,-4.0,-12.0,5905
2023-08-25,CC,3-4,11.0,15.0,10.0,1876
2023-08-25,CC,4-5,12.0,17.0,11.0,1186
2023-08-25,CC,5-6,29.0,31.0,28.0,187
2023-08-25,CT,1-2,0.12,0.24,0.03,4490
2023-08-25,CT,2-3,0.19,0.25,0.02,1711
2023-08-25,CT,3-4,0.73,0.76,0.45,625
2023-08-25,CT,4-5,5.83,6.05,5.45,475
2023-08-25,CT,5-6,-0.15,,,
2023-08-25,KC,1-2,-1.4,-1.3,-1.45,3
2023-08-25,KC,2-3,-1.15,-0.9,-1.25,2816
2023-08-25,KC,3-4,-0.9,-0.75,-0.9,1314
2023-08-25,KC,4-5,-0.6,-0.6,-0.7,267
2023-08-25,KC,5-6,-0.65,-0.6,-0.75,217
2023-08-25,SB,1-2,-0.33,-0.31,-0.37,21785
2023-08-25,SB,2-3,1.22,1.25,1.1,10541
2023-08-25,SB,3-4,0.99,1.03,0.84,7044
2023-08-25,SB,4-5,0.45,0.5,0.39,4352
2023-08-25,SB,5-6,0.28,0.3,0.22,1272
2023-08-28,CC,1-2,-33.0,-20.0,-30.0,6
2023-08-28,CC,2-3,-13.0,-11.0,-15.0,4480
2023-08-28,CC,3-4,9.0,11.0,8.0,1773
2023-08-28,CC,4-5,9.0,12.0,8.0,1220
2023-08-28,CC,5-6,28.0,30.0,26.0,140
2023-08-28,CT,1-2,0.14,0.23,0.11,1919
2023-08-28,CT,2-3,0.09,0.27,0.08,742
2023-08-28,CT,3-4,0.59,0.79,0.53,306
2023-08-28,CT,4-5,5.75,6.03,5.47,126
2023-08-28,CT,5-6,-0.15,,,
2023-08-28,KC,1-2,-0.95,-0.9,-0.9,8
2023-08-28,KC,2-3,-1.1,-0.95,-1.2,1115
2023-08-28,KC,3-4,-0.9,-0.8,-0.9,522
2023-08-28,KC,4-5,-0.5,-0.5,-0.6,184
2023-08-28,KC,5-6,-0.5,-0.5,-0.6,164
2023-08-28,SB,1-2,-0.25,-0.25,-0.32,23297
2023-08-28,SB,2-3,1.45,1.47,1.23,13422
2023-08-28,SB,3-4,1.19,1.2,1.02,10854
2023-08-28,SB,4-5,0.58,0.59,0.43,5496
2023-08-28,SB,5-6,0.31,0.34,0.24,1638
2023-08-29,CC,1-2,-33.0,-30.0,-30.0,5
2023-08-29,CC,2-3,-11.0,-8.0,-14.0,8252
2023-08-29,CC,3-4,13.0,14.0,10.0,2356
2023-08-29,CC,4-5,13.0,16.0,11.0,1540
2023-08-29,CC,5-6,32.0,35.0,28.0,551
2023-08-29,CT,1-2,0.09,0.16,0.05,1869
2023-08-29,CT,2-3,0.07,0.18,0.05,931
2023-08-29,CT,3-4,0.68,0.81,0.54,380
2023-08-29,CT,4-5,5.68,6.13,5.58,305
2023-08-29,CT,5-6,-0.15,,,
2023-08-29,KC,1-2,-1.75,-0.9,-3.15,40
2023-08-29,KC,2-3,-1.1,-0.9,-1.15,2016
2023-08-29,KC,3-4,-0.95,-0.85,-1.0,1221
2023-08-29,KC,4-5,-0.6,-0.5,-0.6,267
2023-08-29,KC,5-6,-0.5,-0.5,-0.55,129
2023-08-29,SB,1-2,-0.31,-0.24,-0.31,24530
2023-08-29,SB,2-3,1.41,1.49,1.36,8544
2023-08-29,SB,3-4,1.18,1.23,1.11,6190
2023-08-29,SB,4-5,0.56,0.6,0.52,4132
2023-08-29,SB,5-6,0.25,0.34,0.21,2037
2023-08-30,CC,1-2,-33.0,-30.0,-30.0,2
2023-08-30,CC,2-3,-9.0,-8.0,-17.0,10315
2023-08-30,CC,3-4,11.0,12.0,8.0,3458
2023-08-30,CC,4-5,12.0,13.0,10.0,1360
2023-08-30,CC,5-6,31.0,32.0,31.0,482
2023-08-30,CT,1-2,0.14,0.19,0.07,2872
2023-08-30,CT,2-3,0.06,0.13,0.04,1954
2023-08-30,CT,3-4,0.84,0.87,0.63,820
2023-08-30,CT,4-5,6.85,6.94,5.89,489
2023-08-30,CT,5-6,-0.2,,,
2023-08-30,KC,1-2,-2.0,-2.0,-3.15,21
2023-08-30,KC,2-3,-1.0,-0.9,-1.15,3545
2023-08-30,KC,3-4,-0.9,-0.85,-0.95,1031
2023-08-30,KC,4-5,-0.55,-0.5,-0.65,691
2023-08-30,KC,5-6,-0.55,-0.5,-0.55,234
2023-08-30,SB,1-2,-0.34,-0.28,-0.35,29836
2023-08-30,SB,2-3,1.41,1.49,1.38,9246
2023-08-30,SB,3-4,1.17,1.27,1.15,7649
2023-08-30,SB,4-5,0.52,0.6,0.51,3777
2023-08-30,SB,5-6,0.24,0.3,0.23,1125
2023-08-31,CC,1-2,-36.0,-30.0,-30.0,1
2023-08-31,CC,2-3,-10.0,-9.0,-15.0,5039
2023-08-31,CC,3-4,15.0,16.0,8.0,3806
2023-08-31,CC,4-5,13.0,19.0,8.0,3691
2023-08-31,CC,5-6,44.0,135.0,31.0,3590
2023-08-31,CT,1-2,0.09,0.18,0.05,2993
2023-08-31,CT,2-3,0.05,0.12,0.04,1543
2023-08-31,CT,3-4,0.86,0.91,0.78,641
2023-08-31,CT,4-5,7.0,7.25,6.69,544
2023-08-31,CT,5-6,-0.2,,,
2023-08-31,KC,1-2,-1.8,-0.9,-2.95,55
2023-08-31,KC,2-3,-1.15,-0.8,-1.2,6152
2023-08-31,KC,3-4,-0.95,-0.85,-1.05,1675
2023-08-31,KC,4-5,-0.55,-0.45,-0.6,444
2023-08-31,KC,5-6,-0.45,-0.4,-0.5,468
2023-08-31,SB,1-2,-0.37,-0.33,-0.38,29775
2023-08-31,SB,2-3,1.41,1.46,1.39,6498
2023-08-31,SB,3-4,1.17,1.21,1.14,2519
2023-08-31,SB,4-5,0.48,0.57,0.47,1617
2023-08-31,SB,5-6,0.22,0.27,0.21,444
2023-09-01,CC,1-2,-31.0,-30.0,-30.0,7
2023-09-01,CC,2-3,-12.0,-8.0,-15.0,4077
2023-09-01,CC,3-4,11.0,17.0,10.0,1427
2023-09-01,CC,4-5,13.0,19.0,8.0,1206
2023-09-01,CC,5-6,41.0,50.0,40.0,475
2023-09-01,CT,1-2,0.18,0.25,0.07,5783
2023-09-01,CT,2-3,0.07,0.22,0.05,3341
2023-09-01,CT,3-4,1.22,1.59,0.83,1553
2023-09-01,CT,4-5,7.76,8.19,7.0,1139
2023-09-01,CT,5-6,-0.2,-0.24,-0.24,1
2023-09-01,KC,1-2,-0.95,-0.9,-1.1,10
2023-09-01,KC,2-3,-1.35,-1.0,-1.35,3440
2023-09-01,KC,3-4,-0.95,-0.85,-1.0,1588
2023-09-01,KC,4-5,-0.55,-0.45,-0.6,344
2023-09-01,KC,5-6,-0.45,-0.45,-0.5,261
2023-09-01,SB,1-2,-0.24,-0.22,-0.38,30279
2023-09-01,SB,2-3,1.48,1.5,1.38,5492
2023-09-01,SB,3-4,1.25,1.27,1.14,3318
2023-09-01,SB,4-5,0.56,0.58,0.48,1778
2023-09-01,SB,5-6,0.26,0.28,0.22,634
2023-09-05,CC,1-2,-89.0,-30.0,-90.0,83
2023-09-05,CC,2-3,-12.0,-4.0,-15.0,5067
2023-09-05,CC,3-4,10.0,18.0,10.0,1397
2023-09-05,CC,4-5,15.0,20.0,11.0,689
2023-09-05,CC,5-6,40.0,45.0,36.0,306
2023-09-05,CT,1-2,0.07,0.24,0.06,6230
2023-09-05,CT,2-3,0.09,0.13,0.01,1991
2023-09-05,CT,3-4,0.99,1.07,0.78,468
2023-09-05,CT,4-5,7.14,7.5,6.71,417
2023-09-05,CT,5-6,-0.16,-0.16,-0.28,299
2023-09-05,KC,1-2,-2.05,-0.9,-2.75,28
2023-09-05,KC,2-3,-0.9,-0.85,-1.45,5003
2023-09-05,KC,3-4,-1.0,-0.9,-1.05,1951
2023-09-05,KC,4-5,-0.6,-0.55,-0.65,532
2023-09-05,KC,5-6,-0.5,-0.4,-0.5,351
2023-09-05,SB,1-2,-0.25,-0.22,-0.28,38770
2023-09-05,SB,2-3,1.56,1.69,1.44,13910
2023-09-05,SB,3-4,1.47,1.57,1.25,10391
2023-09-05,SB,4-5,0.6,0.67,0.55,6386
2023-09-05,SB,5-6,0.3,0.34,0.26,1988
2023-09-06,CC,1-2,-75.0,-30.0,-30.0,1
2023-09-06,CC,2-3,-12.0,-8.0,-14.0,3434
2023-09-06,CC,3-4,12.0,17.0,10.0,1080
2023-09-06,CC,4-5,15.0,18.0,13.0,589
2023-09-06,CC,5-6,37.0,44.0,36.0,248
2023-09-06,CT,1-2,-0.1,0.08,-0.12,8005
2023-09-06,CT,2-3,-0.12,0.13,-0.15,2601
2023-09-06,CT,3-4,0.6,1.14,0.58,1002
2023-09-06,CT,4-5,6.46,7.33,6.2,327
2023-09-06,CT,5-6,-0.16,,,
2023-09-06,KC,1-2,-2.05,,,
2023-09-06,KC,2-3,-1.0,-0.85,-1.15,4925
2023-09-06,KC,3-4,-1.05,-1.0,-1.15,1732
2023-09-06,KC,4-5,-0.6,-0.55,-0.65,336
2023-09-06,KC,5-6,-0.45,-0.4,-0.5,325
2023-09-06,SB,1-2,-0.25,-0.16,-0.27,38705
2023-09-06,SB,2-3,1.45,1.59,1.43,7849
2023-09-06,SB,3-4,1.38,1.51,1.37,7704
2023-09-06,SB,4-5,0.54,0.63,0.52,2756
2023-09-06,SB,5-6,0.28,0.34,0.26,1067
2023-09-07,CC,1-2,-39.0,-30.0,-48.0,6
2023-09-07,CC,2-3,-14.0,-10.0,-15.0,4419
2023-09-07,CC,3-4,12.0,14.0,11.0,1204
2023-09-07,CC,4-5,14.0,16.0,12.0,448
2023-09-07,CC,5-6,35.0,38.0,35.0,176
2023-09-07,CT,1-2,-0.18,-0.07,-0.19,7460
2023-09-07,CT,2-3,-0.17,-0.1,-0.2,1684
2023-09-07,CT,3-4,0.35,0.67,0.35,910
2023-09-07,CT,4-5,6.14,6.61,6.1,429
2023-09-07,CT,5-6,-0.16,,,
2023-09-07,KC,1-2,-2.4,-0.9,-2.4,20
2023-09-07,KC,2-3,-1.15,-1.0,-1.2,2543
2023-09-07,KC,3-4,-1.15,-1.0,-1.15,1103
2023-09-07,KC,4-5,-0.65,-0.55,-0.75,288
2023-09-07,KC,5-6,-0.5,-0.4,-0.5,282
2023-09-07,SB,1-2,-0.2,-0.16,-0.28,37023
2023-09-07,SB,2-3,1.51,1.57,1.38,8667
2023-09-07,SB,3-4,1.41,1.45,1.28,6411
2023-09-07,SB,4-5,0.55,0.57,0.51,2209
2023-09-07,SB,5-6,0.29,0.31,0.25,837
2023-09-08,CC,1-2,-45.0,-30.0,-80.0,19
2023-09-08,CC,2-3,-12.0,-8.0,-14.0,5317
2023-09-08,CC,3-4,20.0,27.0,12.0,1880
2023-09-08,CC,4-5,21.0,25.0,15.0,1258
2023-09-08,CC,5-6,34.0,37.0,31.0,496
2023-09-08,CT,1-2,-0.18,-0.1,-0.24,4828
2023-09-08,CT,2-3,-0.19,-0.12,-0.21,1433
2023-09-08,CT,3-4,0.37,0.45,0.34,378
2023-09-08,CT,4-5,6.05,6.36,5.85,285
2023-09-08,CT,5-6,-0.15,,,
2023-09-08,KC,1-2,-2.4,,,
2023-09-08,KC,2-3,-1.15,-0.95,-1.3,2963
2023-09-08,KC,3-4,-1.1,-1.1,-1.15,581
2023-09-08,KC,4-5,-0.7,-0.7,-0.75,149
2023-09-08,KC,5-6,-0.45,-0.4,-0.5,183
2023-09-08,SB,1-2,-0.29,-0.15,-0.3,64678
2023-09-08,SB,2-3,1.47,1.61,1.45,7228
2023-09-08,SB,3-4,1.35,1.5,1.34,6392
2023-09-08,SB,4-5,0.5,0.58,0.49,3739
2023-09-08,SB,5-6,0.21,0.31,0.19,1449
2023-09-11,CC,1-2,-45.0,-30.0,-30.0,5
2023-09-11,CC,2-3,-10.0,-8.0,-12.0,4239
2023-09-11,CC,3-4,18.0,21.0,17.0,1148
2023-09-11,CC,4-5,21.0,24.0,19.0,1019
2023-09-11,CC,5-6,33.0,36.0,32.0,230
2023-09-11,CT,1-2,-0.17,-0.1,-0.22,6875
2023-09-11,CT,2-3,-0.06,-0.02,-0.2,2812
2023-09-11,CT,3-4,0.59,0.65,0.36,654
2023-09-11,CT,4-5,6.75,7.21,6.31,620
2023-09-11,CT,5-6,-0.1,,,
2023-09-11,KC,1-2,-1.3,-0.9,-0.9,20
2023-09-11,KC,2-3,-1.0,-0.9,-1.2,6280
2023-09-11,KC,3-4,-1.0,-0.95,-1.1,2081
2023-09-11,KC,4-5,-0.55,-0.55,-0.75,522
2023-09-11,KC,5-6,-0.45,-0.4,-0.5,341
2023-09-11,SB,1-2,-0.26,-0.22,-0.35,76220
2023-09-11,SB,2-3,1.43,1.49,1.4,7225
2023-09-11,SB,3-4,1.22,1.36,1.19,7644
2023-09-11,SB,4-5,0.46,0.52,0.45,1739
2023-09-11,SB,5-6,0.19,0.23,0.17,1833
2023-09-12,CC,1-2,123.0,150.0,-3.0,22
2023-09-12,CC,2-3,-15.0,-9.0,-15.0,5881
2023-09-12,CC,3-4,16.0,21.0,15.0,1899
2023-09-12,CC,4-5,19.0,24.0,18.0,749
2023-09-12,CC,5-6,31.0,33.0,29.0,220
2023-09-12,CT,1-2,-0.22,-0.11,-0.24,5604
2023-09-12,CT,2-3,-0.13,-0.01,-0.16,2274
2023-09-12,CT,3-4,0.73,0.8,0.6,512
2023-09-12,CT,4-5,7.23,7.3,6.8,470
2023-09-12,CT,5-6,-0.1,,,
2023-09-12,KC,1-2,-1.3,-0.9,-2.9,6
2023-09-12,KC,2-3,-1.15,-0.95,-1.2,4860
2023-09-12,KC,3-4,-1.05,-0.95,-1.15,2173
2023-09-12,KC,4-5,-0.65,-0.55,-0.65,496
2023-09-12,KC,5-6,-0.4,-0.35,-0.45,541
2023-09-12,SB,1-2,-0.24,-0.21,-0.29,72875
2023-09-12,SB,2-3,1.47,1.59,1.39,10386
2023-09-12,SB,3-4,1.28,1.39,1.18,7582
2023-09-12,SB,4-5,0.46,0.56,0.44,3683
2023-09-12,SB,5-6,0.18,0.26,0.17,1286
2023-09-13,CC,1-2,123.0,150.0,150.0,3
2023-09-13,CC,2-3,-8.0,-5.0,-15.0,7299
2023-09-13,CC,3-4,22.0,25.0,15.0,2180
2023-09-13,CC,4-5,26.0,33.0,19.0,1734
2023-09-13,CC,5-6,35.0,44.0,30.0,448
2023-09-13,CT,1-2,-0.48,-0.2,-0.48,6646
2023-09-13,CT,2-3,-0.2,-0.13,-0.2,2077
2023-09-13,CT,3-4,0.51,0.7,0.48,772
2023-09-13,CT,4-5,6.58,7.28,6.55,847
2023-09-13,CT,5-6,-0.1,,,
2023-09-13,KC,1-2,-0.9,,-0.9,60
2023-09-13,KC,2-3,-1.2,-1.0,-1.3,5989
2023-09-13,KC,3-4,-0.9,-0.85,-1.0,1375
2023-09-13,KC,4-5,-0.6,-0.55,-0.65,230
2023-09-13,KC,5-6,-0.4,-0.4,-0.45,180
2023-09-13,SB,1-2,-0.27,-0.2,-0.28,43364
2023-09-13,SB,2-3,1.39,1.49,1.36,14259
2023-09-13,SB,3-4,1.19,1.33,1.18,5484
2023-09-13,SB,4-5,0.39,0.47,0.37,2964
2023-09-13,SB,5-6,0.18,0.2,0.16,2281
2023-09-14,CC,1-2,123.0,,,
2023-09-14,CC,2-3,-4.0,-1.0,-11.0,4587
2023-09-14,CC,3-4,27.0,27.0,21.0,1256
2023-09-14,CC,4-5,26.0,28.0,24.0,957
2023-09-14,CC,5-6,33.0,37.0,31.0,208
2023-09-14,CT,1-2,-0.43,-0.39,-0.49,3736
2023-09-14,CT,2-3,-0.18,-0.12,-0.22,1892
2023-09-14,CT,3-4,0.75,0.79,0.43,394
2023-09-14,CT,4-5,7.0,7.13,6.39,286
2023-09-14,CT,5-6,-0.1,,,
2023-09-14,KC,1-2,-0.9,,,23
2023-09-14,KC,2-3,-0.9,-0.8,-1.2,5526
2023-09-14,KC,3-4,-0.65,-0.55,-0.9,2972
2023-09-14,KC,4-5,-0.5,-0.4,-0.6,1518
2023-09-14,KC,5-6,-0.4,-0.35,-0.45,570
2023-09-14,SB,1-2,-0.24,-0.2,-0.27,39185
2023-09-14,SB,2-3,1.41,1.48,1.39,7808
2023-09-14,SB,3-4,1.22,1.29,1.17,4860
2023-09-14,SB,4-5,0.44,0.5,0.39,3246
2023-09-14,SB,5-6,0.2,0.25,0.17,1360
2023-09-15,CC,1-2,1.0,4.0,-7.0,3090
2023-09-15,CC,2-3,31.0,34.0,26.0,1633
2023-09-15,CC,3-4,28.0,30.0,25.0,787
2023-09-15,CC,4-5,32.0,34.0,30.0,220
2023-09-15,CC,5-6,40.0,43.0,39.0,158
2023-09-15,CT,1-2,-0.92,-0.4,-1.0,7024
2023-09-15,CT,2-3,-0.48,-0.13,-0.5,2410
2023-09-15,CT,3-4,0.42,0.83,0.4,599
2023-09-15,CT,4-5,6.78,7.25,6.53,146
2023-09-15,CT,5-6,-0.1,,,
2023-09-15,KC,1-2,-0.9,,,
2023-09-15,KC,2-3,-0.6,-0.3,-0.9,5015
2023-09-15,KC,3-4,-0.7,-0.55,-0.75,2585
2023-09-15,KC,4-5,-0.55,-0.4,-0.6,740
2023-09-15,KC,5-6,-0.35,-0.35,-0.45,247
2023-09-15,SB,1-2,-0.25,-0.2,-0.27,31947
2023-09-15,SB,2-3,1.34,1.53,1.32,12556
2023-09-15,SB,3-4,1.19,1.36,1.15,7944
2023-09-15,SB,4-5,0.44,0.55,0.41,3623
2023-09-15,SB,5-6,0.19,0.25,0.17,881
2023-09-18,CC,1-2,-4.0,3.0,-7.0,4461
2023-09-18,CC,2-3,25.0,32.0,21.0,2348
2023-09-18,CC,3-4,25.0,26.0,21.0,1198
2023-09-18,CC,4-5,24.0,32.0,21.0,533
2023-09-18,CC,5-6,33.0,39.0,31.0,262
2023-09-18,CT,1-2,-0.89,-0.71,-0.95,4189
2023-09-18,CT,2-3,-0.52,-0.41,-0.55,1394
2023-09-18,CT,3-4,0.47,0.64,0.4,357
2023-09-18,CT,4-5,7.2,7.4,6.8,174
2023-09-18,CT,5-6,-0.1,,,
2023-09-18,KC,1-2,-0.9,,,
2023-09-18,KC,2-3,-0.95,-0.4,-1.05,5332
2023-09-18,KC,3-4,-0.85,-0.75,-0.95,1853
2023-09-18,KC,4-5,-0.55,-0.5,-0.6,523
2023-09-18,KC,5-6,-0.35,-0.35,-0.4,251
2023-09-18,SB,1-2,-0.25,-0.22,-0.29,30747
2023-09-18,SB,2-3,1.36,1.41,1.28,8164
2023-09-18,SB,3-4,1.22,1.27,1.14,4133
2023-09-18,SB,4-5,0.46,0.5,0.4,1763
2023-09-18,SB,5-6,0.2,0.25,0.16,896
2023-09-19,CC,1-2,2.0,4.0,-5.0,4150
2023-09-19,CC,2-3,33.0,36.0,25.0,2404
2023-09-19,CC,3-4,35.0,37.0,24.0,1493
2023-09-19,CC,4-5,32.0,35.0,24.0,240
2023-09-19,CC,5-6,35.0,39.0,32.0,107
2023-09-19,CT,1-2,-0.74,-0.62,-0.89,4611
2023-09-19,CT,2-3,-0.42,-0.31,-0.51,2039
2023-09-19,CT,3-4,0.42,0.69,0.4,649
2023-09-19,CT,4-5,7.02,7.4,6.94,205
2023-09-19,CT,5-6,-0.13,,,
2023-09-19,KC,1-2,6.55,10.0,-1.0,2
2023-09-19,KC,2-3,-1.1,-0.85,-1.15,5446
2023-09-19,KC,3-4,-1.0,-0.7,-1.0,2845
2023-09-19,KC,4-5,-0.75,-0.45,-0.75,766
2023-09-19,KC,5-6,-0.4,-0.35,-0.45,428
2023-09-19,SB,1-2,-0.28,-0.21,-0.31,19699
2023-09-19,SB,2-3,1.46,1.5,1.35,10862
2023-09-19,SB,3-4,1.29,1.34,1.21,5548
2023-09-19,SB,4-5,0.55,0.57,0.45,3660
2023-09-19,SB,5-6,0.22,0.24,0.19,731
2023-09-20,CC,1-2,-5.0,2.0,-6.0,8715
2023-09-20,CC,2-3,28.0,33.0,27.0,2424
2023-09-20,CC,3-4,37.0,43.0,32.0,1569
2023-09-20,CC,4-5,29.0,30.0,22.0,751
2023-09-20,CC,5-6,25.0,35.0,17.0,377
2023-09-20,CT,1-2,-0.75,-0.72,-0.8,2621
2023-09-20,CT,2-3,-0.52,-0.42,-0.55,1178
2023-09-20,CT,3-4,0.29,0.42,0.26,635
2023-09-20,CT,4-5,6.32,7.0,6.25,219
2023-09-20,CT,5-6,-0.1,,,
2023-09-20,KC,1-2,-1.05,-0.95,-1.15,3722
2023-09-20,KC,2-3,-0.85,-0.75,-1.0,2025
2023-09-20,KC,3-4,-0.75,-0.65,-0.75,439
2023-09-20,KC,4-5,-0.35,-0.35,-0.45,234
2023-09-20,KC,5-6,-1.05,-1.0,-1.1,149
2023-09-20,SB,1-2,-0.36,-0.29,-0.38,27112
2023-09-20,SB,2-3,1.33,1.45,1.32,6293
2023-09-20,SB,3-4,1.18,1.28,1.17,4445
2023-09-20,SB,4-5,0.45,0.54,0.44,3126
2023-09-20,SB,5-6,0.18,0.22,0.16,1048
2023-09-21,CC,1-2,11.0,12.0,-4.0,7012
2023-09-21,CC,2-3,32.0,37.0,27.0,2201
2023-09-21,CC,3-4,49.0,51.0,38.0,1698
2023-09-21,CC,4-5,29.0,34.0,26.0,406
2023-09-21,CC,5-6,30.0,32.0,23.0,146
2023-09-21,CT,1-2,-0.8,-0.71,-0.88,3795
2023-09-21,CT,2-3,-0.63,-0.49,-0.73,1788
2023-09-21,CT,3-4,0.21,0.32,0.16,784
2023-09-21,CT,4-5,6.27,6.57,6.0,166
2023-09-21,CT,5-6,-0.1,,,
2023-09-21,KC,1-2,-1.2,-0.9,-1.25,4095
2023-09-21,KC,2-3,-1.0,-0.85,-1.05,1722
2023-09-21,KC,3-4,-0.95,-0.7,-1.0,930
2023-09-21,KC,4-5,-0.45,-0.35,-0.55,272
2023-09-21,KC,5-6,-1.0,-1.0,-1.15,245
2023-09-21,SB,1-2,-0.33,-0.31,-0.39,24678
2023-09-21,SB,2-3,1.4,1.45,1.31,8934
2023-09-21,SB,3-4,1.23,1.3,1.16,5756
2023-09-21,SB,4-5,0.52,0.53,0.43,2857
2023-09-21,SB,5-6,0.16,0.19,0.16,1727
2023-09-22,CC,1-2,4.0,14.0,1.0,6422
2023-09-22,CC,2-3,25.0,35.0,24.0,2370
2023-09-22,CC,3-4,43.0,50.0,41.0,1400
2023-09-22,CC,4-5,35.0,37.0,25.0,329
2023-09-22,CC,5-6,33.0,34.0,21.0,179
2023-09-22,CT,1-2,-0.84,-0.75,-0.93,2938
2023-09-22,CT,2-3,-0.61,-0.55,-0.71,1309
2023-09-22,CT,3-4,0.19,0.36,0.17,484
2023-09-22,CT,4-5,6.12,6.85,5.89,237
2023-09-22,CT,5-6,-0.1,,,
2023-09-22,KC,1-2,-1.1,-1.0,-1.3,4497
2023-09-22,KC,2-3,-1.0,-0.95,-1.1,2269
2023-09-22,KC,3-4,-0.85,-0.85,-1.0,505
2023-09-22,KC,4-5,-0.5,-0.45,-0.55,206
2023-09-22,KC,5-6,-1.1,-1.05,-1.15,171
2023-09-22,SB,1-2,-0.31,-0.27,-0.36,19379
2023-09-22,SB,2-3,1.4,1.44,1.34,8155
2023-09-22,SB,3-4,1.18,1.27,1.15,5244
2023-09-22,SB,4-5,0.51,0.57,0.49,1647
2023-09-22,SB,5-6,0.12,0.18,0.11,971
2023-09-25,CC,1-2,-4.0,3.0,-6.0,6180
2023-09-25,CC,2-3,23.0,30.0,21.0,1735
2023-09-25,CC,3-4,30.0,44.0,30.0,892
2023-09-25,CC,4-5,30.0,32.0,25.0,316
2023-09-25,CC,5-6,31.0,32.0,22.0,226
2023-09-25,CT,1-2,-0.59,-0.55,-0.85,6488
2023-09-25,CT,2-3,-0.38,-0.36,-0.6,1973
2023-09-25,CT,3-4,0.5,0.55,0.16,524
2023-09-25,CT,4-5,7.18,7.27,6.04,385
2023-09-25,CT,5-6,-0.15,,,
2023-09-25,KC,1-2,-1.1,-0.9,-1.2,4532
2023-09-25,KC,2-3,-0.9,-0.85,-1.05,1593
2023-09-25,KC,3-4,-0.8,-0.75,-0.85,851
2023-09-25,KC,4-5,-0.55,-0.45,-0.55,270
2023-09-25,KC,5-6,-1.0,-0.95,-1.2,640
2023-09-25,SB,1-2,-0.27,-0.22,-0.3,24032
2023-09-25,SB,2-3,1.3,1.41,1.27,8880
2023-09-25,SB,3-4,1.08,1.18,1.05,5180
2023-09-25,SB,4-5,0.4,0.52,0.38,2757
2023-09-25,SB,5-6,0.01,0.13,-0.02,1683
2023-09-26,CC,1-2,-2.0,,-4.0,3625
2023-09-26,CC,2-3,26.0,27.0,22.0,1195
2023-09-26,CC,3-4,31.0,32.0,25.0,1018
2023-09-26,CC,4-5,30.0,31.0,28.0,127
2023-09-26,CC,5-6,31.0,33.0,30.0,21
2023-09-26,CT,1-2,-0.38,-0.23,-0.64,7924
2023-09-26,CT,2-3,-0.29,-0.18,-0.46,2087
2023-09-26,CT,3-4,0.58,0.66,0.38,558
2023-09-26,CT,4-5,6.82,7.3,6.75,296
2023-09-26,CT,5-6,-0.23,-0.24,-0.24,1
2023-09-26,KC,1-2,-1.05,-0.75,-1.2,4951
2023-09-26,KC,2-3,-0.75,-0.7,-0.9,2369
2023-09-26,KC,3-4,-0.7,-0.7,-0.85,709
2023-09-26,KC,4-5,-0.55,-0.45,-0.55,404
2023-09-26,KC,5-6,-0.95,-0.9,-1.0,173
2023-09-26,SB,1-2,-0.22,-0.21,-0.3,24364
2023-09-26,SB,2-3,1.23,1.32,1.22,11850
2023-09-26,SB,3-4,0.95,1.12,0.93,6835
2023-09-26,SB,4-5,0.39,0.43,0.37,2860
2023-09-26,SB,5-6,-0.02,0.03,-0.03,1065
2023-09-27,CC,1-2,-1.0,1.0,-7.0,7729
2023-09-27,CC,2-3,21.0,27.0,18.0,1906
2023-09-27,CC,3-4,28.0,30.0,23.0,1171
2023-09-27,CC,4-5,30.0,30.0,23.0,372
2023-09-27,CC,5-6,31.0,33.0,26.0,206
2023-09-27,CT,1-2,-0.5,-0.18,-0.73,6938
2023-09-27,CT,2-3,-0.23,-0.05,-0.4,2759
2023-09-27,CT,3-4,0.52,0.75,0.49,769
2023-09-27,CT,4-5,7.01,7.53,6.64,390
2023-09-27,CT,5-6,-0.22,-0.22,-0.24,22
2023-09-27,KC,1-2,-1.1,-1.0,-1.2,5093
2023-09-27,KC,2-3,-0.6,-0.55,-0.8,2290
2023-09-27,KC,3-4,-0.8,-0.7,-0.8,953
2023-09-27,KC,4-5,-0.7,-0.55,-0.75,615
2023-09-27,KC,5-6,-1.05,-0.9,-1.1,388
2023-09-27,SB,1-2,-0.24,-0.16,-0.27,17889
2023-09-27,SB,2-3,1.24,1.29,1.21,9402
2023-09-27,SB,3-4,0.92,1.0,0.9,5845
2023-09-27,SB,4-5,0.41,0.45,0.37,2020
2023-09-27,SB,5-6,0.03,0.06,-0.02,706
2023-09-28,CC,1-2,-5.0,,-7.0,5301
2023-09-28,CC,2-3,28.0,28.0,20.0,1998
2023-09-28,CC,3-4,25.0,29.0,24.0,632
2023-09-28,CC,4-5,29.0,37.0,26.0,285
2023-09-28,CC,5-6,28.0,36.0,27.0,118
2023-09-28,CT,1-2,-0.54,-0.4,-0.64,4212
2023-09-28,CT,2-3,-0.28,,-0.29,2331
2023-09-28,CT,3-4,0.54,0.77,0.5,516
2023-09-28,CT,4-5,7.3,7.7,7.0,342
2023-09-28,CT,5-6,-0.1,-0.1,-0.11,22
2023-09-28,KC,1-2,-1.15,-0.95,-1.25,5015
2023-09-28,KC,2-3,-0.8,-0.6,-0.85,3921
2023-09-28,KC,3-4,-0.9,-0.75,-1.0,1944
2023-09-28,KC,4-5,-0.8,-0.7,-0.95,827
2023-09-28,KC,5-6,-0.95,-0.9,-1.05,455
2023-09-28,SB,1-2,-0.23,-0.19,-0.31,12006
2023-09-28,SB,2-3,1.29,1.35,1.21,13015
2023-09-28,SB,3-4,1.02,1.07,0.9,7035
2023-09-28,SB,4-5,0.5,0.53,0.39,2270
2023-09-28,SB,5-6,0.1,0.14,,1492
2023-09-29,CC,1-2,-10.0,-6.0,-16.0,8640
2023-09-29,CC,2-3,22.0,28.0,21.0,1782
2023-09-29,CC,3-4,24.0,28.0,23.0,615
2023-09-29,CC,4-5,31.0,33.0,27.0,240
2023-09-29,CC,5-6,35.0,36.0,29.0,141
2023-09-29,CT,1-2,-0.77,-0.49,-0.83,5359
2023-09-29,CT,2-3,-0.58,-0.21,-0.6,2658
2023-09-29,CT,3-4,0.27,0.62,0.25,841
2023-09-29,CT,4-5,6.68,7.55,6.38,318
2023-09-29,CT,5-6,-0.1,,,
2023-09-29,KC,1-2,-1.05,-1.0,-1.2,4363
2023-09-29,KC,2-3,-0.75,-0.75,-0.9,2239
2023-09-29,KC,3-4,-0.95,-0.8,-1.0,920
2023-09-29,KC,4-5,-0.7,-0.65,-1.0,500
2023-09-29,KC,5-6,-0.85,-0.8,-1.0,563
2023-09-29,SB,1-2,-0.21,-0.1,-0.3,2869
2023-09-29,SB,2-3,1.22,1.35,1.2,9304
2023-09-29,SB,3-4,0.96,1.11,0.95,4901
2023-09-29,SB,4-5,0.47,0.53,0.46,1385
2023-09-29,SB,5-6,0.04,0.14,0.04,802
2023-10-02,CC,1-2,-11.0,-8.0,-15.0,5323
2023-10-02,CC,2-3,23.0,27.0,22.0,1989
2023-10-02,CC,3-4,25.0,32.0,22.0,918
2023-10-02,CC,4-5,35.0,37.0,30.0,363
2023-10-02,CC,5-6,37.0,39.0,31.0,140
2023-10-02,CT,1-2,-0.84,-0.75,-0.9,5158
2023-10-02,CT,2-3,-0.59,-0.52,-0.66,2108
2023-10-02,CT,3-4,0.26,0.44,0.24,734
2023-10-02,CT,4-5,7.09,7.28,6.61,190
2023-10-02,CT,5-6,-0.15,,,
2023-10-02,KC,1-2,-1.0,-0.9,-1.1,4167
2023-10-02,KC,2-3,-0.75,-0.6,-0.8,2080
2023-10-02,KC,3-4,-0.85,-0.65,-0.95,1758
2023-10-02,KC,4-5,-0.65,-0.55,-0.75,353
2023-10-02,KC,5-6,-0.9,-0.85,-0.95,216
2023-10-02,SB,1-2,1.17,1.23,1.15,11356
2023-10-02,SB,2-3,0.91,1.03,0.89,4759
2023-10-02,SB,3-4,0.42,0.5,0.4,2710
2023-10-02,SB,4-5,0.03,0.11,0.01,1229
2023-10-02,SB,5-6,1.4,1.46,1.37,531
2023-10-03,CC,1-2,-16.0,-11.0,-18.0,5816
2023-10-03,CC,2-3,24.0,25.0,21.0,2026
2023-10-03,CC,3-4,24.0,28.0,23.0,807
2023-10-03,CC,4-5,32.0,40.0,30.0,259
2023-10-03,CC,5-6,32.0,37.0,32.0,55
2023-10-03,CT,1-2,-0.84,-0.81,-0.91,2955
2023-10-03,CT,2-3,-0.62,-0.52,-0.68,1500
2023-10-03,CT,3-4,0.19,0.34,0.17,711
2023-10-03,CT,4-5,7.16,7.29,6.64,262
2023-10-03,CT,5-6,-0.15,,,
2023-10-03,KC,1-2,-0.95,-0.9,-1.1,3347
2023-10-03,KC,2-3,-0.65,-0.65,-0.8,1448
2023-10-03,KC,3-4,-0.8,-0.75,-0.85,863
2023-10-03,KC,4-5,-0.6,-0.6,-0.7,68
2023-10-03,KC,5-6,-1.0,-0.9,-1.0,93
2023-10-03,SB,1-2,1.09,1.17,1.07,14952
2023-10-03,SB,2-3,0.76,0.91,0.74,10697
2023-10-03,SB,3-4,0.34,0.42,0.31,5646
2023-10-03,SB,4-5,0.0,0.07,-0.02,1822
2023-10-03,SB,5-6,1.39,1.44,1.35,845
2023-10-04,CC,1-2,-18.0,-16.0,-19.0,3318
2023-10-04,CC,2-3,23.0,27.0,22.0,1389
2023-10-04,CC,3-4,20.0,25.0,20.0,984
2023-10-04,CC,4-5,28.0,32.0,26.0,138
2023-10-04,CC,5-6,28.0,31.0,28.0,34
2023-10-04,CT,1-2,-0.85,-0.81,-0.89,3316
2023-10-04,CT,2-3,-0.53,-0.48,-0.63,2255
2023-10-04,CT,3-4,0.23,0.31,0.16,1047
2023-10-04,CT,4-5,6.87,7.29,6.48,410
2023-10-04,CT,5-6,-0.15,,,
2023-10-04,KC,1-2,-1.0,-0.85,-1.05,4207
2023-10-04,KC,2-3,-0.8,-0.6,-0.9,3217
2023-10-04,KC,3-4,-0.85,-0.75,-0.9,1095
2023-10-04,KC,4-5,-0.65,-0.6,-0.7,145
2023-10-04,KC,5-6,-1.1,-1.0,-1.1,87
2023-10-04,SB,1-2,1.22,1.23,1.05,15994
2023-10-04,SB,2-3,0.82,0.84,0.72,10501
2023-10-04,SB,3-4,0.36,0.41,0.29,4370
2023-10-04,SB,4-5,-0.03,0.02,-0.06,2311
2023-10-04,SB,5-6,1.36,1.47,1.3,848
2023-10-05,CC,1-2,-22.0,-18.0,-25.0,6900
2023-10-05,CC,2-3,22.0,25.0,20.0,2236
2023-10-05,CC,3-4,19.0,23.0,18.0,1376
2023-10-05,CC,4-5,24.0,29.0,23.0,201
2023-10-05,CC,5-6,27.0,31.0,26.0,60
2023-10-05,CT,1-2,-1.05,-0.76,-1.09,4814
2023-10-05,CT,2-3,-0.69,-0.41,-0.7,3083
2023-10-05,CT,3-4,0.13,0.42,0.11,1237
2023-10-05,CT,4-5,6.9,7.31,6.65,461
2023-10-05,CT,5-6,-0.15,,,
2023-10-05,KC,1-2,-1.0,-0.8,-1.05,4079
2023-10-05,KC,2-3,-0.65,-0.6,-0.8,3185
2023-10-05,KC,3-4,-0.85,-0.8,-0.85,883
2023-10-05,KC,4-5,-0.65,-0.65,-0.7,116
2023-10-05,KC,5-6,-1.15,-1.05,-1.15,71
2023-10-05,SB,1-2,1.27,1.28,1.17,9340
2023-10-05,SB,2-3,0.89,0.92,0.8,3779
2023-10-05,SB,3-4,0.4,0.45,0.35,2403
2023-10-05,SB,4-5,-0.01,0.04,-0.04,1114
2023-10-05,SB,5-6,1.4,1.46,1.34,429
2023-10-06,CC,1-2,-17.0,-13.0,-27.0,5756
2023-10-06,CC,2-3,21.0,24.0,20.0,1905
2023-10-06,CC,3-4,20.0,24.0,18.0,859
2023-10-06,CC,4-5,24.0,28.0,22.0,170
2023-10-06,CC,5-6,28.0,32.0,27.0,54
2023-10-06,CT,1-2,-1.05,-0.95,-1.11,4129
2023-10-06,CT,2-3,-0.76,-0.59,-0.78,2901
2023-10-06,CT,3-4,0.15,0.27,0.1,787
2023-10-06,CT,4-5,7.14,7.31,6.89,229
2023-10-06,CT,5-6,-0.15,,,
2023-10-06,KC,1-2,-1.15,-0.9,-1.15,5113
2023-10-06,KC,2-3,-0.8,-0.55,-0.85,3947
2023-10-06,KC,3-4,-0.85,-0.75,-0.9,1132
2023-10-06,KC,4-5,-0.7,-0.65,-0.75,187
2023-10-06,KC,5-6,-1.1,-1.05,-1.15,146
2023-10-06,SB,1-2,1.29,1.32,1.24,15632
2023-10-06,SB,2-3,1.0,1.04,0.91,7600
2023-10-06,SB,3-4,0.52,0.53,0.41,5960
2023-10-06,SB,4-5,0.08,0.1,,1585
2023-10-06,SB,5-6,1.44,1.46,1.37,927
2023-10-09,CC,1-2,-19.0,-14.0,-25.0,4166
2023-10-09,CC,2-3,19.0,24.0,18.0,1604
2023-10-09,CC,3-4,22.0,26.0,19.0,806
2023-10-09,CC,4-5,25.0,27.0,24.0,47
2023-10-09,CC,5-6,31.0,31.0,27.0,14
2023-10-09,CT,1-2,-1.64,-0.95,-1.69,7710
2023-10-09,CT,2-3,-0.9,-0.62,-0.92,3519
2023-10-09,CT,3-4,0.15,0.48,0.11,1387
2023-10-09,CT,4-5,7.11,7.9,6.91,639
2023-10-09,CT,5-6,-0.15,,,
2023-10-09,KC,1-2,-1.2,-1.05,-1.25,4623
2023-10-09,KC,2-3,-0.85,-0.7,-0.95,2858
2023-10-09,KC,3-4,-0.8,-0.75,-0.9,1074
2023-10-09,KC,4-5,-0.7,-0.7,-0.75,293
2023-10-09,KC,5-6,-1.15,-1.1,-1.15,101
2023-10-09,SB,1-2,1.32,1.34,1.27,13128
2023-10-09,SB,2-3,1.08,1.1,1.01,8309
2023-10-09,SB,3-4,0.59,0.6,0.52,7039
2023-10-09,SB,4-5,0.15,0.17,0.09,1871
2023-10-09,SB,5-6,1.55,1.57,1.43,977
2023-10-10,CC,1-2,-20.0,-12.0,-24.0,4463
2023-10-10,CC,2-3,23.0,24.0,19.0,2582
2023-10-10,CC,3-4,23.0,28.0,20.0,1444
2023-10-10,CC,4-5,32.0,33.0,26.0,297
2023-10-10,CC,5-6,38.0,38.0,30.0,94
2023-10-10,CT,1-2,-1.81,-1.46,-1.85,7194
2023-10-10,CT,2-3,-0.96,-0.76,-0.97,3044
2023-10-10,CT,3-4,0.03,0.26,0.02,964
2023-10-10,CT,4-5,6.67,7.25,6.58,178
2023-10-10,CT,5-6,-0.15,,,
2023-10-10,KC,1-2,-0.95,-0.8,-1.3,8359
2023-10-10,KC,2-3,-0.8,-0.7,-0.95,5094
2023-10-10,KC,3-4,-0.8,-0.75,-0.85,1620
2023-10-10,KC,4-5,-0.8,-0.65,-0.8,619
2023-10-10,KC,5-6,-1.1,-1.05,-1.2,288
2023-10-10,SB,1-2,1.24,1.33,1.23,10546
2023-10-10,SB,2-3,0.99,1.1,0.95,6451
2023-10-10,SB,3-4,0.56,0.59,0.51,3027
2023-10-10,SB,4-5,0.09,0.16,0.08,781
2023-10-10,SB,5-6,1.53,1.55,1.52,501
2023-10-11,CC,1-2,-26.0,-17.0,-28.0,4141
2023-10-11,CC,2-3,19.0,23.0,18.0,1490
2023-10-11,CC,3-4,19.0,23.0,18.0,960
2023-10-11,CC,4-5,29.0,33.0,28.0,298
2023-10-11,CC,5-6,35.0,40.0,32.0,207
2023-10-11,CT,1-2,-1.64,-1.35,-1.86,9021
2023-10-11,CT,2-3,-0.88,-0.82,-0.96,3277
2023-10-11,CT,3-4,-0.01,0.13,-0.04,1439
2023-10-11,CT,4-5,6.32,6.78,6.22,226
2023-10-11,CT,5-6,-0.11,-0.1,-0.1,6
2023-10-11,KC,1-2,-0.95,-0.85,-1.0,4006
2023-10-11,KC,2-3,-0.65,-0.6,-0.75,3496
2023-10-11,KC,3-4,-0.75,-0.7,-0.8,946
2023-10-11,KC,4-5,-0.8,-0.7,-0.8,411
2023-10-11,KC,5-6,-1.1,-1.0,-1.15,89
2023-10-11,SB,1-2,1.19,1.24,1.17,8666
2023-10-11,SB,2-3,0.91,1.01,0.89,5247
2023-10-11,SB,3-4,0.5,0.58,0.49,4577
2023-10-11,SB,4-5,0.02,0.12,,1009
2023-10-11,SB,5-6,1.4,1.54,1.39,879
2023-10-12,CC,1-2,-26.0,-22.0,-28.0,5234
2023-10-12,CC,2-3,21.0,25.0,19.0,2704
2023-10-12,CC,3-4,22.0,25.0,16.0,1312
2023-10-12,CC,4-5,34.0,39.0,29.0,308
2023-10-12,CC,5-6,41.0,43.0,36.0,181
2023-10-12,CT,1-2,-1.74,-1.48,-1.79,5102
2023-10-12,CT,2-3,-0.97,-0.84,-0.98,2769
2023-10-12,CT,3-4,-0.02,0.08,-0.05,784
2023-10-12,CT,4-5,6.49,6.72,6.12,172
2023-10-12,CT,5-6,-0.12,-0.1,-0.1,1
2023-10-12,KC,1-2,-0.7,-0.45,-1.0,6566
2023-10-12,KC,2-3,-0.65,-0.55,-0.75,4814
2023-10-12,KC,3-4,-0.7,-0.65,-0.75,1047
2023-10-12,KC,4-5,-0.75,-0.7,-0.8,378
2023-10-12,KC,5-6,-1.2,-1.05,-1.2,92
2023-10-12,SB,1-2,1.15,1.2,1.13,9783
2023-10-12,SB,2-3,0.87,0.95,0.86,4785
2023-10-12,SB,3-4,0.47,0.53,0.46,2132
2023-10-12,SB,4-5,0.02,0.07,,1210
2023-10-12,SB,5-6,1.33,1.43,1.33,629
2023-10-13,CC,1-2,-26.0,-21.0,-30.0,5315
2023-10-13,CC,2-3,18.0,21.0,16.0,1568
2023-10-13,CC,3-4,21.0,24.0,18.0,760
2023-10-13,CC,4-5,40.0,42.0,34.0,369
2023-10-13,CC,5-6,48.0,49.0,41.0,162
2023-10-13,CT,1-2,-1.71,-1.5,-1.8,5020
2023-10-13,CT,2-3,-1.11,-0.88,-1.13,2802
2023-10-13,CT,3-4,-0.1,0.1,-0.12,1082
2023-10-13,CT,4-5,7.24,7.3,6.6,269
2023-10-13,CT,5-6,-0.12,,,
2023-10-13,KC,1-2,-0.25,-0.05,-0.6,8699
2023-10-13,KC,2-3,-0.45,-0.3,-0.7,6017
2023-10-13,KC,3-4,-0.65,-0.6,-0.75,1307
2023-10-13,KC,4-5,-0.75,-0.7,-0.8,595
2023-10-13,KC,5-6,-1.3,-1.1,-1.35,264
2023-10-13,SB,1-2,1.29,1.3,1.15,7454
2023-10-13,SB,2-3,1.01,1.03,0.87,4376
2023-10-13,SB,3-4,0.58,0.58,0.46,3166
2023-10-13,SB,4-5,0.09,0.11,0.01,1298
2023-10-13,SB,5-6,1.38,1.42,1.34,405
2023-10-16,CC,1-2,-24.0,-16.0,-28.0,7673
2023-10-16,CC,2-3,22.0,24.0,17.0,2791
2023-10-16,CC,3-4,31.0,33.0,19.0,1136
2023-10-16,CC,4-5,42.0,46.0,36.0,236
2023-10-16,CC,5-6,46.0,47.0,42.0,149
2023-10-16,CT,1-2,-1.9,-1.6,-1.96,6986
2023-10-16,CT,2-3,-1.21,-1.04,-1.23,2355
2023-10-16,CT,3-4,-0.24,-0.02,-0.27,943
2023-10-16,CT,4-5,6.7,7.14,6.5,368
2023-10-16,CT,5-6,-0.28,-0.23,-0.3,8
2023-10-16,KC,1-2,-0.55,0.1,-0.65,7575
2023-10-16,KC,2-3,-0.55,-0.45,-0.6,3090
2023-10-16,KC,3-4,-0.65,-0.6,-0.8,725
2023-10-16,KC,4-5,-0.7,-0.7,-0.8,160
2023-10-16,KC,5-6,-1.25,-1.15,-1.3,144
2023-10-16,SB,1-2,1.3,1.3,1.24,5681
2023-10-16,SB,2-3,1.02,1.05,0.96,3449
2023-10-16,SB,3-4,0.59,0.6,0.53,2384
2023-10-16,SB,4-5,0.1,0.11,0.05,737
2023-10-16,SB,5-6,1.43,1.42,1.37,265
2023-10-17,CC,1-2,-26.0,-23.0,-35.0,6557
2023-10-17,CC,2-3,24.0,26.0,21.0,2331
2023-10-17,CC,3-4,37.0,39.0,27.0,1014
2023-10-17,CC,4-5,42.0,43.0,39.0,261
2023-10-17,CC,5-6,41.0,45.0,40.0,192
2023-10-17,CT,1-2,-2.2,-1.84,-2.22,8670
2023-10-17,CT,2-3,-1.36,-1.12,-1.4,2730
2023-10-17,CT,3-4,-0.46,-0.1,-0.48,1418
2023-10-17,CT,4-5,6.18,6.59,5.99,335
2023-10-17,CT,5-6,-0.32,-0.3,-0.4,17
2023-10-17,KC,1-2,0.35,0.6,-0.65,7086
2023-10-17,KC,2-3,-0.35,-0.25,-0.6,3667
2023-10-17,KC,3-4,-0.55,-0.4,-0.7,1597
2023-10-17,KC,4-5,-0.65,-0.6,-0.75,463
2023-10-17,KC,5-6,-1.3,-1.2,-1.35,228
2023-10-17,SB,1-2,1.3,1.35,1.28,10763
2023-10-17,SB,2-3,1.06,1.1,1.01,6173
2023-10-17,SB,3-4,0.61,0.63,0.58,5084
2023-10-17,SB,4-5,0.15,0.16,0.1,1222
2023-10-17,SB,5-6,1.46,1.5,1.41,772
2023-10-18,CC,1-2,-25.0,-17.0,-32.0,5884
2023-10-18,CC,2-3,28.0,33.0,24.0,3075
2023-10-18,CC,3-4,48.0,52.0,36.0,1930
2023-10-18,CC,4-5,44.0,46.0,38.0,624
2023-10-18,CC,5-6,39.0,41.0,34.0,588
2023-10-18,CT,1-2,-2.01,-1.9,-2.24,10628
2023-10-18,CT,2-3,-1.16,-0.97,-1.43,3592
2023-10-18,CT,3-4,-0.18,-0.03,-0.5,1616
2023-10-18,CT,4-5,6.05,6.32,4.46,966
2023-10-18,CT,5-6,-0.45,-0.43,-0.47,6
2023-10-18,KC,1-2,0.4,0.6,0.25,7027
2023-10-18,KC,2-3,-0.4,-0.25,-0.45,2845
2023-10-18,KC,3-4,-0.55,-0.4,-0.6,931
2023-10-18,KC,4-5,-0.7,-0.65,-0.75,443
2023-10-18,KC,5-6,-1.25,-1.2,-1.3,246
2023-10-18,SB,1-2,1.31,1.32,1.25,7674
2023-10-18,SB,2-3,1.05,1.08,1.01,5686
2023-10-18,SB,3-4,0.59,0.61,0.57,4553
2023-10-18,SB,4-5,0.12,0.16,0.1,979
2023-10-18,SB,5-6,1.41,1.49,1.38,551
2023-10-19,CC,1-2,-27.0,-20.0,-28.0,3545
2023-10-19,CC,2-3,22.0,29.0,21.0,4681
2023-10-19,CC,3-4,39.0,48.0,36.0,1599
2023-10-19,CC,4-5,43.0,46.0,39.0,401
2023-10-19,CC,5-6,45.0,48.0,39.0,134
2023-10-19,CT,1-2,-1.91,-1.86,-2.15,4729
2023-10-19,CT,2-3,-1.1,-1.09,-1.27,1667
2023-10-19,CT,3-4,0.01,0.07,-0.3,880
2023-10-19,CT,4-5,5.73,5.98,5.18,163
2023-10-19,CT,5-6,-0.45,,,
2023-10-19,KC,1-2,2.15,2.45,0.55,12631
2023-10-19,KC,2-3,0.05,0.15,-0.3,5300
2023-10-19,KC,3-4,-0.4,-0.3,-0.6,1900
2023-10-19,KC,4-5,-0.55,-0.55,-0.75,878
2023-10-19,KC,5-6,-1.1,-1.05,-1.3,660
2023-10-19,SB,1-2,1.3,1.31,1.25,7221
2023-10-19,SB,2-3,1.03,1.05,0.99,4037
2023-10-19,SB,3-4,0.58,0.59,0.54,3361
2023-10-19,SB,4-5,0.14,0.14,0.08,785
2023-10-19,SB,5-6,1.36,1.39,1.31,540
2023-10-20,CC,1-2,-26.0,-22.0,-32.0,5038
2023-10-20,CC,2-3,23.0,26.0,21.0,2932
2023-10-20,CC,3-4,40.0,43.0,35.0,679
2023-10-20,CC,4-5,43.0,43.0,40.0,470
2023-10-20,CC,5-6,48.0,51.0,44.0,62
2023-10-20,CT,1-2,-2.13,-1.81,-2.34,10139
2023-10-20,CT,2-3,-1.15,-0.9,-1.26,4475
2023-10-20,CT,3-4,-0.37,0.08,-0.5,2166
2023-10-20,CT,4-5,4.96,5.56,4.35,1031
2023-10-20,CT,5-6,-0.4,,,
2023-10-20,KC,1-2,0.85,2.45,0.8,13223
2023-10-20,KC,2-3,-0.25,0.15,-0.25,5516
2023-10-20,KC,3-4,-0.4,-0.3,-0.45,1789
2023-10-20,KC,4-5,-0.55,-0.45,-0.6,1125
2023-10-20,KC,5-6,-1.05,-0.9,-1.15,537
2023-10-20,SB,1-2,1.27,1.32,1.26,6398
2023-10-20,SB,2-3,1.0,1.05,0.96,3914
2023-10-20,SB,3-4,0.51,0.58,0.48,3594
2023-10-20,SB,4-5,0.06,0.14,0.04,1489
2023-10-20,SB,5-6,1.33,1.37,1.33,490
2023-10-23,CC,1-2,-28.0,-22.0,-31.0,4484
2023-10-23,CC,2-3,24.0,25.0,22.0,2539
2023-10-23,CC,3-4,37.0,45.0,36.0,1273
2023-10-23,CC,4-5,39.0,45.0,38.0,682
2023-10-23,CC,5-6,52.0,53.0,44.0,168
2023-10-23,CT,1-2,-1.73,-1.43,-2.15,11048
2023-10-23,CT,2-3,-1.02,-0.87,-1.23,2662
2023-10-23,CT,3-4,-0.25,-0.03,-0.38,1084
2023-10-23,CT,4-5,5.54,5.92,4.58,251
2023-10-23,CT,5-6,-0.4,,,
2023-10-23,KC,1-2,0.9,1.35,0.8,6957
2023-10-23,KC,2-3,-0.35,,-0.4,3417
2023-10-23,KC,3-4,-0.55,-0.3,-0.6,1010
2023-10-23,KC,4-5,-0.45,-0.4,-0.5,552
2023-10-23,KC,5-6,-0.9,-0.85,-1.0,235
2023-10-23,SB,1-2,1.33,1.36,1.22,10418
2023-10-23,SB,2-3,1.08,1.1,0.99,5129
2023-10-23,SB,3-4,0.59,0.6,0.49,3068
2023-10-23,SB,4-5,0.14,0.14,0.05,896
2023-10-23,SB,5-6,1.41,1.43,1.33,467
2023-10-24,CC,1-2,-35.0,-26.0,-37.0,6365
2023-10-24,CC,2-3,22.0,24.0,20.0,2785
2023-10-24,CC,3-4,43.0,44.0,34.0,1348
2023-10-24,CC,4-5,44.0,45.0,35.0,550
2023-10-24,CC,5-6,51.0,55.0,48.0,156
2023-10-24,CT,1-2,-1.75,-1.66,-2.0,5528
2023-10-24,CT,2-3,-0.89,-0.86,-1.08,2631
2023-10-24,CT,3-4,-0.28,-0.18,-0.32,1221
2023-10-24,CT,4-5,5.15,6.2,4.92,213
2023-10-24,CT,5-6,-0.34,-0.3,-0.46,52
2023-10-24,KC,1-2,1.05,1.4,0.8,6410
2023-10-24,KC,2-3,-0.45,-0.3,-0.5,3982
2023-10-24,KC,3-4,-0.65,-0.55,-0.75,1288
2023-10-24,KC,4-5,-0.55,-0.45,-0.7,721
2023-10-24,KC,5-6,-1.05,-0.85,-1.15,444
2023-10-24,SB,1-2,1.33,1.37,1.32,7834
2023-10-24,SB,2-3,1.11,1.12,1.07,5664
2023-10-24,SB,3-4,0.58,0.61,0.57,4527
2023-10-24,SB,4-5,0.11,0.14,0.1,1566
2023-10-24,SB,5-6,1.45,1.46,1.4,245
2023-10-25,CC,1-2,-37.0,-31.0,-38.0,7167
2023-10-25,CC,2-3,22.0,24.0,20.0,3690
2023-10-25,CC,3-4,38.0,43.0,38.0,1358
2023-10-25,CC,4-5,41.0,44.0,39.0,257
2023-10-25,CC,5-6,52.0,54.0,51.0,85
2023-10-25,CT,1-2,-1.7,-1.62,-1.87,5354
2023-10-25,CT,2-3,-0.93,-0.77,-0.99,2109
2023-10-25,CT,3-4,-0.2,-0.08,-0.38,1248
2023-10-25,CT,4-5,5.55,5.69,4.99,131
2023-10-25,CT,5-6,-0.31,-0.31,-0.31,1
2023-10-25,KC,1-2,0.25,1.15,0.1,9677
2023-10-25,KC,2-3,-0.6,-0.3,-0.7,5141
2023-10-25,KC,3-4,-0.9,-0.6,-0.95,2142
2023-10-25,KC,4-5,-0.6,-0.4,-0.7,585
2023-10-25,KC,5-6,-1.2,-0.95,-1.2,367
2023-10-25,SB,1-2,1.34,1.38,1.32,11211
2023-10-25,SB,2-3,1.13,1.2,1.1,7005
2023-10-25,SB,3-4,0.56,0.6,0.54,3963
2023-10-25,SB,4-5,0.12,0.14,0.08,1386
2023-10-25,SB,5-6,1.44,1.5,1.41,399
2023-10-26,CC,1-2,-34.0,-32.0,-39.0,8410
2023-10-26,CC,2-3,22.0,25.0,20.0,3971
2023-10-26,CC,3-4,42.0,45.0,37.0,964
2023-10-26,CC,4-5,46.0,47.0,41.0,430
2023-10-26,CC,5-6,58.0,60.0,53.0,181
2023-10-26,CT,1-2,-1.53,-1.47,-1.73,7299
2023-10-26,CT,2-3,-0.78,-0.74,-0.99,2492
2023-10-26,CT,3-4,-0.14,-0.05,-0.3,1188
2023-10-26,CT,4-5,6.02,6.2,5.41,498
2023-10-26,CT,5-6,-0.3,-0.3,-0.3,130
2023-10-26,KC,1-2,0.3,0.9,0.2,6948
2023-10-26,KC,2-3,-0.5,-0.4,-0.6,2034
2023-10-26,KC,3-4,-0.85,-0.75,-0.95,980
2023-10-26,KC,4-5,-0.55,-0.55,-0.65,230
2023-10-26,KC,5-6,-1.15,-1.05,-1.2,123
2023-10-26,SB,1-2,1.3,1.37,1.29,6779
2023-10-26,SB,2-3,1.07,1.13,1.05,4754
2023-10-26,SB,3-4,0.5,0.58,0.48,1897
2023-10-26,SB,4-5,0.08,0.12,0.07,601
2023-10-26,SB,5-6,1.39,1.46,1.38,265
2023-10-27,CC,1-2,-28.0,-23.0,-34.0,7750
2023-10-27,CC,2-3,21.0,24.0,18.0,3745
2023-10-27,CC,3-4,43.0,49.0,42.0,902
2023-10-27,CC,4-5,45.0,48.0,43.0,465
2023-10-27,CC,5-6,67.0,73.0,58.0,223
2023-10-27,CT,1-2,-1.75,-1.44,-1.86,5371
2023-10-27,CT,2-3,-0.85,-0.55,-0.87,2167
2023-10-27,CT,3-4,-0.14,0.2,-0.22,1434
2023-10-27,CT,4-5,6.17,6.31,5.88,561
2023-10-27,CT,5-6,-0.33,-0.35,-0.35,1
2023-10-27,KC,1-2,0.45,0.65,0.25,4482
2023-10-27,KC,2-3,-0.6,-0.4,-0.65,1580
2023-10-27,KC,3-4,-0.9,-0.7,-0.9,462
2023-10-27,KC,4-5,-0.6,-0.55,-0.65,163
2023-10-27,KC,5-6,-1.2,-1.1,-1.25,117
2023-10-27,SB,1-2,1.33,1.34,1.26,5754
2023-10-27,SB,2-3,1.12,1.14,1.06,2084
2023-10-27,SB,3-4,0.52,0.54,0.49,1331
2023-10-27,SB,4-5,0.11,0.12,0.08,527
2023-10-27,SB,5-6,1.42,1.46,1.4,317
2023-10-30,CC,1-2,-31.0,-26.0,-32.0,5582
2023-10-30,CC,2-3,21.0,23.0,20.0,2638
2023-10-30,CC,3-4,40.0,46.0,39.0,684
2023-10-30,CC,4-5,42.0,46.0,40.0,368
2023-10-30,CC,5-6,66.0,68.0,57.0,169
2023-10-30,CT,1-2,-1.97,-1.55,-2.0,8009
2023-10-30,CT,2-3,-0.94,-0.66,-0.95,1738
2023-10-30,CT,3-4,-0.29,0.15,-0.32,1234
2023-10-30,CT,4-5,5.52,6.39,5.44,448
2023-10-30,CT,5-6,-0.4,-0.42,-0.42,1
2023-10-30,KC,1-2,0.8,1.0,0.45,7292
2023-10-30,KC,2-3,-0.5,-0.35,-0.65,4368
2023-10-30,KC,3-4,-0.95,-0.85,-1.0,1534
2023-10-30,KC,4-5,-0.65,-0.45,-0.7,468
2023-10-30,KC,5-6,-1.2,-1.05,-1.25,135
2023-10-30,SB,1-2,1.27,1.33,1.26,11357
2023-10-30,SB,2-3,1.01,1.15,0.99,3931
2023-10-30,SB,3-4,0.44,0.52,0.43,2736
2023-10-30,SB,4-5,0.07,0.13,0.06,1223
2023-10-30,SB,5-6,1.36,1.44,1.35,347
2023-10-31,CC,1-2,-30.0,-23.0,-32.0,8958
2023-10-31,CC,2-3,22.0,24.0,20.0,3979
2023-10-31,CC,3-4,38.0,43.0,36.0,763
2023-10-31,CC,4-5,41.0,44.0,40.0,288
2023-10-31,CC,5-6,61.0,66.0,61.0,90
2023-10-31,CT,1-2,-2.29,-1.91,-2.39,11554
2023-10-31,CT,2-3,-1.05,-0.88,-1.1,2912
2023-10-31,CT,3-4,-0.42,-0.23,-0.44,1244
2023-10-31,CT,4-5,4.88,5.46,4.85,345
2023-10-31,CT,5-6,-0.43,-0.31,-0.43,13
2023-10-31,KC,1-2,2.4,2.6,0.8,13362
2023-10-31,KC,2-3,-0.15,-0.1,-0.55,4487
2023-10-31,KC,3-4,-0.9,-0.85,-1.0,1281
2023-10-31,KC,4-5,-0.6,-0.6,-0.75,596
2023-10-31,KC,5-6,-1.15,-1.1,-1.25,367
2023-10-31,SB,1-2,1.37,1.39,1.23,12404
2023-10-31,SB,2-3,1.1,1.12,0.98,4058
2023-10-31,SB,3-4,0.49,0.5,0.43,1261
2023-10-31,SB,4-5,0.1,0.11,0.06,526
2023-10-31,SB,5-6,1.38,1.41,1.36,395
2023-11-01,CC,1-2,-32.0,-27.0,-33.0,5999
2023-11-01,CC,2-3,21.0,25.0,20.0,4009
2023-11-01,CC,3-4,39.0,41.0,36.0,861
2023-11-01,CC,4-5,42.0,45.0,38.0,240
2023-11-01,CC,5-6,63.0,66.0,57.0,139
2023-11-01,CT,1-2,-2.24,-2.09,-2.39,10506
2023-11-01,CT,2-3,-1.19,-0.97,-1.2,4083
2023-11-01,CT,3-4,-0.51,-0.38,-0.57,1740
2023-11-01,CT,4-5,4.49,4.96,4.48,736
2023-11-01,CT,5-6,-0.45,,,
2023-11-01,KC,1-2,0.95,2.65,0.7,9296
2023-11-01,KC,2-3,-0.5,-0.1,-0.5,4655
2023-11-01,KC,3-4,-1.0,-0.85,-1.05,1766
2023-11-01,KC,4-5,-0.75,-0.65,-0.8,467
2023-11-01,KC,5-6,-1.1,-1.1,-1.2,209
2023-11-01,SB,1-2,1.39,1.44,1.37,11655
2023-11-01,SB,2-3,1.17,1.2,1.12,6901
2023-11-01,SB,3-4,0.53,0.55,0.49,2930
2023-11-01,SB,4-5,0.13,0.14,0.1,1279
2023-11-01,SB,5-6,1.45,1.48,1.38,674
2023-11-02,CC,1-2,-31.0,-29.0,-33.0,8760
2023-11-02,CC,2-3,22.0,23.0,20.0,2771
2023-11-02,CC,3-4,41.0,42.0,37.0,1057
2023-11-02,CC,4-5,45.0,46.0,41.0,208
2023-11-02,CC,5-6,68.0,70.0,62.0,92
2023-11-02,CT,1-2,-2.44,-2.1,-2.47,8838
2023-11-02,CT,2-3,-1.1,-0.99,-1.2,3785
2023-11-02,CT,3-4,-0.4,-0.29,-0.5,1502
2023-11-02,CT,4-5,4.9,5.13,4.52,272
2023-11-02,CT,5-6,-0.47,,,
2023-11-02,KC,1-2,1.5,2.45,1.0,8335
2023-11-02,KC,2-3,-0.4,-0.3,-0.45,4756
2023-11-02,KC,3-4,-0.95,-0.9,-1.0,1422
2023-11-02,KC,4-5,-0.8,-0.7,-0.85,493
2023-11-02,KC,5-6,-1.05,-1.0,-1.2,316
2023-11-02,SB,1-2,1.34,1.43,1.32,7406
2023-11-02,SB,2-3,1.17,1.22,1.12,2969
2023-11-02,SB,3-4,0.51,0.55,0.48,1854
2023-11-02,SB,4-5,0.12,0.14,0.1,728
2023-11-02,SB,5-6,1.44,1.49,1.41,376
2023-11-03,CC,1-2,-29.0,-26.0,-33.0,10118
2023-11-03,CC,2-3,22.0,24.0,21.0,2922
2023-11-03,CC,3-4,40.0,42.0,37.0,1047
2023-11-03,CC,4-5,49.0,50.0,42.0,348
2023-11-03,CC,5-6,73.0,82.0,67.0,105
2023-11-03,CT,1-2,-2.5,-2.32,-2.57,6412
2023-11-03,CT,2-3,-1.06,-0.98,-1.1,3528
2023-11-03,CT,3-4,-0.5,-0.32,-0.5,1325
2023-11-03,CT,4-5,4.81,5.04,4.71,162
2023-11-03,CT,5-6,-0.47,,,
2023-11-03,KC,1-2,1.75,2.35,1.4,6813
2023-11-03,KC,2-3,-0.45,-0.3,-0.5,4515
2023-11-03,KC,3-4,-0.9,-0.85,-0.95,1573
2023-11-03,KC,4-5,-0.8,-0.7,-0.85,825
2023-11-03,KC,5-6,-1.1,-1.0,-1.2,510
2023-11-03,SB,1-2,1.37,1.39,1.34,5842
2023-11-03,SB,2-3,1.2,1.21,1.16,3074
2023-11-03,SB,3-4,0.53,0.55,0.49,1202
2023-11-03,SB,4-5,0.14,0.15,0.1,456
2023-11-03,SB,5-6,1.43,1.44,1.41,450
2023-11-06,CC,1-2,-27.0,-7.0,-34.0,33923
2023-11-06,CC,2-3,20.0,25.0,20.0,6822
2023-11-06,CC,3-4,42.0,43.0,38.0,1131
2023-11-06,CC,4-5,53.0,53.0,46.0,360
2023-11-06,CC,5-6,84.0,98.0,73.0,399
2023-11-06,CT,1-2,-2.92,-2.5,-2.95,10857
2023-11-06,CT,2-3,-1.08,-1.0,-1.13,3386
2023-11-06,CT,3-4,-0.66,-0.42,-0.69,2289
2023-11-06,CT,4-5,4.44,4.96,4.39,662
2023-11-06,CT,5-6,-0.44,-0.43,-0.43,21
2023-11-06,KC,1-2,2.0,2.2,1.55,8672
2023-11-06,KC,2-3,-0.45,-0.35,-0.55,5353
2023-11-06,KC,3-4,-0.8,-0.75,-0.9,1530
2023-11-06,KC,4-5,-0.75,-0.7,-0.8,478
2023-11-06,KC,5-6,-1.15,-1.05,-1.2,331
2023-11-06,SB,1-2,1.36,1.41,1.34,8323
2023-11-06,SB,2-3,1.17,1.23,1.14,4146
2023-11-06,SB,3-4,0.54,0.56,0.51,3672
2023-11-06,SB,4-5,0.16,0.17,0.13,1877
2023-11-06,SB,5-6,1.41,1.48,1.4,724
2023-11-07,CC,1-2,-22.0,-7.0,-24.0,22996
2023-11-07,CC,2-3,21.0,32.0,20.0,7207
2023-11-07,CC,3-4,34.0,45.0,31.0,3050
2023-11-07,CC,4-5,45.0,56.0,43.0,520
2023-11-07,CC,5-6,84.0,91.0,82.0,568
2023-11-07,CT,1-2,-2.89,-2.64,-3.11,18350
2023-11-07,CT,2-3,-1.12,-0.99,-1.14,4945
2023-11-07,CT,3-4,-0.74,-0.59,-0.75,3727
2023-11-07,CT,4-5,3.93,4.52,3.91,1216
2023-11-07,CT,5-6,-0.5,-0.43,-0.5,30
2023-11-07,KC,1-2,1.25,2.0,1.1,14396
2023-11-07,KC,2-3,-0.35,-0.05,-0.55,7503
2023-11-07,KC,3-4,-0.8,-0.6,-0.85,2443
2023-11-07,KC,4-5,-0.85,-0.7,-0.9,571
2023-11-07,KC,5-6,-1.25,-1.15,-1.3,617
2023-11-07,SB,1-2,1.34,1.41,1.32,7419
2023-11-07,SB,2-3,1.15,1.22,1.13,3555
2023-11-07,SB,3-4,0.51,0.56,0.49,2398
2023-11-07,SB,4-5,0.12,0.18,0.12,1435
2023-11-07,SB,5-6,1.34,1.44,1.32,437
2023-11-08,CC,1-2,-17.0,-14.0,-39.0,29642
2023-11-08,CC,2-3,23.0,27.0,21.0,4782
2023-11-08,CC,3-4,35.0,41.0,31.0,1843
2023-11-08,CC,4-5,44.0,55.0,41.0,885
2023-11-08,CC,5-6,81.0,90.0,79.0,298
2023-11-08,CT,1-2,-2.81,-2.75,-3.08,19299
2023-11-08,CT,2-3,-1.39,-1.06,-1.41,7239
2023-11-08,CT,3-4,-0.9,-0.7,-0.95,3286
2023-11-08,CT,4-5,3.46,4.09,3.43,803
2023-11-08,CT,5-6,-0.7,-0.53,-0.7,50
2023-11-08,KC,1-2,2.25,3.2,1.1,16540
2023-11-08,KC,2-3,-0.1,0.25,-0.25,7900
2023-11-08,KC,3-4,-0.65,-0.5,-0.7,1873
2023-11-08,KC,4-5,-0.8,-0.7,-0.9,941
2023-11-08,KC,5-6,-1.35,-1.2,-1.4,601
2023-11-08,SB,1-2,1.36,1.37,1.29,8727
2023-11-08,SB,2-3,1.14,1.15,1.08,7033
2023-11-08,SB,3-4,0.51,0.53,0.48,4417
2023-11-08,SB,4-5,0.1,0.15,0.1,1023
2023-11-08,SB,5-6,1.31,1.33,1.28,603
2023-11-09,CC,1-2,-23.0,-17.0,-27.0,13153
2023-11-09,CC,2-3,21.0,24.0,20.0,4996
2023-11-09,CC,3-4,35.0,40.0,32.0,1950
2023-11-09,CC,4-5,42.0,49.0,42.0,990
2023-11-09,CC,5-6,85.0,94.0,82.0,362
2023-11-09,CT,1-2,-2.69,-2.55,-2.84,15418
2023-11-09,CT,2-3,-0.92,-0.76,-1.42,5700
2023-11-09,CT,3-4,-0.7,-0.5,-0.89,2591
2023-11-09,CT,4-5,3.91,4.0,3.4,640
2023-11-09,CT,5-6,-0.45,-0.43,-0.53,76
2023-11-09,KC,1-2,4.6,4.9,3.15,16444
2023-11-09,KC,2-3,0.0,0.2,-0.15,7814
2023-11-09,KC,3-4,-0.7,-0.6,-0.85,1927
2023-11-09,KC,4-5,-0.75,-0.65,-0.85,748
2023-11-09,KC,5-6,-1.3,-1.1,-1.35,493
2023-11-09,SB,1-2,1.37,1.39,1.33,8027
2023-11-09,SB,2-3,1.14,1.16,1.11,2564
2023-11-09,SB,3-4,0.56,0.57,0.52,3324
2023-11-09,SB,4-5,0.15,0.16,0.11,638
2023-11-09,SB,5-6,1.34,1.35,1.3,332
2023-11-10,CC,1-2,-23.0,-20.0,-26.0,15560
2023-11-10,CC,2-3,23.0,25.0,21.0,3028
2023-11-10,CC,3-4,37.0,40.0,34.0,1256
2023-11-10,CC,4-5,47.0,55.0,42.0,452
2023-11-10,CC,5-6,91.0,95.0,87.0,398
2023-11-10,CT,1-2,-2.18,-2.09,-2.73,18429
2023-11-10,CT,2-3,-0.78,-0.46,-1.0,6893
2023-11-10,CT,3-4,-0.6,-0.43,-0.8,3049
2023-11-10,CT,4-5,3.77,4.04,3.42,520
2023-11-10,CT,5-6,-0.45,,,
2023-11-10,KC,1-2,3.95,5.0,3.75,14566
2023-11-10,KC,2-3,-0.05,0.1,-0.15,6818
2023-11-10,KC,3-4,-0.7,-0.65,-0.8,1841
2023-11-10,KC,4-5,-0.75,-0.65,-0.8,585
2023-11-10,KC,5-6,-1.25,-1.15,-1.3,344
2023-11-10,SB,1-2,1.36,1.4,1.35,7092
2023-11-10,SB,2-3,1.11,1.16,1.08,2609
2023-11-10,SB,3-4,0.51,0.57,0.49,2189
2023-11-10,SB,4-5,0.11,0.15,0.1,550
2023-11-10,SB,5-6,1.31,1.37,1.29,278
2023-11-13,CC,1-2,-13.0,-11.0,-23.0,10537
2023-11-13,CC,2-3,24.0,31.0,23.0,4209
2023-11-13,CC,3-4,35.0,39.0,35.0,1297
2023-11-13,CC,4-5,47.0,53.0,45.0,302
2023-11-13,CC,5-6,90.0,97.0,88.0,235
2023-11-13,CT,1-2,-1.99,-1.95,-2.31,15648
2023-11-13,CT,2-3,-0.94,-0.65,-0.96,3996
2023-11-13,CT,3-4,-0.73,-0.51,-0.8,3126
2023-11-13,CT,4-5,3.78,4.05,3.75,288
2023-11-13,CT,5-6,-0.61,-0.57,-0.64,13
2023-11-13,KC,1-2,5.45,5.95,3.9,9567
2023-11-13,KC,2-3,0.15,0.2,-0.1,6262
2023-11-13,KC,3-4,-0.65,-0.6,-0.75,2140
2023-11-13,KC,4-5,-0.8,-0.7,-0.8,361
2023-11-13,KC,5-6,-1.25,-1.2,-1.3,540
2023-11-13,SB,1-2,1.4,1.41,1.33,9067
2023-11-13,SB,2-3,1.2,1.2,1.08,4693
2023-11-13,SB,3-4,0.58,0.59,0.49,5328
2023-11-13,SB,4-5,0.13,0.13,0.1,925
2023-11-13,SB,5-6,1.34,1.35,1.26,257
2023-11-14,CC,1-2,-38.0,-13.0,-49.0,17691
2023-11-14,CC,2-3,23.0,34.0,21.0,6284
2023-11-14,CC,3-4,28.0,37.0,26.0,2503
2023-11-14,CC,4-5,40.0,51.0,39.0,600
2023-11-14,CC,5-6,87.0,98.0,82.0,501
2023-11-14,CT,1-2,-2.47,-1.65,-2.52,14615
2023-11-14,CT,2-3,-0.73,-0.66,-0.96,4573
2023-11-14,CT,3-4,-0.58,-0.5,-0.74,1142
2023-11-14,CT,4-5,4.22,4.44,3.86,320
2023-11-14,CT,5-6,-0.55,,,
2023-11-14,KC,1-2,5.05,5.95,4.65,7313
2023-11-14,KC,2-3,-0.2,0.15,-0.3,6804
2023-11-14,KC,3-4,-0.7,-0.6,-0.75,2090
2023-11-14,KC,4-5,-0.9,-0.75,-0.9,685
2023-11-14,KC,5-6,-1.35,-1.2,-1.35,482
2023-11-14,SB,1-2,1.37,1.42,1.36,6595
2023-11-14,SB,2-3,1.12,1.19,1.12,2741
2023-11-14,SB,3-4,0.54,0.59,0.53,2227
2023-11-14,SB,4-5,0.08,0.14,0.08,811
2023-11-14,SB,5-6,1.3,1.35,1.27,494
2023-11-15,CC,1-2,-53.0,-39.0,-54.0,7928
2023-11-15,CC,2-3,20.0,24.0,20.0,4408
2023-11-15,CC,3-4,28.0,31.0,26.0,1343
2023-11-15,CC,4-5,48.0,50.0,38.0,595
2023-11-15,CC,5-6,93.0,96.0,86.0,341
2023-11-15,CT,1-2,-2.6,-2.22,-2.81,7521
2023-11-15,CT,2-3,-0.73,-0.67,-0.86,3274
2023-11-15,CT,3-4,-0.53,-0.45,-0.68,1084
2023-11-15,CT,4-5,4.25,4.98,4.02,619
2023-11-15,CT,5-6,-0.52,-0.43,-0.56,13
2023-11-15,KC,1-2,5.65,6.5,5.0,6896
2023-11-15,KC,2-3,0.15,0.3,-0.25,7120
2023-11-15,KC,3-4,-0.65,-0.55,-0.75,1580
2023-11-15,KC,4-5,-0.85,-0.85,-0.95,655
2023-11-15,KC,5-6,-1.4,-1.35,-1.45,307
2023-11-15,SB,1-2,1.34,1.39,1.32,9478
2023-11-15,SB,2-3,1.07,1.13,1.06,5801
2023-11-15,SB,3-4,0.51,0.55,0.5,2011
2023-11-15,SB,4-5,0.08,0.09,0.07,596
2023-11-15,SB,5-6,1.27,1.31,1.27,82
2023-11-16,CC,1-2,-39.0,-25.0,-49.0,4595
2023-11-16,CC,2-3,20.0,24.0,18.0,6139
2023-11-16,CC,3-4,38.0,39.0,27.0,1921
2023-11-16,CC,4-5,60.0,64.0,46.0,890
2023-11-16,CC,5-6,106.0,109.0,94.0,594
2023-11-16,CT,1-2,-2.2,-2.11,-2.64,6062
2023-11-16,CT,2-3,-0.75,-0.65,-0.85,2547
2023-11-16,CT,3-4,-0.44,-0.43,-0.65,1007
2023-11-16,CT,4-5,4.05,4.54,3.8,260
2023-11-16,CT,5-6,-0.55,-0.59,-0.59,2
2023-11-16,KC,1-2,4.9,6.35,4.7,5685
2023-11-16,KC,2-3,-0.1,0.3,-0.1,5092
2023-11-16,KC,3-4,-0.75,-0.55,-0.8,1790
2023-11-16,KC,4-5,-0.9,-0.85,-0.9,373
2023-11-16,KC,5-6,-1.4,-1.3,-1.4,386
2023-11-16,SB,1-2,1.33,1.36,1.31,5487
2023-11-16,SB,2-3,1.07,1.09,1.05,4340
2023-11-16,SB,3-4,0.52,0.54,0.49,1307
2023-11-16,SB,4-5,0.11,0.12,0.07,1321
2023-11-16,SB,5-6,1.35,1.36,1.27,471
2023-11-17,CC,1-2,-25.0,-24.0,-40.0,4524
2023-11-17,CC,2-3,26.0,28.0,21.0,5000
2023-11-17,CC,3-4,40.0,41.0,32.0,1536
2023-11-17,CC,4-5,62.0,65.0,55.0,819
2023-11-17,CC,5-6,121.0,126.0,103.0,860
2023-11-17,CT,1-2,-2.59,-2.18,-2.64,4207
2023-11-17,CT,2-3,-0.68,-0.56,-0.78,2118
2023-11-17,CT,3-4,-0.41,-0.27,-0.57,843
2023-11-17,CT,4-5,4.39,4.62,3.91,270
2023-11-17,CT,5-6,-0.57,-0.56,-0.61,5
2023-11-17,KC,1-2,4.3,5.2,3.95,3219
2023-11-17,KC,2-3,0.1,0.15,-0.1,5166
2023-11-17,KC,3-4,-0.9,-0.75,-1.0,2567
2023-11-17,KC,4-5,-1.0,-0.8,-1.05,1158
2023-11-17,KC,5-6,-1.55,-1.3,-1.6,881
2023-11-17,SB,1-2,1.31,1.33,1.29,7259
2023-11-17,SB,2-3,1.06,1.07,1.03,3267
2023-11-17,SB,3-4,0.51,0.54,0.5,2736
2023-11-17,SB,4-5,0.14,0.16,0.1,1187
2023-11-17,SB,5-6,1.39,1.4,1.33,373
2023-11-20,CC,1-2,-17.0,-1.0,-30.0,8792
2023-11-20,CC,2-3,26.0,29.0,23.0,4110
2023-11-20,CC,3-4,32.0,42.0,29.0,2394
2023-11-20,CC,4-5,61.0,74.0,59.0,979
2023-11-20,CC,5-6,116.0,124.0,113.0,298
2023-11-20,CT,1-2,-3.28,-2.6,-3.3,6520
2023-11-20,CT,2-3,-0.71,-0.59,-0.8,2807
2023-11-20,CT,3-4,-0.48,-0.35,-0.65,1191
2023-11-20,CT,4-5,3.92,4.41,3.81,400
2023-11-20,CT,5-6,-0.59,-0.57,-0.61,11
2023-11-20,KC,1-2,6.75,6.95,2.1,4652
2023-11-20,KC,2-3,0.75,0.85,,8052
2023-11-20,KC,3-4,-0.8,-0.75,-0.9,3498
2023-11-20,KC,4-5,-1.0,-0.9,-1.05,819
2023-11-20,KC,5-6,-1.6,-1.5,-1.6,362
2023-11-20,SB,1-2,1.33,1.34,1.3,5988
2023-11-20,SB,2-3,1.1,1.11,1.05,3425
2023-11-20,SB,3-4,0.52,0.55,0.49,2658
2023-11-20,SB,4-5,0.17,0.17,0.13,1378
2023-11-20,SB,5-6,1.41,1.42,1.39,140
2023-11-21,CC,1-2,109.0,130.0,-17.0,5640
2023-11-21,CC,2-3,32.0,33.0,26.0,7030
2023-11-21,CC,3-4,37.0,41.0,29.0,2316
2023-11-21,CC,4-5,66.0,74.0,60.0,1371
2023-11-21,CC,5-6,127.0,130.0,114.0,1523
2023-11-21,CT,1-2,-3.35,-3.12,-3.58,7608
2023-11-21,CT,2-3,-0.74,-0.63,-0.79,2755
2023-11-21,CT,3-4,-0.51,-0.43,-0.63,1334
2023-11-21,CT,4-5,3.77,3.97,3.75,403
2023-11-21,CT,5-6,-0.61,-0.61,-0.62,10
2023-11-21,KC,1-2,8.0,8.25,6.15,317
2023-11-21,KC,2-3,0.85,0.9,0.5,3091
2023-11-21,KC,3-4,-0.85,-0.8,-0.85,955
2023-11-21,KC,4-5,-1.1,-1.0,-1.15,399
2023-11-21,KC,5-6,-1.55,-1.5,-1.6,314
2023-11-21,SB,1-2,1.3,1.34,1.29,7998
2023-11-21,SB,2-3,1.12,1.13,1.08,4101
2023-11-21,SB,3-4,0.53,0.54,0.51,2417
2023-11-21,SB,4-5,0.16,0.18,0.15,1036
2023-11-21,SB,5-6,1.43,1.46,1.42,424
2023-11-22,CC,1-2,89.0,129.0,81.0,580
2023-11-22,CC,2-3,28.0,33.0,27.0,4675
2023-11-22,CC,3-4,41.0,45.0,36.0,1348
2023-11-22,CC,4-5,63.0,72.0,60.0,1205
2023-11-22,CC,5-6,127.0,130.0,120.0,1023
2023-11-22,CT,1-2,-1.32,-1.05,-3.35,2070
2023-11-22,CT,2-3,-0.55,-0.53,-0.79,2667
2023-11-22,CT,3-4,-0.44,-0.39,-0.55,1831
2023-11-22,CT,4-5,3.91,4.13,3.77,853
2023-11-22,CT,5-6,-0.48,-0.43,-0.6,12
2023-11-22,KC,1-2,9.6,9.9,7.55,288
2023-11-22,KC,2-3,1.1,1.25,0.7,4128
2023-11-22,KC,3-4,-0.65,-0.65,-0.9,1601
2023-11-22,KC,4-5,-1.05,-1.0,-1.15,384
2023-11-22,KC,5-6,-1.6,-1.5,-1.6,284
2023-11-22,SB,1-2,1.28,1.32,1.26,14280
2023-11-22,SB,2-3,1.05,1.13,1.03,6833
2023-11-22,SB,3-4,0.49,0.54,0.48,2550
2023-11-22,SB,4-5,0.14,0.16,0.13,1325
2023-11-22,SB,5-6,1.4,1.45,1.39,229
2023-11-24,CC,1-2,130.0,134.0,130.0,33
2023-11-24,CC,2-3,28.0,30.0,25.0,3227
2023-11-24,CC,3-4,39.0,42.0,35.0,998
2023-11-24,CC,4-5,60.0,68.0,60.0,701
2023-11-24,CC,5-6,135.0,136.0,126.0,582
2023-11-24,CT,1-2,-0.6,-0.4,-1.59,261
2023-11-24,CT,2-3,-0.7,-0.48,-0.71,2437
2023-11-24,CT,3-4,-0.55,-0.4,-0.57,1268
2023-11-24,CT,4-5,3.83,4.08,3.75,548
2023-11-24,CT,5-6,-0.56,-0.56,-0.56,1
2023-11-24,KC,1-2,10.5,10.7,8.6,137
2023-11-24,KC,2-3,1.55,1.7,1.1,3486
2023-11-24,KC,3-4,-0.6,-0.55,-0.8,1736
2023-11-24,KC,4-5,-1.2,-1.05,-1.2,652
2023-11-24,KC,5-6,-1.85,-1.6,-1.95,440
2023-11-24,SB,1-2,1.23,1.29,1.16,19326
2023-11-24,SB,2-3,0.98,1.06,0.97,7541
2023-11-24,SB,3-4,0.45,0.5,0.44,2869
2023-11-24,SB,4-5,0.13,0.16,0.12,1058
2023-11-24,SB,5-6,1.33,1.41,1.29,560
2023-11-27,CC,1-2,130.0,134.0,130.0,21
2023-11-27,CC,2-3,32.0,37.0,25.0,5224
2023-11-27,CC,3-4,36.0,39.0,32.0,1629
2023-11-27,CC,4-5,60.0,61.0,58.0,1353
2023-11-27,CC,5-6,127.0,134.0,127.0,425
2023-11-27,CT,1-2,-0.67,-0.46,-0.75,35
2023-11-27,CT,2-3,-0.61,-0.59,-0.8,3381
2023-11-27,CT,3-4,-0.58,-0.55,-0.65,1783
2023-11-27,CT,4-5,3.4,3.85,3.36,1298
2023-11-27,CT,5-6,-0.48,-0.44,-0.44,2
2023-11-27,KC,1-2,10.65,10.7,10.3,45
2023-11-27,KC,2-3,2.75,2.9,1.45,9029
2023-11-27,KC,3-4,-0.5,-0.3,-0.7,3643
2023-11-27,KC,4-5,-1.2,-1.1,-1.2,930
2023-11-27,KC,5-6,-2.0,-1.75,-2.0,278
2023-11-27,SB,1-2,1.24,1.28,1.22,10755
2023-11-27,SB,2-3,1.02,1.06,0.97,4280
2023-11-27,SB,3-4,0.49,0.51,0.44,3301
2023-11-27,SB,4-5,0.13,0.15,0.12,1151
2023-11-27,SB,5-6,1.32,1.33,1.29,240
2023-11-28,CC,1-2,169.0,170.0,134.0,86
2023-11-28,CC,2-3,36.0,39.0,28.0,5853
2023-11-28,CC,3-4,36.0,37.0,31.0,1672
2023-11-28,CC,4-5,56.0,60.0,54.0,1638
2023-11-28,CC,5-6,130.0,131.0,126.0,334
2023-11-28,CT,1-2,-1.0,-0.65,-1.0,5
2023-11-28,CT,2-3,-0.64,-0.58,-0.76,3147
2023-11-28,CT,3-4,-0.62,-0.57,-0.68,1468
2023-11-28,CT,4-5,3.42,3.59,3.36,408
2023-11-28,CT,5-6,-0.47,-0.44,-0.47,2
2023-11-28,KC,1-2,10.55,10.6,10.55,10
2023-11-28,KC,2-3,2.6,3.4,2.25,8726
2023-11-28,KC,3-4,-0.55,-0.35,-0.65,2771
2023-11-28,KC,4-5,-1.05,-1.0,-1.15,1409
2023-11-28,KC,5-6,-1.75,-1.7,-2.0,441
2023-11-28,SB,1-2,1.13,1.23,1.12,16950
2023-11-28,SB,2-3,0.96,1.03,0.94,6356
2023-11-28,SB,3-4,0.46,0.5,0.44,2660
2023-11-28,SB,4-5,0.13,0.15,0.11,1122
2023-11-28,SB,5-6,1.3,1.34,1.28,394
2023-11-29,CC,1-2,165.0,165.0,130.0,12
2023-11-29,CC,2-3,41.0,49.0,30.0,6291
2023-11-29,CC,3-4,41.0,43.0,30.0,1928
2023-11-29,CC,4-5,64.0,67.0,55.0,1641
2023-11-29,CC,5-6,132.0,135.0,127.0,426
2023-11-29,CT,1-2,-1.0,-0.95,-0.95,1
2023-11-29,CT,2-3,-0.64,-0.6,-0.7,1907
2023-11-29,CT,3-4,-0.61,-0.56,-0.67,1122
2023-11-29,CT,4-5,3.46,3.76,3.36,360
2023-11-29,CT,5-6,-0.49,,,
2023-11-29,KC,1-2,9.4,9.5,7.25,26
2023-11-29,KC,2-3,2.65,2.85,2.25,3723
2023-11-29,KC,3-4,-0.4,-0.35,-0.65,1934
2023-11-29,KC,4-5,-1.0,-0.95,-1.1,428
2023-11-29,KC,5-6,-1.75,-1.7,-1.85,128
2023-11-29,SB,1-2,1.13,1.15,1.1,11911
2023-11-29,SB,2-3,0.97,0.99,0.93,4729
2023-11-29,SB,3-4,0.44,0.47,0.43,2055
2023-11-29,SB,4-5,0.12,0.13,0.1,1353
2023-11-29,SB,5-6,1.32,1.36,1.29,442
2023-11-30,CC,1-2,198.0,200.0,169.0,15
2023-11-30,CC,2-3,35.0,40.0,31.0,3941
2023-11-30,CC,3-4,38.0,43.0,36.0,1637
2023-11-30,CC,4-5,70.0,73.0,64.0,1622
2023-11-30,CC,5-6,136.0,143.0,126.0,705
2023-11-30,CT,1-2,-0.66,-0.46,-0.66,9
2023-11-30,CT,2-3,-0.64,-0.55,-0.67,2330
2023-11-30,CT,3-4,-0.58,-0.53,-0.64,1521
2023-11-30,CT,4-5,3.65,3.83,3.53,694
2023-11-30,CT,5-6,-0.45,-0.44,-0.44,1
2023-11-30,KC,1-2,10.3,10.35,7.8,16
2023-11-30,KC,2-3,3.95,4.15,2.75,11143
2023-11-30,KC,3-4,0.05,0.2,-0.4,4904
2023-11-30,KC,4-5,-0.8,-0.7,-1.0,2190
2023-11-30,KC,5-6,-1.7,-1.55,-1.85,1362
2023-11-30,SB,1-2,1.0,1.15,0.99,28519
2023-11-30,SB,2-3,0.8,1.01,0.8,12565
2023-11-30,SB,3-4,0.3,0.44,0.29,9928
2023-11-30,SB,4-5,0.07,0.12,0.06,3079
2023-11-30,SB,5-6,1.2,1.32,1.18,1115
2023-12-01,CC,1-2,197.0,199.0,100.0,14
2023-12-01,CC,2-3,31.0,35.0,29.0,3771
2023-12-01,CC,3-4,32.0,38.0,31.0,1719
2023-12-01,CC,4-5,57.0,69.0,55.0,1490
2023-12-01,CC,5-6,131.0,141.0,126.0,586
2023-12-01,CT,1-2,-0.7,-0.58,-0.73,2740
2023-12-01,CT,2-3,-0.65,-0.52,-0.65,1097
2023-12-01,CT,3-4,3.38,3.8,3.36,767
2023-12-01,CT,4-5,-0.6,-0.61,-0.62,2
2023-12-01,CT,5-6,-0.1,,,
2023-12-01,KC,1-2,9.55,10.4,9.55,41
2023-12-01,KC,2-3,2.65,4.45,2.55,9827
2023-12-01,KC,3-4,-0.4,0.2,-0.45,5580
2023-12-01,KC,4-5,-0.8,-0.7,-0.9,2197
2023-12-01,KC,5-6,-1.55,-1.5,-1.75,1792
2023-12-01,SB,1-2,0.83,1.0,0.73,38386
2023-12-01,SB,2-3,0.61,0.82,0.58,16322
2023-12-01,SB,3-4,0.21,0.3,0.2,14335
2023-12-01,SB,4-5,0.0,0.07,-0.03,5615
2023-12-01,SB,5-6,1.04,1.2,0.95,2544
2023-12-04,CC,1-2,100.0,125.0,100.0,15
2023-12-04,CC,2-3,33.0,38.0,30.0,3748
2023-12-04,CC,3-4,37.0,39.0,31.0,1532
2023-12-04,CC,4-5,56.0,65.0,52.0,1236
2023-12-04,CC,5-6,118.0,133.0,114.0,548
2023-12-04,CT,1-2,-0.74,-0.47,-0.75,3269
2023-12-04,CT,2-3,-0.66,-0.57,-0.69,1286
2023-12-04,CT,3-4,3.32,3.64,3.31,974
2023-12-04,CT,4-5,-0.45,-0.39,-0.47,55
2023-12-04,CT,5-6,-0.1,,,
2023-12-04,KC,1-2,9.5,10.2,9.25,24
2023-12-04,KC,2-3,2.15,3.35,2.05,6796
2023-12-04,KC,3-4,-0.5,-0.2,-0.6,2429
2023-12-04,KC,4-5,-1.1,-0.75,-1.15,992
2023-12-04,KC,5-6,-1.85,-1.5,-1.9,860
2023-12-04,SB,1-2,1.07,1.09,0.67,31390
2023-12-04,SB,2-3,0.72,0.78,0.48,10121
2023-12-04,SB,3-4,0.28,0.31,0.15,6253
2023-12-04,SB,4-5,0.02,0.03,-0.04,2456
2023-12-04,SB,5-6,1.15,1.18,0.97,2239
2023-12-05,CC,1-2,100.0,100.0,100.0,7
2023-12-05,CC,2-3,36.0,38.0,31.0,5709
2023-12-05,CC,3-4,36.0,41.0,34.0,2702
2023-12-05,CC,4-5,50.0,56.0,50.0,1236
2023-12-05,CC,5-6,103.0,116.0,100.0,612
2023-12-05,CT,1-2,-0.59,-0.55,-0.75,1877
2023-12-05,CT,2-3,-0.46,-0.4,-0.7,1506
2023-12-05,CT,3-4,3.5,3.69,3.33,1040
2023-12-05,CT,4-5,-0.44,-0.2,-0.45,26
2023-12-05,CT,5-6,-0.1,,,
2023-12-05,KC,1-2,10.1,11.35,9.0,41
2023-12-05,KC,2-3,2.25,2.85,1.95,5600
2023-12-05,KC,3-4,-0.45,-0.25,-0.6,2932
2023-12-05,KC,4-5,-1.1,-0.95,-1.3,1699
2023-12-05,KC,5-6,-1.9,-1.65,-2.05,1125
2023-12-05,SB,1-2,0.93,1.09,0.88,16377
2023-12-05,SB,2-3,0.56,0.74,0.53,7649
2023-12-05,SB,3-4,0.2,0.29,0.17,4987
2023-12-05,SB,4-5,-0.02,0.02,-0.05,3637
2023-12-05,SB,5-6,1.09,1.15,1.02,2221
2023-12-06,CC,1-2,115.0,101.0,100.0,39
2023-12-06,CC,2-3,36.0,38.0,33.0,3412
2023-12-06,CC,3-4,34.0,37.0,33.0,1530
2023-12-06,CC,4-5,46.0,54.0,44.0,1444
2023-12-06,CC,5-6,102.0,112.0,95.0,925
2023-12-06,CT,1-2,-0.7,-0.47,-0.75,3558
2023-12-06,CT,2-3,-0.48,-0.4,-0.55,1842
2023-12-06,CT,3-4,3.52,3.92,3.44,1069
2023-12-06,CT,4-5,-0.42,-0.45,-0.47,2
2023-12-06,CT,5-6,0.03,0.03,0.03,1
2023-12-06,KC,1-2,10.0,11.5,10.0,10
2023-12-06,KC,2-3,1.7,2.2,1.55,4779
2023-12-06,KC,3-4,-0.65,-0.5,-0.65,1660
2023-12-06,KC,4-5,-1.1,-0.95,-1.2,1318
2023-12-06,KC,5-6,-1.85,-1.75,-2.0,846
2023-12-06,SB,1-2,0.71,0.93,0.61,36901
2023-12-06,SB,2-3,0.45,0.56,0.35,26137
2023-12-06,SB,3-4,0.11,0.2,0.07,21507
2023-12-06,SB,4-5,-0.11,-0.02,-0.18,7984
2023-12-06,SB,5-6,0.78,1.1,0.74,4163
2023-12-07,CC,1-2,140.0,160.0,160.0,1
2023-12-07,CC,2-3,40.0,47.0,37.0,5233
2023-12-07,CC,3-4,38.0,42.0,35.0,1817
2023-12-07,CC,4-5,54.0,55.0,45.0,1286
2023-12-07,CC,5-6,109.0,116.0,100.0,891
2023-12-07,CT,1-2,-0.48,-0.4,-0.75,6458
2023-12-07,CT,2-3,-0.22,-0.05,-0.46,3690
2023-12-07,CT,3-4,4.09,4.3,3.46,2999
2023-12-07,CT,4-5,-0.32,-0.25,-0.45,33
2023-12-07,CT,5-6,0.18,0.3,0.07,5
2023-12-07,KC,1-2,8.0,11.3,8.0,5
2023-12-07,KC,2-3,1.85,2.25,1.75,2894
2023-12-07,KC,3-4,-0.55,-0.45,-0.7,2488
2023-12-07,KC,4-5,-1.0,-0.9,-1.1,1294
2023-12-07,KC,5-6,-1.5,-1.5,-1.8,1045
2023-12-07,SB,1-2,0.8,0.85,0.7,22082
2023-12-07,SB,2-3,0.5,0.63,0.45,13905
2023-12-07,SB,3-4,0.15,0.23,0.12,10948
2023-12-07,SB,4-5,-0.08,-0.02,-0.12,7095
2023-12-07,SB,5-6,0.79,0.91,0.75,2746
2023-12-08,CC,1-2,110.0,,,
2023-12-08,CC,2-3,60.0,68.0,38.0,10429
2023-12-08,CC,3-4,66.0,70.0,37.0,5231
2023-12-08,CC,4-5,68.0,70.0,50.0,3184
2023-12-08,CC,5-6,115.0,127.0,108.0,823
2023-12-08,CT,1-2,-0.6,-0.25,-0.62,4829
2023-12-08,CT,2-3,-0.41,-0.06,-0.42,2579
2023-12-08,CT,3-4,3.9,4.4,3.87,1872
2023-12-08,CT,4-5,-0.39,-0.3,-0.39,4
2023-12-08,CT,5-6,0.12,,,
2023-12-08,KC,1-2,8.0,10.3,8.0,2
2023-12-08,KC,2-3,1.65,2.35,1.55,4102
2023-12-08,KC,3-4,-0.65,-0.45,-0.7,2142
2023-12-08,KC,4-5,-1.1,-0.95,-1.1,617
2023-12-08,KC,5-6,-1.45,-1.3,-1.6,452
2023-12-08,SB,1-2,0.9,0.97,0.78,12228
2023-12-08,SB,2-3,0.58,0.68,0.5,6481
2023-12-08,SB,3-4,0.27,0.32,0.15,10607
2023-12-08,SB,4-5,0.01,0.04,-0.07,5013
2023-12-08,SB,5-6,0.93,0.95,0.78,1344
2023-12-11,CC,1-2,140.0,175.0,100.0,5
2023-12-11,CC,2-3,64.0,85.0,59.0,12697
2023-12-11,CC,3-4,71.0,80.0,62.0,5513
2023-12-11,CC,4-5,71.0,75.0,68.0,2729
2023-12-11,CC,5-6,112.0,116.0,107.0,804
2023-12-11,CT,1-2,-0.56,-0.37,-0.64,2962
2023-12-11,CT,2-3,-0.31,-0.19,-0.41,1520
2023-12-11,CT,3-4,3.92,4.14,3.77,1224
2023-12-11,CT,4-5,-0.39,-0.38,-0.4,4
2023-12-11,CT,5-6,0.12,,,
2023-12-11,KC,1-2,9.9,10.0,10.0,2
2023-12-11,KC,2-3,2.3,2.55,1.7,4635
2023-12-11,KC,3-4,-0.35,-0.25,-0.6,2527
2023-12-11,KC,4-5,-0.95,-0.8,-1.05,1169
2023-12-11,KC,5-6,-1.2,-1.05,-1.5,703
2023-12-11,SB,1-2,0.82,0.91,0.78,13012
2023-12-11,SB,2-3,0.48,0.6,0.45,8625
2023-12-11,SB,3-4,0.19,0.28,0.17,7623
2023-12-11,SB,4-5,-0.06,0.02,-0.09,2612
2023-12-11,SB,5-6,0.82,0.93,0.74,1455
2023-12-12,CC,1-2,140.0,225.0,225.0,6
2023-12-12,CC,2-3,63.0,69.0,57.0,4361
2023-12-12,CC,3-4,69.0,77.0,67.0,2161
2023-12-12,CC,4-5,76.0,81.0,72.0,1514
2023-12-12,CC,5-6,118.0,127.0,106.0,439
2023-12-12,CT,1-2,-0.75,-0.49,-0.77,4133
2023-12-12,CT,2-3,-0.4,-0.23,-0.42,1730
2023-12-12,CT,3-4,3.95,4.02,3.82,1707
2023-12-12,CT,4-5,-0.34,-0.26,-0.37,6
2023-12-12,CT,5-6,0.15,0.18,0.06,4
2023-12-12,KC,1-2,5.9,7.3,4.7,32
2023-12-12,KC,2-3,2.75,2.95,2.15,4280
2023-12-12,KC,3-4,-0.25,-0.1,-0.45,2398
2023-12-12,KC,4-5,-0.95,-0.85,-1.05,869
2023-12-12,KC,5-6,-1.4,-1.15,-1.5,602
2023-12-12,SB,1-2,0.85,0.9,0.74,21003
2023-12-12,SB,2-3,0.55,0.61,0.35,14423
2023-12-12,SB,3-4,0.23,0.27,0.11,9223
2023-12-12,SB,4-5,-0.03,-0.02,-0.14,3015
2023-12-12,SB,5-6,0.86,0.85,0.73,1402
2023-12-13,CC,1-2,140.0,,,
2023-12-13,CC,2-3,67.0,71.0,59.0,4073
2023-12-13,CC,3-4,74.0,76.0,68.0,2016
2023-12-13,CC,4-5,84.0,86.0,78.0,1944
2023-12-13,CC,5-6,126.0,136.0,115.0,778
2023-12-13,CT,1-2,-0.6,-0.57,-0.8,2843
2023-12-13,CT,2-3,-0.38,-0.31,-0.43,1773
2023-12-13,CT,3-4,3.88,4.01,3.82,1123
2023-12-13,CT,4-5,-0.4,-0.3,-0.41,9
2023-12-13,CT,5-6,0.21,0.25,0.2,4
2023-12-13,KC,1-2,6.0,7.5,6.0,5
2023-12-13,KC,2-3,3.35,4.0,2.9,6276
2023-12-13,KC,3-4,0.05,0.25,-0.2,3412
2023-12-13,KC,4-5,-0.8,-0.75,-0.95,1134
2023-12-13,KC,5-6,-1.2,-1.05,-1.4,857
2023-12-13,SB,1-2,0.78,0.89,0.73,14619
2023-12-13,SB,2-3,0.43,0.55,0.41,10771
2023-12-13,SB,3-4,0.14,0.26,0.12,9494
2023-12-13,SB,4-5,-0.07,0.02,-0.09,3802
2023-12-13,SB,5-6,0.84,0.93,0.83,1960
2023-12-14,CC,1-2,51.0,69.0,42.0,5604
2023-12-14,CC,2-3,67.0,79.0,66.0,1935
2023-12-14,CC,3-4,79.0,90.0,77.0,1658
2023-12-14,CC,4-5,119.0,135.0,118.0,755
2023-12-14,CC,5-6,99.0,120.0,97.0,389
2023-12-14,CT,1-2,-0.68,-0.48,-0.72,2910
2023-12-14,CT,2-3,-0.45,-0.25,-0.48,1377
2023-12-14,CT,3-4,3.77,4.11,3.75,859
2023-12-14,CT,4-5,-0.35,-0.34,-0.43,9
2023-12-14,CT,5-6,0.15,,,
2023-12-14,KC,1-2,9.5,10.5,7.5,3
2023-12-14,KC,2-3,3.35,4.0,2.85,5624
2023-12-14,KC,3-4,0.15,0.35,,2829
2023-12-14,KC,4-5,-0.7,-0.6,-0.85,1085
2023-12-14,KC,5-6,-1.15,-1.0,-1.2,588
2023-12-14,SB,1-2,0.82,0.83,0.69,17550
2023-12-14,SB,2-3,0.44,0.46,0.34,11964
2023-12-14,SB,3-4,0.15,0.17,0.09,9208
2023-12-14,SB,4-5,-0.08,-0.05,-0.14,4844
2023-12-14,SB,5-6,0.89,0.9,0.75,2300
2023-12-15,CC,1-2,46.0,56.0,43.0,4142
2023-12-15,CC,2-3,59.0,69.0,59.0,1928
2023-12-15,CC,3-4,79.0,84.0,77.0,927
2023-12-15,CC,4-5,126.0,134.0,114.0,1035
2023-12-15,CC,5-6,104.0,113.0,93.0,146
2023-12-15,CT,1-2,-0.76,-0.64,-0.82,2327
2023-12-15,CT,2-3,-0.48,-0.39,-0.5,1044
2023-12-15,CT,3-4,3.51,3.93,3.5,844
2023-12-15,CT,4-5,-0.39,-0.39,-0.4,41
2023-12-15,CT,5-6,0.1,,,
2023-12-15,KC,1-2,12.5,12.9,10.6,47
2023-12-15,KC,2-3,2.5,3.2,2.35,2715
2023-12-15,KC,3-4,-0.25,0.15,-0.35,1920
2023-12-15,KC,4-5,-0.8,-0.6,-0.85,720
2023-12-15,KC,5-6,-1.2,-0.95,-1.3,522
2023-12-15,SB,1-2,0.73,0.85,0.72,8452
2023-12-15,SB,2-3,0.37,0.49,0.35,5945
2023-12-15,SB,3-4,0.05,0.18,0.04,7301
2023-12-15,SB,4-5,-0.13,-0.04,-0.13,1855
2023-12-15,SB,5-6,0.89,0.92,0.87,676
2023-12-18,CC,1-2,49.0,57.0,45.0,3432
2023-12-18,CC,2-3,62.0,74.0,60.0,1207
2023-12-18,CC,3-4,78.0,89.0,76.0,895
2023-12-18,CC,4-5,131.0,140.0,126.0,674
2023-12-18,CC,5-6,102.0,115.0,98.0,182
2023-12-18,CT,1-2,-0.79,-0.61,-0.85,3147
2023-12-18,CT,2-3,-0.55,-0.39,-0.57,1264
2023-12-18,CT,3-4,3.21,3.69,3.2,1107
2023-12-18,CT,4-5,-0.4,-0.35,-0.44,23
2023-12-18,CT,5-6,0.1,,,
2023-12-18,KC,1-2,18.45,20.0,20.0,1
2023-12-18,KC,2-3,3.05,3.25,2.4,2697
2023-12-18,KC,3-4,-0.25,,-0.35,1954
2023-12-18,KC,4-5,-0.8,-0.7,-0.85,656
2023-12-18,KC,5-6,-1.3,-1.15,-1.45,455
2023-12-18,SB,1-2,0.63,0.73,0.61,13279
2023-12-18,SB,2-3,0.3,0.37,0.28,8910
2023-12-18,SB,3-4,0.03,0.09,-0.02,6703
2023-12-18,SB,4-5,-0.15,-0.11,-0.18,2769
2023-12-18,SB,5-6,0.84,0.88,0.81,1025
2023-12-19,CC,1-2,45.0,52.0,42.0,4742
2023-12-19,CC,2-3,62.0,64.0,59.0,887
2023-12-19,CC,3-4,78.0,81.0,75.0,764
2023-12-19,CC,4-5,132.0,132.0,127.0,448
2023-12-19,CC,5-6,109.0,111.0,100.0,103
2023-12-19,CT,1-2,-0.81,-0.75,-0.9,2306
2023-12-19,CT,2-3,-0.52,-0.43,-0.6,1191
2023-12-19,CT,3-4,3.27,3.43,3.2,602
2023-12-19,CT,4-5,-0.42,-0.38,-0.43,6
2023-12-19,CT,5-6,0.13,0.15,0.09,3
2023-12-19,KC,1-2,2.8,3.4,2.65,5221
2023-12-19,KC,2-3,0.2,0.3,-0.25,5798
2023-12-19,KC,3-4,-0.6,-0.45,-0.9,2168
2023-12-19,KC,4-5,-0.95,-0.85,-1.65,1551
2023-12-19,KC,5-6,-1.4,-1.25,-2.0,743
2023-12-19,SB,1-2,0.52,0.65,0.47,16901
2023-12-19,SB,2-3,0.27,0.31,0.23,12505
2023-12-19,SB,3-4,0.05,0.09,-0.03,7135
2023-12-19,SB,4-5,-0.1,-0.09,-0.19,2087
2023-12-19,SB,5-6,0.88,0.9,0.73,1068
2023-12-20,CC,1-2,45.0,54.0,43.0,3999
2023-12-20,CC,2-3,64.0,74.0,62.0,2005
2023-12-20,CC,3-4,86.0,87.0,78.0,762
2023-12-20,CC,4-5,134.0,140.0,130.0,369
2023-12-20,CC,5-6,117.0,119.0,108.0,157
2023-12-20,CT,1-2,-0.85,-0.76,-0.9,3010
2023-12-20,CT,2-3,-0.5,-0.39,-0.55,1060
2023-12-20,CT,3-4,3.18,3.49,3.14,729
2023-12-20,CT,4-5,-0.4,-0.37,-0.43,13
2023-12-20,CT,5-6,0.1,0.12,0.11,6
2023-12-20,KC,1-2,2.45,3.35,2.35,6357
2023-12-20,KC,2-3,0.05,0.35,,3827
2023-12-20,KC,3-4,-0.5,-0.4,-0.6,1475
2023-12-20,KC,4-5,-0.85,-0.8,-1.25,887
2023-12-20,KC,5-6,-1.15,-1.05,-1.65,819
2023-12-20,SB,1-2,0.45,0.52,0.42,13016
2023-12-20,SB,2-3,0.23,0.32,0.19,8052
2023-12-20,SB,3-4,0.01,0.09,-0.01,7039
2023-12-20,SB,4-5,-0.14,-0.09,-0.15,3662
2023-12-20,SB,5-6,0.86,0.89,0.81,1295
2023-12-21,CC,1-2,39.0,47.0,39.0,5732
2023-12-21,CC,2-3,61.0,70.0,61.0,2259
2023-12-21,CC,3-4,75.0,87.0,73.0,2161
2023-12-21,CC,4-5,130.0,135.0,124.0,1544
2023-12-21,CC,5-6,122.0,130.0,110.0,290
2023-12-21,CT,1-2,-0.89,-0.79,-0.98,3662
2023-12-21,CT,2-3,-0.41,-0.39,-0.6,2237
2023-12-21,CT,3-4,2.95,3.25,2.84,1044
2023-12-21,CT,4-5,-0.48,-0.38,-0.48,5
2023-12-21,CT,5-6,0.05,,,
2023-12-21,KC,1-2,2.5,3.1,2.3,8987
2023-12-21,KC,2-3,0.15,0.35,-0.1,4055
2023-12-21,KC,3-4,-0.5,-0.35,-0.55,1616
2023-12-21,KC,4-5,-0.8,-0.6,-0.95,791
2023-12-21,KC,5-6,-1.05,-1.0,-1.3,480
2023-12-21,SB,1-2,0.29,0.45,0.28,15779
2023-12-21,SB,2-3,0.11,0.2,0.07,11350
2023-12-21,SB,3-4,-0.05,0.02,-0.07,6910
2023-12-21,SB,4-5,-0.18,-0.12,-0.2,4269
2023-12-21,SB,5-6,0.75,0.86,0.65,1412
2023-12-22,CC,1-2,43.0,45.0,36.0,3339
2023-12-22,CC,2-3,63.0,64.0,61.0,1032
2023-12-22,CC,3-4,75.0,79.0,74.0,493
2023-12-22,CC,4-5,125.0,130.0,124.0,263
2023-12-22,CC,5-6,124.0,130.0,121.0,111
2023-12-22,CT,1-2,-0.88,-0.76,-0.95,2200
2023-12-22,CT,2-3,-0.43,-0.22,-0.5,1653
2023-12-22,CT,3-4,3.18,3.55,2.78,450
2023-12-22,CT,4-5,-0.45,-0.38,-0.5,10
2023-12-22,CT,5-6,0.05,,,
2023-12-22,KC,1-2,2.55,2.7,2.3,3570
2023-12-22,KC,2-3,0.05,0.15,,1415
2023-12-22,KC,3-4,-0.6,-0.45,-0.6,509
2023-12-22,KC,4-5,-0.75,-0.7,-0.85,430
2023-12-22,KC,5-6,-1.1,-1.0,-1.15,172
2023-12-22,SB,1-2,0.29,0.36,0.24,10945
2023-12-22,SB,2-3,0.1,0.21,0.06,7708
2023-12-22,SB,3-4,-0.03,0.02,-0.07,6256
2023-12-22,SB,4-5,-0.16,-0.12,-0.22,2129
2023-12-22,SB,5-6,0.83,0.89,0.74,1053
2023-12-26,CC,1-2,39.0,48.0,37.0,2247
2023-12-26,CC,2-3,62.0,64.0,61.0,1061
2023-12-26,CC,3-4,74.0,79.0,73.0,230
2023-12-26,CC,4-5,123.0,126.0,122.0,56
2023-12-26,CC,5-6,118.0,125.0,116.0,19
2023-12-26,CT,1-2,-0.92,-0.76,-0.96,1355
2023-12-26,CT,2-3,-0.63,-0.31,-0.68,1815
2023-12-26,CT,3-4,3.28,3.46,3.06,358
2023-12-26,CT,4-5,-0.3,-0.29,-0.42,24
2023-12-26,CT,5-6,0.12,,,
2023-12-26,KC,1-2,2.4,2.75,2.4,1990
2023-12-26,KC,2-3,-0.05,0.15,-0.2,1403
2023-12-26,KC,3-4,-0.65,-0.5,-0.65,499
2023-12-26,KC,4-5,-0.9,-0.8,-1.0,240
2023-12-26,KC,5-6,-1.15,-1.0,-1.2,114
2023-12-26,SB,1-2,0.29,0.32,0.21,5979
2023-12-26,SB,2-3,0.09,0.12,,6382
2023-12-26,SB,3-4,0.01,0.03,-0.08,4597
2023-12-26,SB,4-5,-0.16,-0.12,-0.2,683
2023-12-26,SB,5-6,0.8,0.82,0.72,175
2023-12-27,CC,1-2,40.0,43.0,36.0,3701
2023-12-27,CC,2-3,57.0,65.0,56.0,2398
2023-12-27,CC,3-4,74.0,80.0,71.0,328
2023-12-27,CC,4-5,121.0,130.0,121.0,371
2023-12-27,CC,5-6,123.0,129.0,121.0,54
2023-12-27,CT,1-2,-1.03,-0.84,-1.13,3090
2023-12-27,CT,2-3,-0.63,-0.55,-0.68,1011
2023-12-27,CT,3-4,3.45,3.52,3.3,424
2023-12-27,CT,4-5,-0.23,-0.22,-0.26,100
2023-12-27,CT,5-6,0.11,,,
2023-12-27,KC,1-2,2.4,2.7,2.35,4070
2023-12-27,KC,2-3,-0.05,0.15,-0.05,1897
2023-12-27,KC,3-4,-0.6,-0.5,-0.65,756
2023-12-27,KC,4-5,-0.8,-0.65,-0.95,443
2023-12-27,KC,5-6,-1.5,-1.15,-1.55,228
2023-12-27,SB,1-2,0.21,0.31,0.2,9510
2023-12-27,SB,2-3,0.03,0.12,0.02,7979
2023-12-27,SB,3-4,-0.02,0.03,-0.05,4831
2023-12-27,SB,4-5,-0.14,-0.1,-0.19,1946
2023-12-27,SB,5-6,0.91,0.93,0.76,631
2023-12-28,CC,1-2,35.0,41.0,34.0,5340
2023-12-28,CC,2-3,54.0,59.0,52.0,1569
2023-12-28,CC,3-4,72.0,75.0,70.0,951
2023-12-28,CC,4-5,118.0,123.0,115.0,467
2023-12-28,CC,5-6,124.0,131.0,120.0,109
2023-12-28,CT,1-2,-0.95,-0.91,-1.13,3460
2023-12-28,CT,2-3,-0.52,-0.47,-0.73,1589
2023-12-28,CT,3-4,3.68,3.82,3.35,404
2023-12-28,CT,4-5,-0.21,-0.2,-0.24,116
2023-12-28,CT,5-6,0.11,,,
2023-12-28,KC,1-2,2.25,2.65,2.15,3239
2023-12-28,KC,2-3,-0.15,0.05,-0.2,1977
2023-12-28,KC,3-4,-0.6,-0.5,-0.7,674
2023-12-28,KC,4-5,-1.15,-0.8,-1.2,684
2023-12-28,KC,5-6,-1.65,-1.35,-1.7,285
2023-12-28,SB,1-2,0.37,0.46,0.18,14783
2023-12-28,SB,2-3,0.16,0.18,0.02,9753
2023-12-28,SB,3-4,0.07,0.1,-0.02,7589
2023-12-28,SB,4-5,-0.05,-0.05,-0.14,2678
2023-12-28,SB,5-6,0.99,1.02,0.87,2476
2023-12-29,CC,1-2,34.0,37.0,34.0,4836
2023-12-29,CC,2-3,52.0,58.0,52.0,2194
2023-12-29,CC,3-4,70.0,75.0,70.0,1197
2023-12-29,CC,4-5,106.0,120.0,105.0,363
2023-12-29,CC,5-6,117.0,131.0,113.0,214
2023-12-29,CT,1-2,-1.15,-0.88,-1.18,3422
2023-12-29,CT,2-3,-0.68,-0.44,-0.7,1835
2023-12-29,CT,3-4,3.47,3.76,3.25,693
2023-12-29,CT,4-5,-0.2,-0.17,-0.3,15
2023-12-29,CT,5-6,0.12,,,
2023-12-29,KC,1-2,2.1,2.6,1.7,4483
2023-12-29,KC,2-3,-0.1,-0.05,-0.3,2450
2023-12-29,KC,3-4,-0.7,-0.6,-0.75,744
2023-12-29,KC,4-5,-1.3,-1.1,-1.45,518
2023-12-29,KC,5-6,-1.7,-1.5,-1.75,201
2023-12-29,SB,1-2,0.16,0.47,0.14,21747
2023-12-29,SB,2-3,0.01,0.22,-0.04,12025
2023-12-29,SB,3-4,-0.12,0.09,-0.12,13208
2023-12-29,SB,4-5,-0.18,-0.04,-0.22,4118
2023-12-29,SB,5-6,0.95,1.01,0.92,2128
2024-01-02,CC,1-2,37.0,42.0,34.0,5643
2024-01-02,CC,2-3,58.0,61.0,52.0,2843
2024-01-02,CC,3-4,80.0,86.0,71.0,1653
2024-01-02,CC,4-5,120.0,121.0,106.0,768
2024-01-02,CC,5-6,125.0,129.0,115.0,249
2024-01-02,CT,1-2,-1.14,-1.02,-1.21,4412
2024-01-02,CT,2-3,-0.78,-0.62,-0.79,2862
2024-01-02,CT,3-4,3.14,3.66,3.02,1030
2024-01-02,CT,4-5,-0.27,-0.18,-0.33,20
2024-01-02,CT,5-6,0.12,,,
2024-01-02,KC,1-2,2.5,2.7,2.0,4063
2024-01-02,KC,2-3,-0.1,,-0.2,1896
2024-01-02,KC,3-4,-0.75,-0.65,-0.85,670
2024-01-02,KC,4-5,-1.3,-1.15,-1.45,407
2024-01-02,KC,5-6,-1.75,-1.65,-1.75,141
2024-01-02,SB,1-2,0.32,0.35,0.15,13007
2024-01-02,SB,2-3,0.09,0.19,0.01,11585
2024-01-02,SB,3-4,-0.08,-0.01,-0.12,6157
2024-01-02,SB,4-5,-0.18,-0.14,-0.2,2984
2024-01-02,SB,5-6,0.97,1.01,0.95,850
2024-01-03,CC,1-2,33.0,40.0,32.0,5695
2024-01-03,CC,2-3,56.0,62.0,53.0,3069
2024-01-03,CC,3-4,78.0,85.0,74.0,1118
2024-01-03,CC,4-5,108.0,120.0,108.0,628
2024-01-03,CC,5-6,118.0,130.0,117.0,166
2024-01-03,CT,1-2,-1.15,-1.07,-1.19,4706
2024-01-03,CT,2-3,-0.71,-0.62,-0.78,2167
2024-01-03,CT,3-4,3.2,3.4,3.05,537
2024-01-03,CT,4-5,-0.34,-0.31,-0.38,33
2024-01-03,CT,5-6,0.16,0.19,0.12,24
2024-01-03,KC,1-2,2.15,2.55,2.0,3402
2024-01-03,KC,2-3,-0.3,-0.15,-0.4,1969
2024-01-03,KC,3-4,-0.8,-0.75,-0.85,1014
2024-01-03,KC,4-5,-1.25,-1.1,-1.3,415
2024-01-03,KC,5-6,-1.8,-1.65,-1.8,76
2024-01-03,SB,1-2,0.34,0.35,0.27,6266
2024-01-03,SB,2-3,0.14,0.16,0.07,6818
2024-01-03,SB,3-4,-0.11,-0.03,-0.12,5211
2024-01-03,SB,4-5,-0.23,-0.16,-0.24,3705
2024-01-03,SB,5-6,0.95,1.0,0.94,806
2024-01-04,CC,1-2,35.0,37.0,32.0,4847
2024-01-04,CC,2-3,55.0,61.0,54.0,1989
2024-01-04,CC,3-4,81.0,84.0,76.0,1112
2024-01-04,CC,4-5,118.0,119.0,110.0,980
2024-01-04,CC,5-6,123.0,126.0,118.0,171
2024-01-04,CT,1-2,-1.2,-1.1,-1.23,5162
2024-01-04,CT,2-3,-0.8,-0.7,-0.8,2144
2024-01-04,CT,3-4,3.03,3.3,3.0,547
2024-01-04,CT,4-5,-0.37,-0.28,-0.4,41
2024-01-04,CT,5-6,0.12,0.2,0.12,21
2024-01-04,KC,1-2,2.05,2.4,2.0,2649
2024-01-04,KC,2-3,-0.3,-0.2,-0.3,1555
2024-01-04,KC,3-4,-0.8,-0.75,-0.85,648
2024-01-04,KC,4-5,-1.25,-1.2,-1.35,298
2024-01-04,KC,5-6,-1.7,-1.65,-1.85,108
2024-01-04,SB,1-2,0.35,0.41,0.31,7062
2024-01-04,SB,2-3,0.17,0.23,0.13,4510
2024-01-04,SB,3-4,-0.08,-0.04,-0.13,6775
2024-01-04,SB,4-5,-0.23,-0.2,-0.25,3852
2024-01-04,SB,5-6,0.9,1.0,0.8,3029
2024-01-05,CC,1-2,34.0,38.0,33.0,5211
2024-01-05,CC,2-3,48.0,59.0,46.0,3798
2024-01-05,CC,3-4,76.0,83.0,74.0,1177
2024-01-05,CC,4-5,117.0,123.0,115.0,497
2024-01-05,CC,5-6,122.0,130.0,120.0,217
2024-01-05,CT,1-2,-1.16,-1.12,-1.24,4487
2024-01-05,CT,2-3,-0.8,-0.73,-0.81,3058
2024-01-05,CT,3-4,2.86,3.11,2.81,1532
2024-01-05,CT,4-5,-0.4,-0.3,-0.41,20
2024-01-05,CT,5-6,0.08,0.18,0.08,5
2024-01-05,KC,1-2,1.7,2.2,1.65,6989
2024-01-05,KC,2-3,-0.4,-0.2,-0.45,2176
2024-01-05,KC,3-4,-0.8,-0.7,-0.85,863
2024-01-05,KC,4-5,-1.2,-1.15,-1.3,501
2024-01-05,KC,5-6,-1.65,-1.5,-1.7,217
2024-01-05,SB,1-2,0.37,0.39,0.31,7753
2024-01-05,SB,2-3,0.15,0.2,0.13,4507
2024-01-05,SB,3-4,-0.1,-0.07,-0.12,3678
2024-01-05,SB,4-5,-0.24,-0.21,-0.25,1869
2024-01-05,SB,5-6,0.9,0.91,0.84,603
2024-01-08,CC,1-2,46.0,53.0,31.0,17041
2024-01-08,CC,2-3,46.0,50.0,40.0,5171
2024-01-08,CC,3-4,65.0,76.0,61.0,2493
2024-01-08,CC,4-5,98.0,118.0,97.0,2437
2024-01-08,CC,5-6,106.0,122.0,98.0,859
2024-01-08,CT,1-2,-1.07,-0.97,-1.18,4270
2024-01-08,CT,2-3,-0.8,-0.71,-0.83,3005
2024-01-08,CT,3-4,2.95,3.09,2.79,1395
2024-01-08,CT,4-5,-0.35,-0.35,-0.43,39
2024-01-08,CT,5-6,0.07,0.07,0.07,2
2024-01-08,KC,1-2,1.75,2.05,1.65,5911
2024-01-08,KC,2-3,-0.45,-0.3,-0.6,2573
2024-01-08,KC,3-4,-0.7,-0.65,-0.8,734
2024-01-08,KC,4-5,-1.15,-1.15,-1.25,419
2024-01-08,KC,5-6,-1.7,-1.6,-1.75,40
2024-01-08,SB,1-2,0.52,0.54,0.38,11676
2024-01-08,SB,2-3,0.27,0.3,0.14,7839
2024-01-08,SB,3-4,-0.01,,-0.1,5529
2024-01-08,SB,4-5,-0.21,-0.2,-0.24,2599
2024-01-08,SB,5-6,0.94,0.95,0.89,845
2024-01-09,CC,1-2,43.0,48.0,39.0,6597
2024-01-09,CC,2-3,48.0,52.0,44.0,3026
2024-01-09,CC,3-4,70.0,75.0,61.0,1246
2024-01-09,CC,4-5,108.0,117.0,97.0,1087
2024-01-09,CC,5-6,115.0,125.0,109.0,535
2024-01-09,CT,1-2,-1.07,-0.98,-1.1,5038
2024-01-09,CT,2-3,-0.77,-0.71,-0.8,3178
2024-01-09,CT,3-4,3.12,3.33,2.97,1196
2024-01-09,CT,4-5,-0.4,-0.33,-0.41,10
2024-01-09,CT,5-6,0.07,,,
2024-01-09,KC,1-2,2.05,2.3,1.8,4466
2024-01-09,KC,2-3,-0.25,-0.1,-0.45,4774
2024-01-09,KC,3-4,-0.75,-0.55,-0.75,900
2024-01-09,KC,4-5,-1.1,-0.95,-1.15,382
2024-01-09,KC,5-6,-1.6,-1.6,-1.7,110
2024-01-09,SB,1-2,0.51,0.56,0.48,14145
2024-01-09,SB,2-3,0.26,0.33,0.23,6750
2024-01-09,SB,3-4,0.0,0.03,-0.04,4325
2024-01-09,SB,4-5,-0.2,-0.19,-0.23,2473
2024-01-09,SB,5-6,0.93,0.97,0.89,1184
2024-01-10,CC,1-2,43.0,48.0,38.0,5354
2024-01-10,CC,2-3,51.0,52.0,43.0,2750
2024-01-10,CC,3-4,68.0,72.0,64.0,922
2024-01-10,CC,4-5,107.0,114.0,103.0,559
2024-01-10,CC,5-6,115.0,120.0,113.0,209
2024-01-10,CT,1-2,-1.15,-1.02,-1.18,5448
2024-01-10,CT,2-3,-0.8,-0.72,-0.84,3503
2024-01-10,CT,3-4,2.94,3.23,2.92,1302
2024-01-10,CT,4-5,-0.35,-0.3,-0.4,56
2024-01-10,CT,5-6,0.08,,,
2024-01-10,KC,1-2,2.2,2.4,1.8,6887
2024-01-10,KC,2-3,-0.2,-0.05,-0.4,5432
2024-01-10,KC,3-4,-0.75,-0.65,-0.85,1118
2024-01-10,KC,4-5,-1.2,-1.0,-1.35,618
2024-01-10,KC,5-6,-1.6,-1.55,-1.65,93
2024-01-10,SB,1-2,0.5,0.56,0.49,10215
2024-01-10,SB,2-3,0.25,0.31,0.23,7958
2024-01-10,SB,3-4,-0.04,0.03,-0.05,6530
2024-01-10,SB,4-5,-0.23,-0.15,-0.24,3177
2024-01-10,SB,5-6,0.88,0.97,0.86,934
2024-01-11,CC,1-2,45.0,50.0,39.0,7066
2024-01-11,CC,2-3,55.0,56.0,49.0,2879
2024-01-11,CC,3-4,69.0,72.0,65.0,1051
2024-01-11,CC,4-5,114.0,118.0,105.0,628
2024-01-11,CC,5-6,120.0,124.0,112.0,199
2024-01-11,CT,1-2,-0.97,-0.93,-1.16,6482
2024-01-11,CT,2-3,-0.61,-0.58,-0.8,3853
2024-01-11,CT,3-4,3.23,3.55,2.97,1899
2024-01-11,CT,4-5,-0.33,-0.27,-0.34,47
2024-01-11,CT,5-6,0.07,0.07,0.07,1
2024-01-11,KC,1-2,3.05,3.8,2.3,8965
2024-01-11,KC,2-3,-0.05,0.2,-0.2,6712
2024-01-11,KC,3-4,-0.65,-0.55,-0.8,1792
2024-01-11,KC,4-5,-1.15,-1.15,-1.25,742
2024-01-11,KC,5-6,-1.6,-1.55,-1.65,194
2024-01-11,SB,1-2,0.53,0.57,0.45,11712
2024-01-11,SB,2-3,0.32,0.34,0.23,7600
2024-01-11,SB,3-4,0.0,0.02,-0.06,4175
2024-01-11,SB,4-5,-0.2,-0.18,-0.24,1579
2024-01-11,SB,5-6,0.96,0.98,0.86,930
2024-01-12,CC,1-2,44.0,55.0,40.0,9029
2024-01-12,CC,2-3,52.0,60.0,51.0,4005
2024-01-12,CC,3-4,74.0,81.0,68.0,1257
2024-01-12,CC,4-5,120.0,127.0,114.0,406
2024-01-12,CC,5-6,126.0,129.0,121.0,230
2024-01-12,CT,1-2,-0.98,-0.77,-1.04,5780
2024-01-12,CT,2-3,-0.65,-0.53,-0.68,3224
2024-01-12,CT,3-4,3.31,3.73,3.17,1645
2024-01-12,CT,4-5,-0.31,-0.2,-0.35,112
2024-01-12,CT,5-6,0.02,0.12,0.02,23
2024-01-12,KC,1-2,2.65,3.35,2.2,5842
2024-01-12,KC,2-3,-0.1,0.05,-0.2,3307
2024-01-12,KC,3-4,-0.65,-0.55,-0.75,859
2024-01-12,KC,4-5,-1.25,-1.15,-1.35,671
2024-01-12,KC,5-6,-1.65,-1.6,-1.75,119
2024-01-12,SB,1-2,0.53,0.59,0.52,12223
2024-01-12,SB,2-3,0.29,0.35,0.28,5585
2024-01-12,SB,3-4,-0.02,0.03,-0.03,2211
2024-01-12,SB,4-5,-0.2,-0.16,-0.21,1228
2024-01-12,SB,5-6,0.94,0.99,0.93,716
2024-01-16,CC,1-2,54.0,64.0,41.0,9437
2024-01-16,CC,2-3,61.0,64.0,53.0,6048
2024-01-16,CC,3-4,80.0,82.0,70.0,3428
2024-01-16,CC,4-5,121.0,127.0,107.0,970
2024-01-16,CC,5-6,136.0,137.0,114.0,474
2024-01-16,CT,1-2,-0.95,-0.91,-1.07,3685
2024-01-16,CT,2-3,-0.67,-0.54,-0.73,1692
2024-01-16,CT,3-4,3.36,3.41,3.16,1176
2024-01-16,CT,4-5,-0.38,-0.32,-0.4,33
2024-01-16,CT,5-6,0.03,0.05,0.03,2
2024-01-16,KC,1-2,3.2,3.6,2.8,5729
2024-01-16,KC,2-3,0.25,0.4,,4994
2024-01-16,KC,3-4,-0.6,-0.45,-0.7,1228
2024-01-16,KC,4-5,-1.15,-0.95,-1.3,600
2024-01-16,KC,5-6,-1.55,-1.4,-1.7,199
2024-01-16,SB,1-2,0.64,0.67,0.55,19293
2024-01-16,SB,2-3,0.39,0.39,0.3,9133
2024-01-16,SB,3-4,0.09,0.11,-0.01,10119
2024-01-16,SB,4-5,-0.1,-0.09,-0.19,3037
2024-01-16,SB,5-6,1.07,1.09,0.95,2552
2024-01-17,CC,1-2,61.0,68.0,54.0,7824
2024-01-17,CC,2-3,68.0,73.0,58.0,5478
2024-01-17,CC,3-4,91.0,109.0,76.0,4189
2024-01-17,CC,4-5,125.0,130.0,118.0,1040
2024-01-17,CC,5-6,138.0,143.0,135.0,325
2024-01-17,CT,1-2,-0.99,-0.85,-1.03,6653
2024-01-17,CT,2-3,-0.66,-0.53,-0.7,3260
2024-01-17,CT,3-4,3.56,4.02,3.25,1418
2024-01-17,CT,4-5,-0.35,-0.35,-0.38,33
2024-01-17,CT,5-6,0.05,0.12,0.01,14
2024-01-17,KC,1-2,3.2,3.35,2.9,6173
2024-01-17,KC,2-3,0.15,0.4,0.05,2781
2024-01-17,KC,3-4,-0.6,-0.5,-0.7,906
2024-01-17,KC,4-5,-1.2,-1.05,-1.35,524
2024-01-17,KC,5-6,-1.65,-1.45,-1.65,153
2024-01-17,SB,1-2,0.61,0.7,0.6,18782
2024-01-17,SB,2-3,0.35,0.42,0.34,9254
2024-01-17,SB,3-4,0.04,0.12,0.01,6513
2024-01-17,SB,4-5,-0.13,-0.08,-0.16,2624
2024-01-17,SB,5-6,1.02,1.13,0.99,2416
2024-01-18,CC,1-2,59.0,65.0,55.0,9055
2024-01-18,CC,2-3,69.0,73.0,65.0,3979
2024-01-18,CC,3-4,99.0,103.0,93.0,2715
2024-01-18,CC,4-5,123.0,129.0,119.0,1051
2024-01-18,CC,5-6,134.0,145.0,133.0,631
2024-01-18,CT,1-2,-0.88,-0.86,-1.01,4608
2024-01-18,CT,2-3,-0.57,-0.53,-0.66,2945
2024-01-18,CT,3-4,4.1,4.12,3.6,985
2024-01-18,CT,4-5,-0.38,-0.35,-0.38,4
2024-01-18,CT,5-6,0.05,,,
2024-01-18,KC,1-2,2.95,3.2,2.2,7124
2024-01-18,KC,2-3,0.2,0.3,,3421
2024-01-18,KC,3-4,-0.5,-0.4,-0.65,1724
2024-01-18,KC,4-5,-1.2,-1.1,-1.3,873
2024-01-18,KC,5-6,-1.65,-1.55,-1.65,227
2024-01-18,SB,1-2,0.75,0.77,0.62,14512
2024-01-18,SB,2-3,0.47,0.53,0.34,9497
2024-01-18,SB,3-4,0.14,0.18,0.03,6682
2024-01-18,SB,4-5,-0.07,-0.05,-0.13,2757
2024-01-18,SB,5-6,1.1,1.11,1.0,1750
2024-01-19,CC,1-2,55.0,65.0,51.0,11399
2024-01-19,CC,2-3,78.0,82.0,67.0,4951
2024-01-19,CC,3-4,109.0,110.0,96.0,3543
2024-01-19,CC,4-5,131.0,133.0,123.0,1586
2024-01-19,CC,5-6,135.0,142.0,133.0,389
2024-01-19,CT,1-2,-0.94,-0.75,-0.96,16572
2024-01-19,CT,2-3,-0.43,-0.25,-0.56,4804
2024-01-19,CT,3-4,5.1,5.45,3.9,3346
2024-01-19,CT,4-5,-0.39,-0.32,-0.44,299
2024-01-19,CT,5-6,-0.03,0.04,-0.04,9
2024-01-19,KC,1-2,3.3,3.5,2.9,5467
2024-01-19,KC,2-3,0.5,0.75,0.25,4015
2024-01-19,KC,3-4,-0.25,-0.15,-0.5,1162
2024-01-19,KC,4-5,-1.05,-1.0,-1.2,298
2024-01-19,KC,5-6,-1.6,-1.6,-1.65,85
2024-01-19,SB,1-2,0.8,0.89,0.77,25399
2024-01-19,SB,2-3,0.56,0.6,0.48,17862
2024-01-19,SB,3-4,0.2,0.22,0.11,11606
2024-01-19,SB,4-5,-0.03,-0.02,-0.08,3622
2024-01-19,SB,5-6,1.19,1.22,1.08,1423
2024-01-22,CC,1-2,57.0,59.0,49.0,9862
2024-01-22,CC,2-3,78.0,82.0,75.0,3770
2024-01-22,CC,3-4,104.0,109.0,100.0,1809
2024-01-22,CC,4-5,128.0,134.0,126.0,726
2024-01-22,CC,5-6,132.0,137.0,130.0,127
2024-01-22,CT,1-2,-1.03,-0.92,-1.06,13038
2024-01-22,CT,2-3,-0.4,-0.33,-0.5,3863
2024-01-22,CT,3-4,5.78,5.93,5.0,1930
2024-01-22,CT,4-5,-0.16,-0.13,-0.36,313
2024-01-22,CT,5-6,0.05,0.12,0.03,46
2024-01-22,KC,1-2,4.7,5.15,3.4,9822
2024-01-22,KC,2-3,0.8,1.1,0.6,5245
2024-01-22,KC,3-4,-0.2,-0.05,-0.35,1471
2024-01-22,KC,4-5,-1.1,-0.9,-1.15,745
2024-01-22,KC,5-6,-1.5,-1.35,-1.65,157
2024-01-22,SB,1-2,0.74,0.84,0.73,12993
2024-01-22,SB,2-3,0.51,0.59,0.51,7904
2024-01-22,SB,3-4,0.15,0.22,0.14,6406
2024-01-22,SB,4-5,-0.06,-0.02,-0.07,3521
2024-01-22,SB,5-6,1.17,1.21,1.09,2362
2024-01-23,CC,1-2,77.0,163.0,54.0,20149
2024-01-23,CC,2-3,82.0,110.0,78.0,9134
2024-01-23,CC,3-4,108.0,117.0,103.0,2994
2024-01-23,CC,4-5,132.0,143.0,130.0,1975
2024-01-23,CC,5-6,127.0,139.0,126.0,399
2024-01-23,CT,1-2,-1.21,-1.03,-1.27,12077
2024-01-23,CT,2-3,-0.58,-0.35,-0.59,6342
2024-01-23,CT,3-4,5.51,5.8,5.33,3084
2024-01-23,CT,4-5,-0.14,-0.11,-0.18,228
2024-01-23,CT,5-6,0.11,0.29,0.1,282
2024-01-23,KC,1-2,5.95,6.5,4.35,9576
2024-01-23,KC,2-3,1.2,1.45,0.7,5212
2024-01-23,KC,3-4,-0.1,,-0.25,2258
2024-01-23,KC,4-5,-1.05,-0.8,-1.1,1234
2024-01-23,KC,5-6,-1.4,-1.1,-1.5,444
2024-01-23,SB,1-2,0.76,0.81,0.7,12761
2024-01-23,SB,2-3,0.58,0.61,0.48,7834
2024-01-23,SB,3-4,0.17,0.18,0.09,6079
2024-01-23,SB,4-5,-0.08,-0.06,-0.12,2630
2024-01-23,SB,5-6,1.2,1.21,1.13,1379
2024-01-24,CC,1-2,94.0,99.0,78.0,14178
2024-01-24,CC,2-3,81.0,90.0,77.0,6060
2024-01-24,CC,3-4,113.0,115.0,99.0,3672
2024-01-24,CC,4-5,137.0,140.0,130.0,1153
2024-01-24,CC,5-6,124.0,128.0,122.0,399
2024-01-24,CT,1-2,-1.2,-1.15,-1.35,9692
2024-01-24,CT,2-3,-0.61,-0.53,-0.64,4880
2024-01-24,CT,3-4,6.01,6.1,5.39,2390
2024-01-24,CT,4-5,0.03,0.1,-0.13,328
2024-01-24,CT,5-6,0.14,0.18,0.12,323
2024-01-24,KC,1-2,3.25,6.25,3.1,11287
2024-01-24,KC,2-3,0.75,1.45,0.7,4061
2024-01-24,KC,3-4,-0.05,0.5,-0.15,1777
2024-01-24,KC,4-5,-0.95,-0.55,-1.05,1435
2024-01-24,KC,5-6,-1.25,-1.15,-1.4,417
2024-01-24,SB,1-2,0.87,0.9,0.73,20125
2024-01-24,SB,2-3,0.67,0.68,0.5,12536
2024-01-24,SB,3-4,0.24,0.26,0.1,9470
2024-01-24,SB,4-5,-0.06,-0.05,-0.11,4982
2024-01-24,SB,5-6,1.27,1.28,1.15,1705
2024-01-25,CC,1-2,78.0,108.0,73.0,15331
2024-01-25,CC,2-3,75.0,83.0,71.0,5484
2024-01-25,CC,3-4,103.0,112.0,100.0,2676
2024-01-25,CC,4-5,122.0,138.0,118.0,1457
2024-01-25,CC,5-6,106.0,127.0,102.0,797
2024-01-25,CT,1-2,-1.22,-1.09,-1.29,9134
2024-01-25,CT,2-3,-0.61,-0.56,-0.65,3359
2024-01-25,CT,3-4,6.44,6.48,5.86,1846
2024-01-25,CT,4-5,0.01,0.06,-0.02,111
2024-01-25,CT,5-6,0.15,0.17,0.14,90
2024-01-25,KC,1-2,3.25,4.05,2.7,10111
2024-01-25,KC,2-3,0.8,0.9,0.6,3970
2024-01-25,KC,3-4,0.05,0.5,-0.1,1271
2024-01-25,KC,4-5,-0.85,-0.45,-1.0,886
2024-01-25,KC,5-6,-1.15,-1.05,-1.35,449
2024-01-25,SB,1-2,0.76,0.96,0.72,25810
2024-01-25,SB,2-3,0.54,0.74,0.5,13566
2024-01-25,SB,3-4,0.12,0.28,0.09,10307
2024-01-25,SB,4-5,-0.16,-0.05,-0.19,5058
2024-01-25,SB,5-6,1.22,1.3,1.21,2151
2024-01-26,CC,1-2,71.0,83.0,69.0,8469
2024-01-26,CC,2-3,69.0,77.0,67.0,3485
2024-01-26,CC,3-4,95.0,105.0,94.0,1732
2024-01-26,CC,4-5,119.0,129.0,116.0,850
2024-01-26,CC,5-6,116.0,118.0,107.0,320
2024-01-26,CT,1-2,-1.26,-1.15,-1.33,9458
2024-01-26,CT,2-3,-0.69,-0.58,-0.73,4494
2024-01-26,CT,3-4,5.7,6.37,5.62,2179
2024-01-26,CT,4-5,-0.08,,-0.09,33
2024-01-26,CT,5-6,0.15,0.16,0.15,12
2024-01-26,KC,1-2,4.4,5.1,3.3,7832
2024-01-26,KC,2-3,1.5,1.75,0.8,3111
2024-01-26,KC,3-4,0.35,0.45,-0.05,1347
2024-01-26,KC,4-5,-0.7,-0.25,-0.95,861
2024-01-26,KC,5-6,-1.05,-0.85,-1.2,428
2024-01-26,SB,1-2,0.77,0.83,0.72,18010
2024-01-26,SB,2-3,0.45,0.61,0.4,9734
2024-01-26,SB,3-4,0.04,0.14,,9538
2024-01-26,SB,4-5,-0.22,-0.13,-0.23,5478
2024-01-26,SB,5-6,1.22,1.27,1.2,749
2024-01-29,CC,1-2,65.0,76.0,61.0,14275
2024-01-29,CC,2-3,72.0,76.0,63.0,4810
2024-01-29,CC,3-4,97.0,100.0,89.0,2226
2024-01-29,CC,4-5,120.0,122.0,115.0,803
2024-01-29,CC,5-6,117.0,121.0,114.0,202
2024-01-29,CT,1-2,-1.31,-1.2,-1.32,8992
2024-01-29,CT,2-3,-0.78,-0.63,-0.8,6258
2024-01-29,CT,3-4,5.3,5.84,5.14,3906
2024-01-29,CT,4-5,-0.16,-0.01,-0.19,248
2024-01-29,CT,5-6,0.15,0.16,0.05,99
2024-01-29,KC,1-2,3.2,4.9,3.1,7481
2024-01-29,KC,2-3,0.75,1.75,0.7,3236
2024-01-29,KC,3-4,-0.05,0.4,-0.1,1225
2024-01-29,KC,4-5,-0.65,-0.35,-0.8,874
2024-01-29,KC,5-6,-0.95,-0.7,-1.05,247
2024-01-29,SB,1-2,0.78,0.87,0.73,14867
2024-01-29,SB,2-3,0.45,0.58,0.37,9685
2024-01-29,SB,3-4,0.03,0.1,,7154
2024-01-29,SB,4-5,-0.24,-0.18,-0.26,5490
2024-01-29,SB,5-6,1.21,1.29,1.19,911
2024-01-30,CC,1-2,66.0,70.0,61.0,15139
2024-01-30,CC,2-3,69.0,73.0,64.0,3673
2024-01-30,CC,3-4,90.0,96.0,86.0,1745
2024-01-30,CC,4-5,116.0,123.0,111.0,1583
2024-01-30,CC,5-6,120.0,126.0,118.0,353
2024-01-30,CT,1-2,-1.28,-1.17,-1.32,8545
2024-01-30,CT,2-3,-0.77,-0.71,-0.82,5154
2024-01-30,CT,3-4,5.56,5.68,5.0,2191
2024-01-30,CT,4-5,-0.11,-0.1,-0.21,98
2024-01-30,CT,5-6,0.14,0.14,0.14,87
2024-01-30,KC,1-2,3.75,4.25,3.2,10619
2024-01-30,KC,2-3,1.0,1.3,0.75,3401
2024-01-30,KC,3-4,0.3,0.55,,3643
2024-01-30,KC,4-5,-0.55,-0.3,-0.75,1395
2024-01-30,KC,5-6,-0.65,-0.15,-0.95,705
2024-01-30,SB,1-2,0.84,0.87,0.75,15263
2024-01-30,SB,2-3,0.46,0.51,0.39,7115
2024-01-30,SB,3-4,0.06,0.09,,6346
2024-01-30,SB,4-5,-0.22,-0.2,-0.27,7135
2024-01-30,SB,5-6,1.27,1.28,1.16,1511
2024-01-31,CC,1-2,68.0,71.0,63.0,9092
2024-01-31,CC,2-3,63.0,71.0,62.0,3552
2024-01-31,CC,3-4,86.0,90.0,83.0,1871
2024-01-31,CC,4-5,112.0,125.0,111.0,1058
2024-01-31,CC,5-6,118.0,124.0,116.0,252
2024-01-31,CT,1-2,-1.24,-1.18,-1.3,7898
2024-01-31,CT,2-3,-0.72,-0.67,-0.79,4069
2024-01-31,CT,3-4,5.63,5.82,5.35,2508
2024-01-31,CT,4-5,-0.22,-0.1,-0.25,144
2024-01-31,CT,5-6,0.11,0.14,0.12,33
2024-01-31,KC,1-2,3.1,4.05,3.05,10665
2024-01-31,KC,2-3,1.05,1.3,1.0,2629
2024-01-31,KC,3-4,0.45,0.6,0.35,1575
2024-01-31,KC,4-5,0.1,0.1,-0.4,1438
2024-01-31,KC,5-6,-0.35,-0.3,-0.6,453
2024-01-31,SB,1-2,0.88,0.9,0.78,15650
2024-01-31,SB,2-3,0.48,0.5,0.41,6160
2024-01-31,SB,3-4,0.1,0.11,0.05,5002
2024-01-31,SB,4-5,-0.17,-0.15,-0.21,3360
2024-01-31,SB,5-6,1.3,1.31,1.26,1047
2024-02-01,CC,1-2,85.0,94.0,67.0,14636
2024-02-01,CC,2-3,64.0,68.0,62.0,5970
2024-02-01,CC,3-4,92.0,97.0,86.0,2355
2024-02-01,CC,4-5,122.0,127.0,113.0,1281
2024-02-01,CC,5-6,122.0,140.0,118.0,742
2024-02-01,CT,1-2,-1.15,-1.07,-1.26,11379
2024-02-01,CT,2-3,-0.61,-0.5,-0.73,5803
2024-02-01,CT,3-4,6.39,6.66,5.5,3992
2024-02-01,CT,4-5,-0.28,-0.16,-0.34,492
2024-02-01,CT,5-6,0.09,0.14,-0.03,112
2024-02-01,KC,1-2,3.25,3.55,2.75,16736
2024-02-01,KC,2-3,1.1,1.35,0.9,3132
2024-02-01,KC,3-4,0.3,0.5,0.2,1873
2024-02-01,KC,4-5,-0.35,0.1,-0.4,1356
2024-02-01,KC,5-6,-0.4,-0.25,-0.5,307
2024-02-01,SB,1-2,0.8,0.91,0.78,16394
2024-02-01,SB,2-3,0.33,0.5,0.25,16987
2024-02-01,SB,3-4,0.01,0.12,-0.02,6722
2024-02-01,SB,4-5,-0.22,-0.17,-0.22,3209
2024-02-01,SB,5-6,1.23,1.33,1.22,1014
2024-02-02,CC,1-2,84.0,98.0,80.0,12905
2024-02-02,CC,2-3,67.0,72.0,63.0,8619
2024-02-02,CC,3-4,103.0,106.0,92.0,4223
2024-02-02,CC,4-5,132.0,135.0,118.0,1685
2024-02-02,CC,5-6,124.0,126.0,120.0,469
2024-02-02,CT,1-2,-1.04,-0.83,-1.16,11343
2024-02-02,CT,2-3,-0.55,-0.41,-0.61,4817
2024-02-02,CT,3-4,6.78,7.56,6.25,3267
2024-02-02,CT,4-5,-0.32,-0.15,-0.35,516
2024-02-02,CT,5-6,0.08,0.11,0.03,37
2024-02-02,KC,1-2,2.95,3.35,2.75,13136
2024-02-02,KC,2-3,0.9,1.3,0.85,2042
2024-02-02,KC,3-4,0.0,0.35,,1677
2024-02-02,KC,4-5,-0.4,,-0.45,1041
2024-02-02,KC,5-6,-0.65,-0.2,-0.7,363
2024-02-02,SB,1-2,0.86,0.89,0.73,30566
2024-02-02,SB,2-3,0.35,0.41,0.28,11014
2024-02-02,SB,3-4,0.05,0.11,-0.01,9276
2024-02-02,SB,4-5,-0.17,-0.15,-0.23,3231
2024-02-02,SB,5-6,1.29,1.31,1.2,1190
2024-02-05,CC,1-2,115.0,146.0,86.0,17660
2024-02-05,CC,2-3,75.0,79.0,68.0,9123
2024-02-05,CC,3-4,105.0,114.0,100.0,2935
2024-02-05,CC,4-5,150.0,154.0,132.0,2077
2024-02-05,CC,5-6,117.0,130.0,114.0,716
2024-02-05,CT,1-2,-0.99,-0.89,-1.09,12727
2024-02-05,CT,2-3,-0.49,-0.37,-0.55,6371
2024-02-05,CT,3-4,6.39,7.01,6.33,3438
2024-02-05,CT,4-5,-0.45,-0.27,-0.48,756
2024-02-05,CT,5-6,0.08,0.12,0.01,42
2024-02-05,KC,1-2,2.8,3.35,2.7,10147
2024-02-05,KC,2-3,0.9,1.1,0.8,2133
2024-02-05,KC,3-4,0.0,0.1,-0.05,1498
2024-02-05,KC,4-5,-0.5,-0.35,-0.55,690
2024-02-05,KC,5-6,-0.8,-0.55,-0.85,123
2024-02-05,SB,1-2,0.76,0.87,0.75,27051
2024-02-05,SB,2-3,0.27,0.38,0.25,10663
2024-02-05,SB,3-4,-0.02,0.07,-0.02,6698
2024-02-05,SB,4-5,-0.2,-0.14,-0.2,3464
2024-02-05,SB,5-6,1.3,1.38,1.24,1313
2024-02-06,CC,1-2,113.0,134.0,98.0,15126
2024-02-06,CC,2-3,70.0,80.0,65.0,10598
2024-02-06,CC,3-4,97.0,118.0,94.0,5299
2024-02-06,CC,4-5,138.0,165.0,132.0,2672
2024-02-06,CC,5-6,112.0,117.0,108.0,963
2024-02-06,CT,1-2,-0.86,-0.81,-0.99,9600
2024-02-06,CT,2-3,-0.47,-0.42,-0.53,3410
2024-02-06,CT,3-4,6.6,6.91,6.3,3595
2024-02-06,CT,4-5,-0.42,-0.36,-0.47,635
2024-02-06,CT,5-6,0.01,0.07,,24
2024-02-06,KC,1-2,3.1,3.15,2.75,14249
2024-02-06,KC,2-3,0.75,0.95,0.7,2574
2024-02-06,KC,3-4,-0.05,0.05,-0.15,2030
2024-02-06,KC,4-5,-0.45,-0.35,-0.6,799
2024-02-06,KC,5-6,-0.65,-0.55,-0.75,221
2024-02-06,SB,1-2,0.7,0.81,0.57,58193
2024-02-06,SB,2-3,0.34,0.35,0.22,14012
2024-02-06,SB,3-4,0.03,0.05,-0.05,7876
2024-02-06,SB,4-5,-0.19,-0.15,-0.21,3228
2024-02-06,SB,5-6,1.28,1.34,1.25,964
2024-02-07,CC,1-2,169.0,175.0,107.0,27664
2024-02-07,CC,2-3,74.0,74.0,66.0,10547
2024-02-07,CC,3-4,114.0,122.0,93.0,5124
2024-02-07,CC,4-5,148.0,163.0,132.0,2455
2024-02-07,CC,5-6,117.0,136.0,105.0,1197
2024-02-07,CT,1-2,-0.83,-0.79,-0.96,17386
2024-02-07,CT,2-3,-0.29,-0.2,-0.48,5352
2024-02-07,CT,3-4,6.79,7.26,6.55,3739
2024-02-07,CT,4-5,-0.38,-0.34,-0.41,380
2024-02-07,CT,5-6,0.02,0.08,-0.08,41
2024-02-07,KC,1-2,2.85,3.4,2.8,27439
2024-02-07,KC,2-3,0.75,0.8,0.6,4017
2024-02-07,KC,3-4,0.0,0.1,-0.1,1665
2024-02-07,KC,4-5,-0.25,-0.05,-0.45,1419
2024-02-07,KC,5-6,-0.15,-0.05,-0.6,904
2024-02-07,SB,1-2,0.68,0.8,0.66,47892
2024-02-07,SB,2-3,0.33,0.48,0.3,16270
2024-02-07,SB,3-4,0.04,0.14,0.02,11257
2024-02-07,SB,4-5,-0.17,-0.11,-0.2,5150
2024-02-07,SB,5-6,1.27,1.35,1.23,1444
2024-02-08,CC,1-2,270.0,275.0,168.0,24290
2024-02-08,CC,2-3,141.0,153.0,73.0,19154
2024-02-08,CC,3-4,152.0,203.0,115.0,6283
2024-02-08,CC,4-5,186.0,217.0,149.0,4907
2024-02-08,CC,5-6,133.0,145.0,115.0,1243
2024-02-08,CT,1-2,-0.58,-0.56,-0.86,16457
2024-02-08,CT,2-3,-0.24,-0.14,-0.39,4302
2024-02-08,CT,3-4,6.98,7.23,6.55,3934
2024-02-08,CT,4-5,-0.3,-0.29,-0.37,237
2024-02-08,CT,5-6,0.06,0.04,,7
2024-02-08,KC,1-2,2.95,3.75,2.55,30715
2024-02-08,KC,2-3,0.7,1.1,0.65,3201
2024-02-08,KC,3-4,-0.1,0.1,-0.15,1600
2024-02-08,KC,4-5,-0.25,0.05,-0.3,792
2024-02-08,KC,5-6,-0.4,-0.1,-0.45,376
2024-02-08,SB,1-2,0.77,0.79,0.64,47605
2024-02-08,SB,2-3,0.31,0.35,0.26,10159
2024-02-08,SB,3-4,0.02,0.04,-0.02,6809
2024-02-08,SB,4-5,-0.16,-0.15,-0.21,2369
2024-02-08,SB,5-6,1.29,1.32,1.23,674
2024-02-09,CC,1-2,289.0,292.0,184.0,25179
2024-02-09,CC,2-3,178.0,181.0,137.0,16955
2024-02-09,CC,3-4,158.0,198.0,128.0,6194
2024-02-09,CC,4-5,195.0,246.0,176.0,4147
2024-02-09,CC,5-6,160.0,166.0,121.0,2463
2024-02-09,CT,1-2,-0.44,-0.37,-0.7,23367
2024-02-09,CT,2-3,0.0,0.15,-0.29,10445
2024-02-09,CT,3-4,9.0,9.32,6.65,7594
2024-02-09,CT,4-5,-0.24,-0.21,-0.32,357
2024-02-09,CT,5-6,0.1,0.14,0.04,37
2024-02-09,KC,1-2,4.8,5.6,3.2,25042
2024-02-09,KC,2-3,1.3,1.45,0.85,6406
2024-02-09,KC,3-4,0.3,0.6,0.05,2857
2024-02-09,KC,4-5,0.25,0.45,-0.15,1835
2024-02-09,KC,5-6,0.05,0.45,-0.45,1013
2024-02-09,SB,1-2,0.72,0.84,0.67,38189
2024-02-09,SB,2-3,0.31,0.42,0.3,14891
2024-02-09,SB,3-4,0.02,0.09,,7516
2024-02-09,SB,4-5,-0.15,-0.1,-0.18,3483
2024-02-09,SB,5-6,1.27,1.37,1.26,866
2024-02-12,CC,1-2,277.0,292.0,213.0,11340
2024-02-12,CC,2-3,184.0,242.0,172.0,6098
2024-02-12,CC,3-4,151.0,179.0,146.0,3856
2024-02-12,CC,4-5,176.0,220.0,173.0,1855
2024-02-12,CC,5-6,169.0,187.0,142.0,808
2024-02-12,CT,1-2,-0.77,-0.43,-0.84,18337
2024-02-12,CT,2-3,-0.21,-0.01,-0.25,7008
2024-02-12,CT,3-4,8.21,9.25,7.97,3444
2024-02-12,CT,4-5,-0.21,-0.12,-0.25,284
2024-02-12,CT,5-6,0.14,0.14,0.06,77
2024-02-12,KC,1-2,4.45,5.45,3.85,10950
2024-02-12,KC,2-3,1.3,2.0,1.05,7362
2024-02-12,KC,3-4,0.1,0.55,0.1,2853
2024-02-12,KC,4-5,0.15,0.4,,985
2024-02-12,KC,5-6,-0.05,0.15,-0.1,288
2024-02-12,SB,1-2,0.72,0.81,0.68,34680
2024-02-12,SB,2-3,0.24,0.32,0.23,14105
2024-02-12,SB,3-4,-0.02,0.03,-0.03,5449
2024-02-12,SB,4-5,-0.18,-0.15,-0.19,2809
2024-02-12,SB,5-6,1.21,1.27,1.2,1134
2024-02-13,CC,1-2,349.0,357.0,264.0,9342
2024-02-13,CC,2-3,166.0,193.0,158.0,7151
2024-02-13,CC,3-4,143.0,161.0,132.0,1797
2024-02-13,CC,4-5,179.0,189.0,164.0,1340
2024-02-13,CC,5-6,170.0,187.0,160.0,661
2024-02-13,CT,1-2,-0.54,-0.46,-0.95,13109
2024-02-13,CT,2-3,-0.12,-0.03,-0.25,9986
2024-02-13,CT,3-4,8.57,9.75,8.05,5325
2024-02-13,CT,4-5,-0.17,-0.17,-0.26,153
2024-02-13,CT,5-6,0.15,0.19,0.12,16
2024-02-13,KC,1-2,4.95,5.3,4.25,8151
2024-02-13,KC,2-3,0.75,1.5,0.7,5366
2024-02-13,KC,3-4,-0.15,0.35,-0.2,3392
2024-02-13,KC,4-5,0.1,0.4,0.05,1404
2024-02-13,KC,5-6,-0.1,0.25,-0.1,188
2024-02-13,SB,1-2,0.68,0.75,0.66,27029
2024-02-13,SB,2-3,0.25,0.28,0.23,10968
2024-02-13,SB,3-4,-0.02,0.01,-0.03,5322
2024-02-13,SB,4-5,-0.17,-0.15,-0.19,2678
2024-02-13,SB,5-6,1.16,1.24,1.14,1197
2024-02-14,CC,1-2,365.0,374.0,242.0,7115
2024-02-14,CC,2-3,140.0,167.0,137.0,6837
2024-02-14,CC,3-4,130.0,149.0,126.0,3274
2024-02-14,CC,4-5,162.0,189.0,156.0,1643
2024-02-14,CC,5-6,153.0,192.0,148.0,888
2024-02-14,CT,1-2,-0.9,-0.45,-1.09,11544
2024-02-14,CT,2-3,-0.01,0.44,-0.2,11896
2024-02-14,CT,3-4,9.8,10.5,8.25,6318
2024-02-14,CT,4-5,-0.01,,-0.21,788
2024-02-14,CT,5-6,0.19,0.28,0.12,79
2024-02-14,KC,1-2,4.25,5.3,4.05,7351
2024-02-14,KC,2-3,0.65,0.9,0.5,8086
2024-02-14,KC,3-4,-0.15,0.25,-0.3,3325
2024-02-14,KC,4-5,-0.1,0.1,-0.15,865
2024-02-14,KC,5-6,-0.2,-0.05,-0.2,216
2024-02-14,SB,1-2,0.63,0.69,0.6,28552
2024-02-14,SB,2-3,0.27,0.28,0.23,15314
2024-02-14,SB,3-4,0.01,0.02,-0.04,7101
2024-02-14,SB,4-5,-0.16,-0.14,-0.18,2716
2024-02-14,SB,5-6,1.12,1.17,1.12,1332
2024-02-15,CC,1-2,356.0,391.0,323.0,5311
2024-02-15,CC,2-3,127.0,146.0,117.0,5018
2024-02-15,CC,3-4,120.0,148.0,119.0,2392
2024-02-15,CC,4-5,153.0,167.0,146.0,1736
2024-02-15,CC,5-6,138.0,147.0,120.0,1326
2024-02-15,CT,1-2,-0.68,-0.5,-0.95,5190
2024-02-15,CT,2-3,-0.02,0.35,-0.05,7044
2024-02-15,CT,3-4,10.49,10.72,9.48,3038
2024-02-15,CT,4-5,0.05,0.1,-0.08,499
2024-02-15,CT,5-6,0.21,0.23,0.2,22
2024-02-15,KC,1-2,4.15,4.6,3.85,6511
2024-02-15,KC,2-3,1.05,1.1,0.65,4314
2024-02-15,KC,3-4,0.2,0.35,-0.05,2483
2024-02-15,KC,4-5,0.05,0.15,-0.15,1184
2024-02-15,KC,5-6,-0.15,-0.05,-0.15,307
2024-02-15,SB,1-2,0.58,0.68,0.57,24064
2024-02-15,SB,2-3,0.24,0.29,0.23,13896
2024-02-15,SB,3-4,0.0,0.02,-0.01,6069
2024-02-15,SB,4-5,-0.16,-0.14,-0.18,2257
2024-02-15,SB,5-6,1.06,1.13,1.05,1511
2024-02-16,CC,1-2,365.0,374.0,320.0,4482
2024-02-16,CC,2-3,102.0,124.0,95.0,9250
2024-02-16,CC,3-4,110.0,127.0,108.0,3926
2024-02-16,CC,4-5,147.0,158.0,144.0,1976
2024-02-16,CC,5-6,109.0,144.0,107.0,965
2024-02-16,CT,1-2,-0.55,-0.41,-0.7,4282
2024-02-16,CT,2-3,-0.01,0.09,-0.05,7069
2024-02-16,CT,3-4,10.35,11.48,9.85,2510
2024-02-16,CT,4-5,0.03,0.1,,311
2024-02-16,CT,5-6,0.2,0.2,0.15,4
2024-02-16,KC,1-2,4.15,4.65,3.9,8980
2024-02-16,KC,2-3,1.1,1.4,0.85,5977
2024-02-16,KC,3-4,0.15,0.3,,2029
2024-02-16,KC,4-5,-0.25,0.1,-0.3,1097
2024-02-16,KC,5-6,-0.25,0.05,-0.3,389
2024-02-16,SB,1-2,0.49,0.6,0.48,22351
2024-02-16,SB,2-3,0.24,0.29,0.23,13799
2024-02-16,SB,3-4,-0.02,0.05,-0.02,5220
2024-02-16,SB,4-5,-0.19,-0.12,-0.19,4773
2024-02-16,SB,5-6,0.96,1.14,0.89,4201
2024-02-20,CC,1-2,370.0,375.0,252.0,3931
2024-02-20,CC,2-3,129.0,145.0,105.0,5286
2024-02-20,CC,3-4,134.0,156.0,114.0,4300
2024-02-20,CC,4-5,173.0,200.0,149.0,2332
2024-02-20,CC,5-6,168.0,182.0,110.0,1355
2024-02-20,CT,1-2,-0.5,-0.26,-0.55,7413
2024-02-20,CT,2-3,0.15,0.29,-0.1,6366
2024-02-20,CT,3-4,8.56,10.06,8.52,4192
2024-02-20,CT,4-5,-0.14,-0.01,-0.17,199
2024-02-20,CT,5-6,0.12,0.16,0.11,13
2024-02-20,KC,1-2,5.35,9.9,4.25,9033
2024-02-20,KC,2-3,1.2,1.55,1.0,4957
2024-02-20,KC,3-4,0.05,0.35,,2435
2024-02-20,KC,4-5,-0.1,,-0.25,800
2024-02-20,KC,5-6,-0.15,,-0.3,239
2024-02-20,SB,1-2,0.54,0.62,0.45,21429
2024-02-20,SB,2-3,0.2,0.25,0.19,17441
2024-02-20,SB,3-4,-0.07,,-0.08,10066
2024-02-20,SB,4-5,-0.2,-0.17,-0.21,6600
2024-02-20,SB,5-6,0.93,0.99,0.91,1003
2024-02-21,CC,1-2,337.0,371.0,303.0,2229
2024-02-21,CC,2-3,142.0,151.0,114.0,5699
2024-02-21,CC,3-4,162.0,185.0,132.0,3909
2024-02-21,CC,4-5,199.0,219.0,182.0,2284
2024-02-21,CC,5-6,201.0,220.0,172.0,944
2024-02-21,CT,1-2,-0.63,-0.15,-0.67,3636
2024-02-21,CT,2-3,0.38,0.47,0.17,6034
2024-02-21,CT,3-4,9.48,10.13,8.75,3816
2024-02-21,CT,4-5,-0.11,-0.07,-0.14,134
2024-02-21,CT,5-6,0.06,0.09,0.02,41
2024-02-21,KC,1-2,10.25,10.65,8.8,386
2024-02-21,KC,2-3,1.45,1.6,1.3,3665
2024-02-21,KC,3-4,0.3,0.35,0.15,1305
2024-02-21,KC,4-5,-0.2,-0.05,-0.25,769
2024-02-21,KC,5-6,-0.25,-0.15,-0.25,95
2024-02-21,SB,1-2,0.49,0.58,0.46,14955
2024-02-21,SB,2-3,0.17,0.22,0.16,12665
2024-02-21,SB,3-4,-0.06,-0.03,-0.08,6112
2024-02-21,SB,4-5,-0.19,-0.17,-0.21,3540
2024-02-21,SB,5-6,0.9,0.93,0.88,1588
2024-02-22,CC,1-2,309.0,344.0,180.0,684
2024-02-22,CC,2-3,156.0,173.0,130.0,8481
2024-02-22,CC,3-4,165.0,187.0,142.0,3612
2024-02-22,CC,4-5,206.0,220.0,197.0,2913
2024-02-22,CC,5-6,215.0,231.0,184.0,1653
2024-02-22,CT,1-2,-0.26,-0.01,-0.65,2139
2024-02-22,CT,2-3,0.84,0.88,0.35,6755
2024-02-22,CT,3-4,10.13,10.45,9.3,2637
2024-02-22,CT,4-5,-0.05,,-0.12,368
2024-02-22,CT,5-6,0.07,0.09,0.05,20
2024-02-22,KC,1-2,10.7,10.75,10.0,143
2024-02-22,KC,2-3,1.05,1.55,0.95,3631
2024-02-22,KC,3-4,0.1,0.35,0.05,1510
2024-02-22,KC,4-5,-0.4,-0.15,-0.55,934
2024-02-22,KC,5-6,-0.4,-0.2,-0.45,152
2024-02-22,SB,1-2,0.66,0.67,0.46,19803
2024-02-22,SB,2-3,0.21,0.25,0.11,18856
2024-02-22,SB,3-4,-0.04,-0.01,-0.09,10744
2024-02-22,SB,4-5,-0.2,-0.18,-0.24,4636
2024-02-22,SB,5-6,0.8,0.91,0.75,3617
2024-02-23,CC,1-2,306.0,315.0,181.0,76
2024-02-23,CC,2-3,300.0,326.0,157.0,8820
2024-02-23,CC,3-4,235.0,271.0,166.0,5484
2024-02-23,CC,4-5,260.0,275.0,197.0,2857
2024-02-23,CC,5-6,241.0,273.0,205.0,1460
2024-02-23,CT,1-2,1.44,1.75,-0.4,222
2024-02-23,CT,2-3,0.87,0.95,0.59,4958
2024-02-23,CT,3-4,9.23,10.57,9.1,2892
2024-02-23,CT,4-5,-0.16,-0.03,-0.22,276
2024-02-23,CT,5-6,0.03,0.14,0.01,27
2024-02-23,KC,1-2,10.7,10.95,10.3,144
2024-02-23,KC,2-3,1.25,1.35,0.95,4114
2024-02-23,KC,3-4,0.0,0.1,-0.1,1872
2024-02-23,KC,4-5,-0.3,-0.25,-0.4,691
2024-02-23,KC,5-6,-0.3,-0.2,-0.4,206
2024-02-23,SB,1-2,0.8,0.83,0.64,18485
2024-02-23,SB,2-3,0.19,0.24,0.16,12758
2024-02-23,SB,3-4,-0.05,-0.01,-0.08,6690
2024-02-23,SB,4-5,-0.21,-0.19,-0.23,4665
2024-02-23,SB,5-6,0.77,0.81,0.69,2484
2024-02-26,CC,1-2,327.0,368.0,300.0,42
2024-02-26,CC,2-3,314.0,341.0,265.0,8116
2024-02-26,CC,3-4,307.0,319.0,240.0,6251
2024-02-26,CC,4-5,324.0,347.0,269.0,3716
2024-02-26,CC,5-6,279.0,315.0,256.0,1480
2024-02-26,CT,1-2,1.78,1.75,1.75,5
2024-02-26,CT,2-3,1.12,1.19,0.78,7252
2024-02-26,CT,3-4,9.67,9.77,8.86,3089
2024-02-26,CT,4-5,-0.16,-0.09,-0.22,734
2024-02-26,CT,5-6,0.03,0.06,-0.01,15
2024-02-26,KC,1-2,10.5,10.95,9.7,48
2024-02-26,KC,2-3,0.8,1.15,0.75,3763
2024-02-26,KC,3-4,0.0,0.2,-0.1,1231
2024-02-26,KC,4-5,-0.3,-0.2,-0.35,416
2024-02-26,KC,5-6,-0.25,-0.2,-0.35,135
2024-02-26,SB,1-2,0.99,1.0,0.79,23168
2024-02-26,SB,2-3,0.24,0.27,0.15,15419
2024-02-26,SB,3-4,-0.02,0.01,-0.09,7310
2024-02-26,SB,4-5,-0.2,-0.18,-0.24,2803
2024-02-26,SB,5-6,0.81,0.83,0.75,1269
2024-02-27,CC,1-2,300.0,369.0,270.0,8
2024-02-27,CC,2-3,307.0,359.0,287.0,5122
2024-02-27,CC,3-4,299.0,314.0,272.0,3191
2024-02-27,CC,4-5,296.0,325.0,286.0,2435
2024-02-27,CC,5-6,228.0,272.0,219.0,761
2024-02-27,CT,1-2,1.95,1.95,1.95,29
2024-02-27,CT,2-3,1.12,1.5,0.81,7805
2024-02-27,CT,3-4,12.91,13.61,9.78,5688
2024-02-27,CT,4-5,-0.13,-0.05,-0.22,655
2024-02-27,CT,5-6,0.02,0.05,-0.01,112
2024-02-27,KC,1-2,11.0,11.1,10.4,90
2024-02-27,KC,2-3,1.4,1.65,0.75,5788
2024-02-27,KC,3-4,0.3,0.4,,2640
2024-02-27,KC,4-5,-0.15,,-0.45,945
2024-02-27,KC,5-6,-0.25,-0.15,-0.4,333
2024-02-27,SB,1-2,1.16,1.17,0.95,21165
2024-02-27,SB,2-3,0.31,0.35,0.25,18901
2024-02-27,SB,3-4,0.0,0.02,-0.03,9614
2024-02-27,SB,4-5,-0.17,-0.16,-0.21,2863
2024-02-27,SB,5-6,0.88,0.93,0.81,966
2024-02-28,CC,1-2,386.0,396.0,394.0,7
2024-02-28,CC,2-3,295.0,326.0,283.0,5819
2024-02-28,CC,3-4,251.0,305.0,247.0,3702
2024-02-28,CC,4-5,252.0,294.0,241.0,2793
2024-02-28,CC,5-6,189.0,228.0,152.0,1537
2024-02-28,CT,1-2,1.99,2.25,1.99,8
2024-02-28,CT,2-3,1.36,1.8,1.0,13525
2024-02-28,CT,3-4,15.44,17.94,12.75,6404
2024-02-28,CT,4-5,-0.01,0.05,-0.14,590
2024-02-28,CT,5-6,0.04,0.12,-0.01,205
2024-02-28,KC,1-2,11.6,11.65,10.6,100
2024-02-28,KC,2-3,1.4,1.65,1.2,3518
2024-02-28,KC,3-4,0.2,0.35,0.15,1407
2024-02-28,KC,4-5,-0.1,,-0.25,475
2024-02-28,KC,5-6,-0.2,-0.15,-0.25,98
2024-02-28,SB,1-2,1.32,1.35,1.04,8862
2024-02-28,SB,2-3,0.28,0.33,0.28,8666
2024-02-28,SB,3-4,-0.01,0.02,-0.02,5217
2024-02-28,SB,4-5,-0.17,-0.16,-0.18,1811
2024-02-28,SB,5-6,0.89,0.94,0.87,870
2024-02-29,CC,1-2,461.0,500.0,400.0,319
2024-02-29,CC,2-3,319.0,344.0,280.0,5902
2024-02-29,CC,3-4,256.0,277.0,247.0,3707
2024-02-29,CC,4-5,279.0,285.0,249.0,2710
2024-02-29,CC,5-6,202.0,215.0,179.0,790
2024-02-29,CT,1-2,1.99,,,
2024-02-29,CT,2-3,1.8,1.85,1.24,10526
2024-02-29,CT,3-4,13.96,14.86,12.66,4376
2024-02-29,CT,4-5,-0.1,,-0.12,329
2024-02-29,CT,5-6,0.01,0.08,-0.02,131
2024-02-29,KC,1-2,11.5,11.7,10.25,2
2024-02-29,KC,2-3,1.65,1.8,1.4,7046
2024-02-29,KC,3-4,0.2,0.4,0.15,2633
2024-02-29,KC,4-5,0.2,0.35,-0.1,976
2024-02-29,KC,5-6,-0.15,,-0.2,202
2024-02-29,SB,1-2,0.89,1.37,0.83,5073
2024-02-29,SB,2-3,0.16,0.29,0.14,22780
2024-02-29,SB,3-4,-0.08,-0.01,-0.11,15388
2024-02-29,SB,4-5,-0.23,-0.17,-0.27,7389
2024-02-29,SB,5-6,0.71,0.88,0.68,4705
2024-03-01,CC,1-2,499.0,520.0,500.0,5
2024-03-01,CC,2-3,344.0,399.0,319.0,5915
2024-03-01,CC,3-4,309.0,325.0,258.0,3687
2024-03-01,CC,4-5,330.0,337.0,278.0,2469
2024-03-01,CC,5-6,242.0,249.0,202.0,1571
2024-03-01,CT,1-2,1.8,1.85,1.01,7338
2024-03-01,CT,2-3,10.82,14.19,10.64,4686
2024-03-01,CT,3-4,-0.07,-0.04,-0.2,737
2024-03-01,CT,4-5,-0.01,0.04,-0.01,58
2024-03-01,CT,5-6,0.08,0.1,0.08,43
2024-03-01,KC,1-2,10.5,10.85,10.35,23
2024-03-01,KC,2-3,1.9,2.0,1.6,5919
2024-03-01,KC,3-4,0.3,0.4,0.2,2659
2024-03-01,KC,4-5,0.15,0.4,0.05,817
2024-03-01,KC,5-6,-0.25,-0.1,-0.3,259
2024-03-01,SB,1-2,0.18,0.22,0.12,22872
2024-03-01,SB,2-3,-0.1,-0.04,-0.12,14250
2024-03-01,SB,3-4,-0.25,-0.2,-0.28,8161
2024-03-01,SB,4-5,0.59,0.76,0.56,5511
2024-03-01,SB,5-6,0.39,0.51,0.33,3546
2024-03-04,CC,1-2,471.0,,,
2024-03-04,CC,2-3,457.0,499.0,340.0,5810
2024-03-04,CC,3-4,311.0,349.0,288.0,3895
2024-03-04,CC,4-5,335.0,377.0,314.0,1777
2024-03-04,CC,5-6,259.0,275.0,242.0,1065
2024-03-04,CT,1-2,1.21,1.4,1.0,9024
2024-03-04,CT,2-3,10.11,12.22,9.9,5761
2024-03-04,CT,3-4,-0.11,,-0.16,526
2024-03-04,CT,4-5,0.0,,-0.08,85
2024-03-04,CT,5-6,0.11,0.14,0.06,58
2024-03-04,KC,1-2,10.5,10.65,10.4,15
2024-03-04,KC,2-3,2.4,2.9,1.9,7185
2024-03-04,KC,3-4,0.75,1.2,0.25,3493
2024-03-04,KC,4-5,0.6,1.3,0.1,1587
2024-03-04,KC,5-6,-0.15,,-0.2,838
2024-03-04,SB,1-2,0.12,0.24,0.11,14330
2024-03-04,SB,2-3,-0.16,-0.06,-0.17,15189
2024-03-04,SB,3-4,-0.31,-0.21,-0.32,8060
2024-03-04,SB,4-5,0.5,0.68,0.48,5479
2024-03-04,SB,5-6,0.37,0.48,0.33,2375
2024-03-05,CC,1-2,520.0,525.0,525.0,1
2024-03-05,CC,2-3,413.0,510.0,380.0,6556
2024-03-05,CC,3-4,284.0,330.0,281.0,4757
2024-03-05,CC,4-5,318.0,346.0,313.0,1965
2024-03-05,CC,5-6,257.0,278.0,244.0,1362
2024-03-05,CT,1-2,1.17,1.22,0.87,9295
2024-03-05,CT,2-3,9.88,10.48,9.65,4338
2024-03-05,CT,3-4,-0.26,-0.08,-0.36,814
2024-03-05,CT,4-5,-0.13,-0.05,-0.29,263
2024-03-05,CT,5-6,0.0,0.08,-0.18,199
2024-03-05,KC,1-2,11.65,11.7,10.65,29
2024-03-05,KC,2-3,1.95,2.85,1.9,8030
2024-03-05,KC,3-4,0.55,1.0,0.45,2712
2024-03-05,KC,4-5,0.2,0.95,0.15,1264
2024-03-05,KC,5-6,-0.1,0.05,-0.15,476
2024-03-05,SB,1-2,0.23,0.27,0.11,14671
2024-03-05,SB,2-3,-0.1,-0.06,-0.16,7447
2024-03-05,SB,3-4,-0.25,-0.23,-0.3,4640
2024-03-05,SB,4-5,0.55,0.57,0.49,2051
2024-03-05,SB,5-6,0.39,0.41,0.35,1016
2024-03-06,CC,1-2,621.0,620.0,602.0,3
2024-03-06,CC,2-3,446.0,476.0,376.0,4897
2024-03-06,CC,3-4,311.0,343.0,280.0,5261
2024-03-06,CC,4-5,312.0,348.0,302.0,2099
2024-03-06,CC,5-6,256.0,275.0,244.0,814
2024-03-06,CT,1-2,1.29,1.4,1.12,5318
2024-03-06,CT,2-3,10.69,12.44,10.16,3677
2024-03-06,CT,3-4,-0.34,-0.2,-0.38,568
2024-03-06,CT,4-5,-0.14,-0.1,-0.22,110
2024-03-06,CT,5-6,-0.04,0.02,-0.1,62
2024-03-06,KC,1-2,8.15,11.65,7.0,43
2024-03-06,KC,2-3,2.3,2.5,2.1,4264
2024-03-06,KC,3-4,0.55,0.7,0.45,2314
2024-03-06,KC,4-5,0.3,0.65,0.2,1031
2024-03-06,KC,5-6,0.05,0.2,-0.1,243
2024-03-06,SB,1-2,0.31,0.33,0.23,17727
2024-03-06,SB,2-3,-0.07,-0.04,-0.12,6789
2024-03-06,SB,3-4,-0.24,-0.21,-0.28,5199
2024-03-06,SB,4-5,0.61,0.62,0.54,1858
2024-03-06,SB,5-6,0.45,0.46,0.37,1080
2024-03-07,CC,1-2,602.0,603.0,603.0,1
2024-03-07,CC,2-3,409.0,456.0,388.0,4723
2024-03-07,CC,3-4,322.0,335.0,286.0,3323
2024-03-07,CC,4-5,284.0,319.0,278.0,2520
2024-03-07,CC,5-6,217.0,257.0,212.0,1356
2024-03-07,CT,1-2,1.5,1.71,1.1,7645
2024-03-07,CT,2-3,13.44,13.92,10.65,5074
2024-03-07,CT,3-4,-0.33,-0.26,-0.47,658
2024-03-07,CT,4-5,-0.12,-0.11,-0.22,66
2024-03-07,CT,5-6,0.01,0.05,-0.04,39
2024-03-07,KC,1-2,6.15,7.5,6.15,12
2024-03-07,KC,2-3,2.3,2.8,2.0,10081
2024-03-07,KC,3-4,0.9,1.1,0.5,4136
2024-03-07,KC,4-5,0.45,0.9,0.3,2597
2024-03-07,KC,5-6,0.25,1.05,0.1,1388
2024-03-07,SB,1-2,0.25,0.31,0.23,15770
2024-03-07,SB,2-3,-0.12,-0.07,-0.12,7219
2024-03-07,SB,3-4,-0.27,-0.25,-0.3,4040
2024-03-07,SB,4-5,0.61,0.63,0.56,1559
2024-03-07,SB,5-6,0.44,0.47,0.4,862
2024-03-08,CC,1-2,601.0,603.0,603.0,1
2024-03-08,CC,2-3,396.0,418.0,373.0,3436
2024-03-08,CC,3-4,343.0,358.0,292.0,3043
2024-03-08,CC,4-5,286.0,297.0,275.0,1657
2024-03-08,CC,5-6,220.0,234.0,216.0,751
2024-03-08,CT,1-2,1.36,1.67,0.78,9398
2024-03-08,CT,2-3,10.93,15.28,10.63,5320
2024-03-08,CT,3-4,-0.63,-0.27,-0.69,981
2024-03-08,CT,4-5,-0.37,-0.12,-0.43,159
2024-03-08,CT,5-6,-0.16,0.02,-0.2,56
2024-03-08,KC,1-2,6.2,9.95,6.2,3
2024-03-08,KC,2-3,1.75,2.55,1.55,8600
2024-03-08,KC,3-4,0.55,1.1,0.5,2977
2024-03-08,KC,4-5,0.25,0.55,0.15,2111
2024-03-08,KC,5-6,-0.15,0.3,-0.3,494
2024-03-08,SB,1-2,0.22,0.28,0.21,13115
2024-03-08,SB,2-3,-0.07,-0.05,-0.11,8025
2024-03-08,SB,3-4,-0.26,-0.24,-0.28,2950
2024-03-08,SB,4-5,0.6,0.64,0.57,1820
2024-03-08,SB,5-6,0.42,0.45,0.4,658
2024-03-11,CC,1-2,601.0,,,
2024-03-11,CC,2-3,444.0,449.0,392.0,4882
2024-03-11,CC,3-4,443.0,479.0,341.0,4908
2024-03-11,CC,4-5,363.0,370.0,288.0,2589
2024-03-11,CC,5-6,262.0,268.0,220.0,1087
2024-03-11,CT,1-2,0.72,1.1,0.63,10255
2024-03-11,CT,2-3,11.07,12.6,10.77,4670
2024-03-11,CT,3-4,-0.62,-0.44,-0.66,821
2024-03-11,CT,4-5,-0.34,-0.28,-0.36,60
2024-03-11,CT,5-6,-0.13,-0.09,-0.14,26
2024-03-11,KC,1-2,9.35,9.95,8.15,29
2024-03-11,KC,2-3,1.85,2.05,1.4,5925
2024-03-11,KC,3-4,0.65,0.8,0.5,2143
2024-03-11,KC,4-5,0.2,0.35,0.15,1095
2024-03-11,KC,5-6,-0.15,-0.05,-0.2,517
2024-03-11,SB,1-2,0.26,0.3,0.22,16806
2024-03-11,SB,2-3,-0.01,0.01,-0.07,8974
2024-03-11,SB,3-4,-0.19,-0.18,-0.27,4170
2024-03-11,SB,4-5,0.7,0.71,0.59,1898
2024-03-11,SB,5-6,0.53,0.54,0.42,833
2024-03-12,CC,1-2,999.0,1068.0,999.0,8
2024-03-12,CC,2-3,535.0,554.0,419.0,6277
2024-03-12,CC,3-4,544.0,585.0,420.0,7471
2024-03-12,CC,4-5,419.0,453.0,329.0,3957
2024-03-12,CC,5-6,289.0,304.0,253.0,1391
2024-03-12,CT,1-2,0.64,0.77,0.53,7058
2024-03-12,CT,2-3,10.92,11.65,10.62,4365
2024-03-12,CT,3-4,-0.54,-0.5,-0.67,668
2024-03-12,CT,4-5,-0.25,-0.22,-0.38,171
2024-03-12,CT,5-6,-0.08,-0.08,-0.22,76
2024-03-12,KC,1-2,9.5,11.15,8.9,5
2024-03-12,KC,2-3,1.8,2.2,1.7,4371
2024-03-12,KC,3-4,0.45,0.7,0.35,2611
2024-03-12,KC,4-5,0.2,0.3,0.15,932
2024-03-12,KC,5-6,-0.2,-0.1,-0.2,228
2024-03-12,SB,1-2,0.26,0.28,0.24,19361
2024-03-12,SB,2-3,0.02,0.06,-0.02,12489
2024-03-12,SB,3-4,-0.14,-0.13,-0.19,8815
2024-03-12,SB,4-5,0.73,0.75,0.68,1875
2024-03-12,SB,5-6,0.54,0.57,0.5,1155
2024-03-13,CC,1-2,999.0,,,
2024-03-13,CC,2-3,553.0,609.0,527.0,5480
2024-03-13,CC,3-4,542.0,562.0,505.0,3967
2024-03-13,CC,4-5,440.0,471.0,407.0,2637
2024-03-13,CC,5-6,301.0,309.0,295.0,1068
2024-03-13,CT,1-2,0.56,0.77,0.51,5209
2024-03-13,CT,2-3,10.38,11.59,10.25,4379
2024-03-13,CT,3-4,-0.56,-0.49,-0.6,485
2024-03-13,CT,4-5,-0.31,-0.27,-0.34,24
2024-03-13,CT,5-6,-0.13,-0.09,-0.17,13
2024-03-13,KC,1-2,9.0,11.25,9.0,38
2024-03-13,KC,2-3,1.4,1.95,1.3,6100
2024-03-13,KC,3-4,0.3,0.45,0.2,3133
2024-03-13,KC,4-5,0.15,0.3,0.05,897
2024-03-13,KC,5-6,-0.25,-0.1,-0.25,340
2024-03-13,SB,1-2,0.26,0.29,0.24,15224
2024-03-13,SB,2-3,0.06,0.07,0.01,10436
2024-03-13,SB,3-4,-0.13,-0.1,-0.17,7905
2024-03-13,SB,4-5,0.71,0.76,0.66,2202
2024-03-13,SB,5-6,0.5,0.55,0.45,693
2024-03-14,CC,1-2,646.0,699.0,573.0,6862
2024-03-14,CC,2-3,662.0,695.0,540.0,4522
2024-03-14,CC,3-4,613.0,621.0,437.0,5207
2024-03-14,CC,4-5,366.0,414.0,304.0,1996
2024-03-14,CC,5-6,237.0,271.0,211.0,728
2024-03-14,CT,1-2,0.22,0.65,0.18,8185
2024-03-14,CT,2-3,9.83,11.0,9.78,3976
2024-03-14,CT,3-4,-0.84,-0.54,-0.87,1600
2024-03-14,CT,4-5,-0.4,-0.24,-0.42,172
2024-03-14,CT,5-6,-0.14,-0.06,-0.15,74
2024-03-14,KC,1-2,7.5,8.9,7.3,19
2024-03-14,KC,2-3,1.6,1.65,1.25,6497
2024-03-14,KC,3-4,0.4,0.45,0.2,2766
2024-03-14,KC,4-5,0.25,0.4,0.15,1381
2024-03-14,KC,5-6,-0.2,-0.1,-0.3,352
2024-03-14,SB,1-2,0.26,0.35,0.24,16084
2024-03-14,SB,2-3,0.01,0.12,,10267
2024-03-14,SB,3-4,-0.15,-0.07,-0.16,4893
2024-03-14,SB,4-5,0.73,0.79,0.69,2127
2024-03-14,SB,5-6,0.48,0.53,0.46,720
2024-03-15,CC,1-2,794.0,846.0,631.0,7567
2024-03-15,CC,2-3,723.0,762.0,655.0,5879
2024-03-15,CC,3-4,825.0,850.0,608.0,5449
2024-03-15,CC,4-5,385.0,428.0,351.0,1757
2024-03-15,CC,5-6,221.0,245.0,218.0,999
2024-03-15,CT,1-2,0.35,0.41,0.1,5670
2024-03-15,CT,2-3,9.91,10.68,9.71,2454
2024-03-15,CT,3-4,-0.91,-0.77,-1.17,720
2024-03-15,CT,4-5,-0.32,-0.31,-0.51,154
2024-03-15,CT,5-6,-0.12,-0.1,-0.21,142
2024-03-15,KC,1-2,-0.1,7.95,-1.2,4
2024-03-15,KC,2-3,1.3,1.55,1.25,4882
2024-03-15,KC,3-4,0.3,0.4,0.25,2110
2024-03-15,KC,4-5,0.3,0.35,0.2,819
2024-03-15,KC,5-6,-0.2,-0.15,-0.3,404
2024-03-15,SB,1-2,0.36,0.37,0.26,10953
2024-03-15,SB,2-3,0.06,0.07,0.01,7465
2024-03-15,SB,3-4,-0.1,-0.09,-0.16,3669
2024-03-15,SB,4-5,0.82,0.83,0.74,1495
2024-03-15,SB,5-6,0.52,0.55,0.47,877
2024-03-18,CC,1-2,655.0,822.0,638.0,8149
2024-03-18,CC,2-3,614.0,779.0,585.0,6115
2024-03-18,CC,3-4,1222.0,1250.0,857.0,4598
2024-03-18,CC,4-5,419.0,492.0,362.0,1758
2024-03-18,CC,5-6,219.0,235.0,177.0,552
2024-03-18,CT,1-2,0.31,0.8,0.23,5076
2024-03-18,CT,2-3,10.45,11.78,10.12,2770
2024-03-18,CT,3-4,-0.79,-0.67,-0.89,435
2024-03-18,CT,4-5,-0.3,-0.25,-0.33,47
2024-03-18,CT,5-6,-0.12,-0.07,-0.12,20
2024-03-18,KC,1-2,0.1,,,56
2024-03-18,KC,2-3,1.15,1.45,1.1,4054
2024-03-18,KC,3-4,0.35,0.45,0.25,2720
2024-03-18,KC,4-5,0.4,0.5,0.3,1799
2024-03-18,KC,5-6,-0.15,-0.1,-0.25,307
2024-03-18,SB,1-2,0.34,0.37,0.3,10726
2024-03-18,SB,2-3,0.05,0.09,0.02,5687
2024-03-18,SB,3-4,-0.12,-0.08,-0.14,4319
2024-03-18,SB,4-5,0.86,0.88,0.82,1526
2024-03-18,SB,5-6,0.56,0.58,0.52,905
2024-03-19,CC,1-2,658.0,728.0,620.0,5314
2024-03-19,CC,2-3,595.0,737.0,566.0,3239
2024-03-19,CC,3-4,1055.0,1240.0,1014.0,2412
2024-03-19,CC,4-5,474.0,555.0,399.0,945
2024-03-19,CC,5-6,228.0,234.0,200.0,173
2024-03-19,CT,1-2,0.22,0.39,-0.12,8485
2024-03-19,CT,2-3,9.12,10.63,8.9,4356
2024-03-19,CT,3-4,-0.75,-0.71,-0.9,536
2024-03-19,CT,4-5,-0.36,-0.31,-0.38,97
2024-03-19,CT,5-6,-0.1,-0.08,-0.12,32
2024-03-19,KC,1-2,1.25,1.35,0.95,5539
2024-03-19,KC,2-3,0.35,0.45,0.25,3243
2024-03-19,KC,3-4,0.5,0.6,0.35,1554
2024-03-19,KC,4-5,-0.05,,-0.15,369
2024-03-19,KC,5-6,-0.3,-0.25,-0.35,61
2024-03-19,SB,1-2,0.28,0.37,0.26,9767
2024-03-19,SB,2-3,-0.03,0.07,-0.04,8714
2024-03-19,SB,3-4,-0.19,-0.1,-0.2,4694
2024-03-19,SB,4-5,0.81,0.88,0.78,1876
2024-03-19,SB,5-6,0.48,0.59,0.45,1263
2024-03-20,CC,1-2,563.0,665.0,486.0,9040
2024-03-20,CC,2-3,755.0,769.0,584.0,4848
2024-03-20,CC,3-4,1096.0,1141.0,889.0,2923
2024-03-20,CC,4-5,512.0,593.0,407.0,1047
2024-03-20,CC,5-6,225.0,239.0,204.0,288
2024-03-20,CT,1-2,0.06,0.28,-0.02,4558
2024-03-20,CT,2-3,8.32,9.18,8.24,2235
2024-03-20,CT,3-4,-0.78,-0.58,-0.82,369
2024-03-20,CT,4-5,-0.36,-0.28,-0.39,73
2024-03-20,CT,5-6,-0.09,-0.04,-0.11,10
2024-03-20,KC,1-2,1.0,1.4,0.85,5075
2024-03-20,KC,2-3,0.4,0.5,0.25,3580
2024-03-20,KC,3-4,0.5,0.6,0.35,1559
2024-03-20,KC,4-5,-0.05,0.05,-0.15,242
2024-03-20,KC,5-6,-0.35,-0.2,-0.35,90
2024-03-20,SB,1-2,0.3,0.3,0.24,12761
2024-03-20,SB,2-3,0.05,0.06,-0.04,8179
2024-03-20,SB,3-4,-0.11,-0.1,-0.21,6481
2024-03-20,SB,4-5,0.81,0.83,0.71,2616
2024-03-20,SB,5-6,0.53,0.55,0.41,1311
2024-03-21,CC,1-2,548.0,605.0,506.0,5213
2024-03-21,CC,2-3,792.0,813.0,656.0,3984
2024-03-21,CC,3-4,1032.0,1174.0,900.0,1578
2024-03-21,CC,4-5,614.0,649.0,552.0,654
2024-03-21,CC,5-6,258.0,263.0,220.0,97
2024-03-21,CT,1-2,-0.05,0.11,-0.11,5703
2024-03-21,CT,2-3,8.34,9.28,8.1,2490
2024-03-21,CT,3-4,-1.01,-0.71,-1.05,511
2024-03-21,CT,4-5,-0.46,-0.31,-0.49,86
2024-03-21,CT,5-6,-0.14,-0.05,-0.18,33
2024-03-21,KC,1-2,1.05,1.4,0.9,7024
2024-03-21,KC,2-3,0.6,0.75,0.35,3424
2024-03-21,KC,3-4,0.55,0.75,0.45,1806
2024-03-21,KC,4-5,-0.05,0.05,-0.1,477
2024-03-21,KC,5-6,-0.25,-0.2,-0.3,142
2024-03-21,SB,1-2,0.28,0.31,0.27,8236
2024-03-21,SB,2-3,0.04,0.07,0.01,5211
2024-03-21,SB,3-4,-0.11,-0.09,-0.14,3506
2024-03-21,SB,4-5,0.85,0.88,0.76,1500
2024-03-21,SB,5-6,0.58,0.6,0.5,1449
2024-03-22,CC,1-2,567.0,599.0,505.0,4273
2024-03-22,CC,2-3,789.0,876.0,752.0,2413
2024-03-22,CC,3-4,1033.0,1122.0,977.0,1224
2024-03-22,CC,4-5,783.0,821.0,595.0,1303
2024-03-22,CC,5-6,319.0,335.0,229.0,768
2024-03-22,CT,1-2,-0.32,0.01,-0.37,5956
2024-03-22,CT,2-3,7.9,8.89,7.87,2560
2024-03-22,CT,3-4,-0.95,-0.89,-1.02,370
2024-03-22,CT,4-5,-0.42,-0.39,-0.48,21
2024-03-22,CT,5-6,-0.11,-0.1,-0.19,15
2024-03-22,KC,1-2,0.85,1.3,0.8,9584
2024-03-22,KC,2-3,0.45,0.75,0.4,3955
2024-03-22,KC,3-4,0.4,0.7,0.35,3842
2024-03-22,KC,4-5,-0.15,0.05,-0.15,1116
2024-03-22,KC,5-6,-0.5,-0.15,-0.55,401
2024-03-22,SB,1-2,0.25,0.31,0.24,9815
2024-03-22,SB,2-3,0.0,0.06,-0.01,5657
2024-03-22,SB,3-4,-0.17,-0.08,-0.17,2742
2024-03-22,SB,4-5,0.8,0.88,0.78,951
2024-03-22,SB,5-6,0.57,0.61,0.54,737
2024-03-25,CC,1-2,573.0,637.0,532.0,5716
2024-03-25,CC,2-3,751.0,814.0,700.0,3075
2024-03-25,CC,3-4,1135.0,1148.0,963.0,1662
2024-03-25,CC,4-5,989.0,1035.0,806.0,1903
2024-03-25,CC,5-6,364.0,426.0,305.0,432
2024-03-25,CT,1-2,-0.53,-0.2,-0.61,7226
2024-03-25,CT,2-3,8.54,8.76,7.81,1696
2024-03-25,CT,3-4,-0.87,-0.86,-0.95,389
2024-03-25,CT,4-5,-0.37,-0.34,-0.41,24
2024-03-25,CT,5-6,-0.05,-0.03,-0.1,15
2024-03-25,KC,1-2,0.75,1.05,0.7,9219
2024-03-25,KC,2-3,0.4,0.55,0.35,3465
2024-03-25,KC,3-4,0.3,0.45,0.25,2238
2024-03-25,KC,4-5,-0.3,-0.1,-0.35,1025
2024-03-25,KC,5-6,-0.85,-0.5,-0.95,950
2024-03-25,SB,1-2,0.29,0.3,0.24,11207
2024-03-25,SB,2-3,0.01,0.05,-0.01,6467
2024-03-25,SB,3-4,-0.16,-0.11,-0.17,3973
2024-03-25,SB,4-5,0.81,0.85,0.79,915
2024-03-25,SB,5-6,0.59,0.61,0.56,727
2024-03-26,CC,1-2,459.0,589.0,453.0,8502
2024-03-26,CC,2-3,694.0,771.0,675.0,3166
2024-03-26,CC,3-4,1081.0,1165.0,1020.0,2206
2024-03-26,CC,4-5,981.0,1234.0,964.0,2044
2024-03-26,CC,5-6,428.0,450.0,352.0,942
2024-03-26,CT,1-2,-0.45,-0.28,-0.53,7629
2024-03-26,CT,2-3,9.56,10.25,8.78,3686
2024-03-26,CT,3-4,-0.7,-0.66,-0.88,633
2024-03-26,CT,4-5,-0.35,-0.3,-0.37,69
2024-03-26,CT,5-6,0.01,0.06,-0.07,31
2024-03-26,KC,1-2,0.8,1.0,0.7,9426
2024-03-26,KC,2-3,0.45,0.5,0.35,4046
2024-03-26,KC,3-4,0.3,0.4,0.25,2526
2024-03-26,KC,4-5,-0.45,-0.2,-0.5,951
2024-03-26,KC,5-6,-0.9,-0.6,-0.9,801
2024-03-26,SB,1-2,0.38,0.41,0.29,23527
2024-03-26,SB,2-3,0.09,0.1,0.01,9664
2024-03-26,SB,3-4,-0.09,-0.07,-0.15,10720
2024-03-26,SB,4-5,0.85,0.94,0.8,6048
2024-03-26,SB,5-6,0.63,0.64,0.59,3067
2024-03-27,CC,1-2,525.0,544.0,455.0,6156
2024-03-27,CC,2-3,714.0,730.0,615.0,3024
2024-03-27,CC,3-4,1068.0,1090.0,969.0,1753
2024-03-27,CC,4-5,976.0,1034.0,841.0,839
2024-03-27,CC,5-6,465.0,472.0,391.0,866
2024-03-27,CT,1-2,-0.67,-0.45,-0.7,7588
2024-03-27,CT,2-3,8.1,9.87,8.08,2662
2024-03-27,CT,3-4,-0.83,-0.71,-0.85,328
2024-03-27,CT,4-5,-0.36,-0.36,-0.43,55
2024-03-27,CT,5-6,-0.05,0.01,-0.15,36
2024-03-27,KC,1-2,0.75,1.1,0.55,14216
2024-03-27,KC,2-3,0.45,0.6,0.4,4856
2024-03-27,KC,3-4,0.4,0.6,0.25,2924
2024-03-27,KC,4-5,-0.55,-0.35,-0.6,1429
2024-03-27,KC,5-6,-0.9,-0.65,-0.95,1179
2024-03-27,SB,1-2,0.32,0.41,0.29,11909
2024-03-27,SB,2-3,0.04,0.1,0.02,6120
2024-03-27,SB,3-4,-0.12,-0.07,-0.15,4004
2024-03-27,SB,4-5,0.87,0.88,0.75,2670
2024-03-27,SB,5-6,0.6,0.63,0.52,1436
2024-03-28,CC,1-2,460.0,540.0,439.0,6215
2024-03-28,CC,2-3,708.0,729.0,679.0,2226
2024-03-28,CC,3-4,1065.0,1118.0,1029.0,1348
2024-03-28,CC,4-5,819.0,1010.0,804.0,710
2024-03-28,CC,5-6,432.0,504.0,407.0,146
2024-03-28,CT,1-2,-0.59,-0.45,-0.7,8075
2024-03-28,CT,2-3,7.98,9.04,7.7,2905
2024-03-28,CT,3-4,-0.77,-0.63,-0.82,853
2024-03-28,CT,4-5,-0.4,-0.34,-0.42,121
2024-03-28,CT,5-6,-0.03,0.07,-0.1,46
2024-03-28,KC,1-2,0.8,0.95,0.6,8932
2024-03-28,KC,2-3,0.45,0.6,0.4,3453
2024-03-28,KC,3-4,0.55,0.6,0.45,1176
2024-03-28,KC,4-5,-0.45,-0.4,-0.55,441
2024-03-28,KC,5-6,-0.7,-0.65,-0.85,503
2024-03-28,SB,1-2,0.37,0.4,0.3,11382
2024-03-28,SB,2-3,0.1,0.11,0.03,7707
2024-03-28,SB,3-4,-0.06,-0.05,-0.13,6494
2024-03-28,SB,4-5,0.97,0.98,0.85,5702
2024-03-28,SB,5-6,0.61,0.64,0.56,2873
2024-04-01,CC,1-2,506.0,525.0,443.0,3375
2024-04-01,CC,2-3,657.0,745.0,641.0,1323
2024-04-01,CC,3-4,948.0,1051.0,894.0,928
2024-04-01,CC,4-5,750.0,823.0,721.0,364
2024-04-01,CC,5-6,495.0,543.0,429.0,265
2024-04-01,CT,1-2,-0.55,-0.46,-0.7,5037
2024-04-01,CT,2-3,8.96,9.02,8.01,2347
2024-04-01,CT,3-4,-0.75,-0.69,-0.78,429
2024-04-01,CT,4-5,-0.4,-0.36,-0.42,107
2024-04-01,CT,5-6,-0.06,0.05,-0.14,34
2024-04-01,KC,1-2,0.7,1.0,0.6,10309
2024-04-01,KC,2-3,0.4,0.5,0.35,3807
2024-04-01,KC,3-4,0.45,0.6,0.4,1497
2024-04-01,KC,4-5,-0.35,-0.25,-0.5,411
2024-04-01,KC,5-6,-0.5,-0.4,-0.75,350
2024-04-01,SB,1-2,0.37,0.47,0.36,27145
2024-04-01,SB,2-3,0.13,0.15,0.1,9525
2024-04-01,SB,3-4,-0.03,-0.01,-0.07,9558
2024-04-01,SB,4-5,1.06,1.09,0.98,5737
2024-04-01,SB,5-6,0.65,0.68,0.6,1854
2024-04-02,CC,1-2,483.0,524.0,459.0,5868
2024-04-02,CC,2-3,674.0,710.0,629.0,2371
2024-04-02,CC,3-4,964.0,1111.0,946.0,1481
2024-04-02,CC,4-5,726.0,837.0,716.0,849
2024-04-02,CC,5-6,461.0,508.0,448.0,450
2024-04-02,CT,1-2,-0.9,-0.5,-0.95,10754
2024-04-02,CT,2-3,7.41,9.01,7.35,2693
2024-04-02,CT,3-4,-0.84,-0.7,-0.87,575
2024-04-02,CT,4-5,-0.4,-0.34,-0.41,108
2024-04-02,CT,5-6,-0.03,0.05,-0.09,82
2024-04-02,KC,1-2,0.65,1.0,0.6,18214
2024-04-02,KC,2-3,0.7,1.0,0.5,5843
2024-04-02,KC,3-4,0.8,1.15,0.45,3550
2024-04-02,KC,4-5,-0.05,0.05,-0.25,2212
2024-04-02,KC,5-6,-0.1,0.35,-0.45,1552
2024-04-02,SB,1-2,0.32,0.42,0.31,21082
2024-04-02,SB,2-3,0.03,0.16,0.02,11100
2024-04-02,SB,3-4,-0.11,-0.02,-0.12,8073
2024-04-02,SB,4-5,1.01,1.07,1.0,2306
2024-04-02,SB,5-6,0.65,0.68,0.6,899
2024-04-03,CC,1-2,474.0,494.0,435.0,8968
2024-04-03,CC,2-3,698.0,750.0,652.0,2788
2024-04-03,CC,3-4,917.0,995.0,907.0,1811
2024-04-03,CC,4-5,626.0,739.0,598.0,1110
2024-04-03,CC,5-6,364.0,471.0,340.0,533
2024-04-03,CT,1-2,-1.2,-0.87,-1.27,13041
2024-04-03,CT,2-3,6.08,7.7,6.02,2861
2024-04-03,CT,3-4,-0.89,-0.76,-0.91,549
2024-04-03,CT,4-5,-0.45,-0.35,-0.47,96
2024-04-03,CT,5-6,-0.08,0.03,-0.11,69
2024-04-03,KC,1-2,0.8,1.0,0.65,21157
2024-04-03,KC,2-3,0.7,1.25,0.55,5963
2024-04-03,KC,3-4,0.85,1.35,0.6,3641
2024-04-03,KC,4-5,0.1,0.3,-0.15,2697
2024-04-03,KC,5-6,0.3,0.45,0.05,1214
2024-04-03,SB,1-2,0.38,0.4,0.29,20300
2024-04-03,SB,2-3,0.08,0.09,0.03,7741
2024-04-03,SB,3-4,-0.09,-0.07,-0.12,5375
2024-04-03,SB,4-5,0.94,1.07,0.91,2009
2024-04-03,SB,5-6,0.59,0.69,0.57,1216
2024-04-04,CC,1-2,434.0,486.0,425.0,6999
2024-04-04,CC,2-3,654.0,713.0,644.0,2560
2024-04-04,CC,3-4,990.0,1071.0,959.0,1648
2024-04-04,CC,4-5,671.0,728.0,622.0,1185
2024-04-04,CC,5-6,365.0,369.0,310.0,344
2024-04-04,CT,1-2,-1.43,-1.15,-1.5,14470
2024-04-04,CT,2-3,5.05,6.4,5.0,2947
2024-04-04,CT,3-4,-0.99,-0.84,-1.03,567
2024-04-04,CT,4-5,-0.56,-0.45,-0.62,129
2024-04-04,CT,5-6,-0.16,-0.04,-0.16,102
2024-04-04,KC,1-2,0.95,1.3,0.8,15758
2024-04-04,KC,2-3,0.8,1.55,0.7,4148
2024-04-04,KC,3-4,0.85,1.3,0.7,3011
2024-04-04,KC,4-5,0.05,0.2,-0.1,1051
2024-04-04,KC,5-6,0.3,0.45,0.25,296
2024-04-04,SB,1-2,0.38,0.4,0.34,20160
2024-04-04,SB,2-3,0.07,0.1,0.04,5350
2024-04-04,SB,3-4,-0.1,-0.06,-0.11,3991
2024-04-04,SB,4-5,0.95,0.99,0.93,1196
2024-04-04,SB,5-6,0.61,0.64,0.58,544
2024-04-05,CC,1-2,483.0,513.0,410.0,9136
2024-04-05,CC,2-3,623.0,660.0,611.0,2523
2024-04-05,CC,3-4,978.0,1047.0,957.0,1348
2024-04-05,CC,4-5,701.0,770.0,634.0,772
2024-04-05,CC,5-6,389.0,408.0,357.0,262
2024-04-05,CT,1-2,-1.57,-1.25,-1.69,16363
2024-04-05,CT,2-3,5.17,5.64,4.89,4569
2024-04-05,CT,3-4,-0.92,-0.84,-1.05,950
2024-04-05,CT,4-5,-0.69,-0.45,-0.79,331
2024-04-05,CT,5-6,-0.26,-0.04,-0.32,173
2024-04-05,KC,1-2,1.5,2.1,1.0,28474
2024-04-05,KC,2-3,0.85,1.15,0.7,6558
2024-04-05,KC,3-4,0.85,1.45,0.7,4157
2024-04-05,KC,4-5,0.05,0.3,-0.05,1447
2024-04-05,KC,5-6,0.4,0.65,0.3,703
2024-04-05,SB,1-2,0.38,0.39,0.32,28006
2024-04-05,SB,2-3,0.06,0.08,0.02,8902
2024-04-05,SB,3-4,-0.14,-0.09,-0.15,6492
2024-04-05,SB,4-5,0.88,0.98,0.83,2312
2024-04-05,SB,5-6,0.52,0.65,0.45,3259
2024-04-08,CC,1-2,411.0,684.0,405.0,12598
2024-04-08,CC,2-3,601.0,675.0,586.0,4095
2024-04-08,CC,3-4,1017.0,1103.0,989.0,1928
2024-04-08,CC,4-5,709.0,805.0,668.0,1209
2024-04-08,CC,5-6,393.0,436.0,365.0,283
2024-04-08,CT,1-2,-1.74,-1.42,-1.8,18749
2024-04-08,CT,2-3,5.85,6.69,5.35,4855
2024-04-08,CT,3-4,-1.0,-0.84,-1.03,757
2024-04-08,CT,4-5,-0.7,-0.61,-0.74,205
2024-04-08,CT,5-6,-0.28,-0.16,-0.32,165
2024-04-08,KC,1-2,1.65,2.65,1.4,30280
2024-04-08,KC,2-3,1.0,1.15,0.85,5050
2024-04-08,KC,3-4,0.85,1.45,0.65,3475
2024-04-08,KC,4-5,0.05,0.3,-0.2,1332
2024-04-08,KC,5-6,0.4,0.65,0.2,204
2024-04-08,SB,1-2,0.33,0.4,0.32,34048
2024-04-08,SB,2-3,0.05,0.09,0.03,9370
2024-04-08,SB,3-4,-0.18,-0.11,-0.19,6414
2024-04-08,SB,4-5,0.78,0.88,0.77,2138
2024-04-08,SB,5-6,0.47,0.54,0.47,1575
2024-04-09,CC,1-2,610.0,700.0,376.0,9178
2024-04-09,CC,2-3,619.0,641.0,592.0,3499
2024-04-09,CC,3-4,1012.0,1037.0,970.0,1162
2024-04-09,CC,4-5,726.0,794.0,661.0,1455
2024-04-09,CC,5-6,423.0,459.0,374.0,360
2024-04-09,CT,1-2,-1.8,-1.71,-2.14,20449
2024-04-09,CT,2-3,6.48,6.66,5.74,5390
2024-04-09,CT,3-4,-1.07,-0.86,-1.08,1063
2024-04-09,CT,4-5,-0.78,-0.56,-0.81,283
2024-04-09,CT,5-6,-0.4,-0.16,-0.43,175
2024-04-09,KC,1-2,1.7,2.05,1.4,25335
2024-04-09,KC,2-3,0.7,1.0,0.65,6896
2024-04-09,KC,3-4,0.5,0.8,0.4,3811
2024-04-09,KC,4-5,-0.1,0.1,-0.2,837
2024-04-09,KC,5-6,0.35,0.55,0.3,232
2024-04-09,SB,1-2,0.36,0.37,0.31,44217
2024-04-09,SB,2-3,0.06,0.09,0.04,11672
2024-04-09,SB,3-4,-0.19,-0.14,-0.2,6465
2024-04-09,SB,4-5,0.73,0.78,0.72,2800
2024-04-09,SB,5-6,0.45,0.49,0.43,1453
2024-04-10,CC,1-2,540.0,689.0,514.0,5149
2024-04-10,CC,2-3,632.0,660.0,596.0,2570
2024-04-10,CC,3-4,1070.0,1088.0,991.0,1024
2024-04-10,CC,4-5,837.0,875.0,699.0,994
2024-04-10,CC,5-6,440.0,462.0,409.0,260
2024-04-10,CT,1-2,-1.76,-1.62,-2.09,22187
2024-04-10,CT,2-3,5.64,6.63,5.55,5574
2024-04-10,CT,3-4,-1.1,-0.93,-1.11,1635
2024-04-10,CT,4-5,-0.87,-0.73,-0.9,298
2024-04-10,CT,5-6,-0.53,-0.41,-0.58,160
2024-04-10,KC,1-2,2.0,2.15,1.7,16983
2024-04-10,KC,2-3,0.8,1.25,0.6,6288
2024-04-10,KC,3-4,0.7,1.2,0.5,3229
2024-04-10,KC,4-5,0.1,0.45,-0.05,1055
2024-04-10,KC,5-6,0.45,0.7,0.4,461
2024-04-10,SB,1-2,0.37,0.41,0.36,26263
2024-04-10,SB,2-3,0.08,0.09,0.05,7596
2024-04-10,SB,3-4,-0.15,-0.14,-0.19,7167
2024-04-10,SB,4-5,0.75,0.78,0.74,2812
2024-04-10,SB,5-6,0.44,0.5,0.43,1548
2024-04-11,CC,1-2,482.0,678.0,414.0,9751
2024-04-11,CC,2-3,600.0,633.0,580.0,4133
2024-04-11,CC,3-4,1002.0,1128.0,990.0,2324
2024-04-11,CC,4-5,912.0,941.0,869.0,1290
2024-04-11,CC,5-6,439.0,464.0,430.0,300
2024-04-11,CT,1-2,-1.88,-1.72,-2.02,16877
2024-04-11,CT,2-3,4.56,5.87,4.41,4704
2024-04-11,CT,3-4,-1.12,-0.95,-1.14,1274
2024-04-11,CT,4-5,-0.91,-0.84,-1.0,427
2024-04-11,CT,5-6,-0.57,-0.5,-0.63,146
2024-04-11,KC,1-2,3.0,3.7,2.05,17543
2024-04-11,KC,2-3,1.25,1.55,1.05,4665
2024-04-11,KC,3-4,1.25,1.55,0.85,3686
2024-04-11,KC,4-5,0.35,0.65,0.25,1608
2024-04-11,KC,5-6,0.6,1.1,0.55,580
2024-04-11,SB,1-2,0.32,0.37,0.3,39436
2024-04-11,SB,2-3,0.03,0.07,0.01,15008
2024-04-11,SB,3-4,-0.18,-0.15,-0.21,12676
2024-04-11,SB,4-5,0.69,0.75,0.68,4521
2024-04-11,SB,5-6,0.37,0.44,0.35,3883
2024-04-12,CC,1-2,512.0,534.0,409.0,3509
2024-04-12,CC,2-3,688.0,735.0,600.0,2410
2024-04-12,CC,3-4,1098.0,1105.0,999.0,1163
2024-04-12,CC,4-5,980.0,995.0,907.0,855
2024-04-12,CC,5-6,479.0,477.0,433.0,148
2024-04-12,CT,1-2,-1.97,-1.85,-2.15,12019
2024-04-12,CT,2-3,4.48,5.0,3.79,6026
2024-04-12,CT,3-4,-1.14,-1.06,-1.25,1085
2024-04-12,CT,4-5,-1.0,-0.9,-1.11,232
2024-04-12,CT,5-6,-0.71,-0.56,-0.75,143
2024-04-12,KC,1-2,4.2,6.75,2.9,20684
2024-04-12,KC,2-3,1.15,2.5,1.1,8502
2024-04-12,KC,3-4,0.9,2.45,0.8,4541
2024-04-12,KC,4-5,0.25,0.95,0.15,2983
2024-04-12,KC,5-6,0.9,1.65,0.85,774
2024-04-12,SB,1-2,0.32,0.36,0.25,35883
2024-04-12,SB,2-3,0.03,0.06,-0.02,17197
2024-04-12,SB,3-4,-0.16,-0.12,-0.19,6804
2024-04-12,SB,4-5,0.69,0.75,0.67,3657
2024-04-12,SB,5-6,0.33,0.4,0.3,4106
2024-04-15,CC,1-2,442.0,470.0,402.0,3670
2024-04-15,CC,2-3,591.0,687.0,580.0,3182
2024-04-15,CC,3-4,1067.0,1115.0,1060.0,1489
2024-04-15,CC,4-5,1016.0,1049.0,952.0,1581
2024-04-15,CC,5-6,477.0,507.0,427.0,458
2024-04-15,CT,1-2,-2.22,-1.88,-2.24,9577
2024-04-15,CT,2-3,4.58,5.0,4.22,3523
2024-04-15,CT,3-4,-1.21,-1.02,-1.23,905
2024-04-15,CT,4-5,-1.0,-0.83,-1.02,131
2024-04-15,CT,5-6,-0.62,-0.48,-0.65,83
2024-04-15,KC,1-2,4.7,5.5,4.2,9981
2024-04-15,KC,2-3,1.65,2.3,1.35,6849
2024-04-15,KC,3-4,1.45,2.1,1.2,4203
2024-04-15,KC,4-5,0.6,1.0,0.4,1591
2024-04-15,KC,5-6,1.15,1.6,1.0,661
2024-04-15,SB,1-2,0.2,0.33,0.18,28281
2024-04-15,SB,2-3,-0.01,0.04,-0.02,11172
2024-04-15,SB,3-4,-0.18,-0.13,-0.19,4785
2024-04-15,SB,4-5,0.66,0.73,0.66,1884
2024-04-15,SB,5-6,0.3,0.36,0.29,1502
2024-04-16,CC,1-2,424.0,448.0,370.0,2837
2024-04-16,CC,2-3,488.0,590.0,480.0,4443
2024-04-16,CC,3-4,900.0,1071.0,889.0,2172
2024-04-16,CC,4-5,930.0,1044.0,897.0,1299
2024-04-16,CC,5-6,443.0,481.0,419.0,412
2024-04-16,CT,1-2,-1.8,-1.57,-2.2,6618
2024-04-16,CT,2-3,3.95,4.88,3.25,6694
2024-04-16,CT,3-4,-1.32,-1.16,-1.35,1272
2024-04-16,CT,4-5,-1.0,-0.9,-1.04,174
2024-04-16,CT,5-6,-0.61,-0.58,-0.72,68
2024-04-16,KC,1-2,8.35,9.05,5.3,10512
2024-04-16,KC,2-3,1.55,2.4,1.35,11705
2024-04-16,KC,3-4,1.35,2.0,1.1,6419
2024-04-16,KC,4-5,0.7,1.05,0.4,1240
2024-04-16,KC,5-6,1.3,1.65,1.15,430
2024-04-16,SB,1-2,0.1,0.22,0.09,34995
2024-04-16,SB,2-3,0.01,0.04,-0.07,24728
2024-04-16,SB,3-4,-0.18,-0.15,-0.25,15717
2024-04-16,SB,4-5,0.68,0.72,0.61,6640
2024-04-16,SB,5-6,0.35,0.4,0.23,5309
2024-04-17,CC,1-2,274.0,431.0,264.0,2620
2024-04-17,CC,2-3,504.0,540.0,471.0,2198
2024-04-17,CC,3-4,893.0,926.0,880.0,932
2024-04-17,CC,4-5,924.0,969.0,901.0,681
2024-04-17,CC,5-6,461.0,480.0,424.0,222
2024-04-17,CT,1-2,-1.77,-1.62,-2.0,5604
2024-04-17,CT,2-3,2.79,4.74,2.52,6829
2024-04-17,CT,3-4,-1.3,-1.21,-1.35,1354
2024-04-17,CT,4-5,-1.07,-0.91,-1.1,128
2024-04-17,CT,5-6,-0.67,-0.6,-0.7,49
2024-04-17,KC,1-2,7.6,9.2,6.55,6864
2024-04-17,KC,2-3,1.95,2.05,1.6,8421
2024-04-17,KC,3-4,1.95,2.2,1.3,3940
2024-04-17,KC,4-5,1.05,1.1,0.8,1614
2024-04-17,KC,5-6,1.4,1.65,1.1,719
2024-04-17,SB,1-2,0.05,0.11,0.02,19434
2024-04-17,SB,2-3,-0.05,,-0.07,14546
2024-04-17,SB,3-4,-0.23,-0.18,-0.26,10623
2024-04-17,SB,4-5,0.59,0.65,0.58,3965
2024-04-17,SB,5-6,0.3,0.36,0.28,2018
2024-04-18,CC,1-2,276.0,301.0,234.0,2638
2024-04-18,CC,2-3,591.0,640.0,471.0,3529
2024-04-18,CC,3-4,1002.0,1035.0,892.0,1670
2024-04-18,CC,4-5,1071.0,1105.0,926.0,1194
2024-04-18,CC,5-6,566.0,610.0,465.0,672
2024-04-18,CT,1-2,-2.51,-1.77,-2.62,7763
2024-04-18,CT,2-3,3.2,3.36,2.05,8838
2024-04-18,CT,3-4,-1.69,-1.25,-1.77,2996
2024-04-18,CT,4-5,-1.25,-1.0,-1.26,448
2024-04-18,CT,5-6,-0.79,-0.67,-0.85,175
2024-04-18,KC,1-2,8.75,9.25,7.05,3930
2024-04-18,KC,2-3,1.75,2.1,1.6,7210
2024-04-18,KC,3-4,1.8,2.35,1.55,4543
2024-04-18,KC,4-5,0.7,1.25,0.65,1227
2024-04-18,KC,5-6,0.95,1.5,0.85,360
2024-04-18,SB,1-2,0.05,0.08,0.03,13808
2024-04-18,SB,2-3,-0.06,-0.05,-0.09,15491
2024-04-18,SB,3-4,-0.23,-0.21,-0.25,5683
2024-04-18,SB,4-5,0.64,0.65,0.57,1787
2024-04-18,SB,5-6,0.36,0.37,0.28,1108
2024-04-19,CC,1-2,417.0,577.0,219.0,2303
2024-04-19,CC,2-3,577.0,625.0,486.0,3471
2024-04-19,CC,3-4,1018.0,1075.0,888.0,1382
2024-04-19,CC,4-5,1157.0,1205.0,1040.0,920
2024-04-19,CC,5-6,597.0,640.0,565.0,464
2024-04-19,CT,1-2,-2.33,-1.8,-2.5,3784
2024-04-19,CT,2-3,3.47,3.56,2.85,4124
2024-04-19,CT,3-4,-1.58,-1.51,-1.68,1114
2024-04-19,CT,4-5,-1.15,-1.14,-1.24,86
2024-04-19,CT,5-6,-0.79,-0.74,-0.83,34
2024-04-19,KC,1-2,9.55,9.75,8.25,4647
2024-04-19,KC,2-3,1.7,2.0,1.5,6995
2024-04-19,KC,3-4,1.85,2.15,1.55,3202
2024-04-19,KC,4-5,0.8,1.1,0.65,981
2024-04-19,KC,5-6,1.1,1.45,1.0,329
2024-04-19,SB,1-2,0.23,0.25,0.04,18254
2024-04-19,SB,2-3,-0.06,-0.04,-0.1,14611
2024-04-19,SB,3-4,-0.24,-0.21,-0.27,8484
2024-04-19,SB,4-5,0.61,0.65,0.57,1575
2024-04-19,SB,5-6,0.34,0.37,0.29,1228
2024-04-22,CC,1-2,102.0,549.0,10.0,1041
2024-04-22,CC,2-3,488.0,632.0,460.0,3457
2024-04-22,CC,3-4,1008.0,1074.0,969.0,778
2024-04-22,CC,4-5,1146.0,1240.0,1110.0,881
2024-04-22,CC,5-6,593.0,647.0,544.0,494
2024-04-22,CT,1-2,-2.38,-2.04,-2.8,2392
2024-04-22,CT,2-3,3.93,4.26,3.51,3556
2024-04-22,CT,3-4,-1.56,-1.51,-1.66,948
2024-04-22,CT,4-5,-1.16,-1.08,-1.24,131
2024-04-22,CT,5-6,-0.73,-0.73,-0.8,51
2024-04-22,KC,1-2,4.0,8.25,3.55,936
2024-04-22,KC,2-3,1.9,2.05,1.6,5250
2024-04-22,KC,3-4,1.8,2.05,1.7,3034
2024-04-22,KC,4-5,0.7,0.9,0.55,913
2024-04-22,KC,5-6,1.05,1.2,0.95,269
2024-04-22,SB,1-2,0.19,0.28,0.17,12712
2024-04-22,SB,2-3,-0.07,-0.03,-0.09,10382
2024-04-22,SB,3-4,-0.25,-0.2,-0.26,5206
2024-04-22,SB,4-5,0.61,0.66,0.59,1170
2024-04-22,SB,5-6,0.32,0.37,0.31,873
2024-04-23,CC,1-2,140.0,250.0,-5.0,834
2024-04-23,CC,2-3,434.0,480.0,407.0,3580
2024-04-23,CC,3-4,928.0,1011.0,917.0,1089
2024-04-23,CC,4-5,1033.0,1203.0,1003.0,905
2024-04-23,CC,5-6,543.0,624.0,504.0,521
2024-04-23,CT,1-2,-1.5,-1.41,-2.99,1123
2024-04-23,CT,2-3,3.64,4.19,3.03,4398
2024-04-23,CT,3-4,-1.68,-1.55,-1.7,1534
2024-04-23,CT,4-5,-1.26,-1.11,-1.27,291
2024-04-23,CT,5-6,-0.72,-0.67,-0.77,106
2024-04-23,KC,1-2,2.65,4.2,2.55,130
2024-04-23,KC,2-3,1.75,2.05,1.6,5665
2024-04-23,KC,3-4,1.5,1.95,1.4,2701
2024-04-23,KC,4-5,0.6,0.7,0.4,1014
2024-04-23,KC,5-6,1.05,1.2,0.9,211
2024-04-23,SB,1-2,0.25,0.26,0.17,18909
2024-04-23,SB,2-3,-0.04,-0.03,-0.08,9130
2024-04-23,SB,3-4,-0.22,-0.21,-0.27,4038
2024-04-23,SB,4-5,0.63,0.65,0.6,1283
2024-04-23,SB,5-6,0.31,0.34,0.3,821
2024-04-24,CC,1-2,26.0,248.0,11.0,19
2024-04-24,CC,2-3,438.0,480.0,395.0,2296
2024-04-24,CC,3-4,930.0,985.0,884.0,1045
2024-04-24,CC,4-5,1055.0,1100.0,1001.0,609
2024-04-24,CC,5-6,554.0,583.0,520.0,394
2024-04-24,CT,1-2,-1.5,,,
2024-04-24,CT,2-3,3.32,3.8,3.25,3254
2024-04-24,CT,3-4,-1.62,-1.6,-1.7,557
2024-04-24,CT,4-5,-1.24,-1.17,-1.28,179
2024-04-24,CT,5-6,-0.76,-0.69,-0.79,54
2024-04-24,KC,1-2,2.55,4.0,2.5,68
2024-04-24,KC,2-3,1.65,1.85,1.55,5084
2024-04-24,KC,3-4,1.65,1.95,1.45,2518
2024-04-24,KC,4-5,0.7,0.95,0.5,810
2024-04-24,KC,5-6,1.2,1.2,1.0,130
2024-04-24,SB,1-2,0.23,0.3,0.22,12846
2024-04-24,SB,2-3,-0.03,-0.02,-0.05,9454
2024-04-24,SB,3-4,-0.22,-0.21,-0.24,2567
2024-04-24,SB,4-5,0.64,0.66,0.61,1319
2024-04-24,SB,5-6,0.33,0.34,0.3,663
2024-04-25,CC,1-2,184.0,248.0,245.0,6
2024-04-25,CC,2-3,414.0,459.0,390.0,2230
2024-04-25,CC,3-4,922.0,983.0,910.0,1711
2024-04-25,CC,4-5,982.0,1071.0,965.0,805
2024-04-25,CC,5-6,500.0,575.0,455.0,585
2024-04-25,CT,1-2,-1.5,,,
2024-04-25,CT,2-3,3.44,3.7,3.15,3889
2024-04-25,CT,3-4,-1.67,-1.55,-1.7,643
2024-04-25,CT,4-5,-1.25,-1.18,-1.29,220
2024-04-25,CT,5-6,-0.8,-0.74,-0.83,36
2024-04-25,KC,1-2,3.85,3.5,2.5,26
2024-04-25,KC,2-3,1.8,1.85,1.65,3889
2024-04-25,KC,3-4,1.85,2.0,1.75,2140
2024-04-25,KC,4-5,0.85,0.95,0.75,493
2024-04-25,KC,5-6,1.25,1.3,1.2,128
2024-04-25,SB,1-2,0.32,0.37,0.2,22923
2024-04-25,SB,2-3,-0.07,-0.04,-0.1,16906
2024-04-25,SB,3-4,-0.26,-0.23,-0.29,7664
2024-04-25,SB,4-5,0.55,0.64,0.54,2746
2024-04-25,SB,5-6,0.26,0.31,0.22,2013
2024-04-26,CC,1-2,135.0,245.0,245.0,8
2024-04-26,CC,2-3,405.0,445.0,392.0,1882
2024-04-26,CC,3-4,882.0,922.0,880.0,1440
2024-04-26,CC,4-5,970.0,1021.0,959.0,441
2024-04-26,CC,5-6,452.0,502.0,443.0,275
2024-04-26,CT,1-2,-1.5,-1.5,-1.5,1
2024-04-26,CT,2-3,3.59,3.75,3.33,3259
2024-04-26,CT,3-4,-1.69,-1.6,-1.73,843
2024-04-26,CT,4-5,-1.26,-1.2,-1.29,183
2024-04-26,CT,5-6,-0.72,-0.67,-0.76,79
2024-04-26,KC,1-2,6.6,9.0,9.0,1
2024-04-26,KC,2-3,1.6,1.85,1.5,6045
2024-04-26,KC,3-4,1.7,1.9,1.65,3228
2024-04-26,KC,4-5,0.75,0.9,0.65,638
2024-04-26,KC,5-6,1.1,1.3,1.05,219
2024-04-26,SB,1-2,0.31,0.4,0.29,15551
2024-04-26,SB,2-3,-0.09,-0.02,-0.1,16670
2024-04-26,SB,3-4,-0.29,-0.23,-0.3,8305
2024-04-26,SB,4-5,0.52,0.62,0.51,3092
2024-04-26,SB,5-6,0.27,0.31,0.24,1371
2024-04-29,CC,1-2,1052.0,725.0,426.0,30
2024-04-29,CC,2-3,398.0,458.0,391.0,5452
2024-04-29,CC,3-4,706.0,878.0,652.0,4210
2024-04-29,CC,4-5,735.0,944.0,709.0,1698
2024-04-29,CC,5-6,310.0,466.0,297.0,1135
2024-04-29,CT,1-2,-1.5,-1.5,-1.5,2
2024-04-29,CT,2-3,3.27,4.0,3.19,5717
2024-04-29,CT,3-4,-1.65,-1.6,-1.7,612
2024-04-29,CT,4-5,-1.21,-1.13,-1.26,253
2024-04-29,CT,5-6,-0.61,-0.52,-0.71,138
2024-04-29,KC,1-2,6.05,9.25,9.05,20
2024-04-29,KC,2-3,1.7,1.85,1.6,3393
2024-04-29,KC,3-4,1.8,1.9,1.65,2607
2024-04-29,KC,4-5,0.65,0.8,0.6,743
2024-04-29,KC,5-6,1.1,1.2,1.0,109
2024-04-29,SB,1-2,0.42,0.43,0.28,13965
2024-04-29,SB,2-3,-0.01,,-0.1,19605
2024-04-29,SB,3-4,-0.22,-0.21,-0.3,7090
2024-04-29,SB,4-5,0.66,0.67,0.52,3631
2024-04-29,SB,5-6,0.35,0.38,0.27,2358
2024-04-30,CC,1-2,850.0,900.0,150.0,18
2024-04-30,CC,2-3,478.0,500.0,380.0,6014
2024-04-30,CC,3-4,726.0,749.0,457.0,3279
2024-04-30,CC,4-5,750.0,773.0,650.0,2462
2024-04-30,CC,5-6,278.0,304.0,188.0,1298
2024-04-30,CT,1-2,-0.51,-0.31,-0.75,6
2024-04-30,CT,2-3,1.6,3.18,1.14,7677
2024-04-30,CT,3-4,-1.66,-1.54,-1.71,1438
2024-04-30,CT,4-5,-1.24,-1.19,-1.34,386
2024-04-30,CT,5-6,-0.7,-0.64,-0.78,101
2024-04-30,KC,1-2,4.0,4.0,2.1,18
2024-04-30,KC,2-3,1.85,2.05,1.65,8213
2024-04-30,KC,3-4,1.8,1.95,1.65,4674
2024-04-30,KC,4-5,0.45,0.7,0.4,1451
2024-04-30,KC,5-6,1.0,1.2,0.85,335
2024-04-30,SB,1-2,0.3,0.49,0.28,6388
2024-04-30,SB,2-3,-0.05,,-0.07,9343
2024-04-30,SB,3-4,-0.27,-0.21,-0.29,5268
2024-04-30,SB,4-5,0.64,0.69,0.61,1642
2024-04-30,SB,5-6,0.35,0.37,0.32,1187
2024-05-01,CC,1-2,899.0,920.0,900.0,15
2024-05-01,CC,2-3,507.0,519.0,420.0,5330
2024-05-01,CC,3-4,612.0,718.0,579.0,2606
2024-05-01,CC,4-5,658.0,780.0,650.0,1287
2024-05-01,CC,5-6,229.0,310.0,217.0,973
2024-05-01,CT,1-2,1.34,1.7,0.85,8418
2024-05-01,CT,2-3,-1.62,-1.53,-1.71,1212
2024-05-01,CT,3-4,-1.38,-1.24,-1.4,559
2024-05-01,CT,4-5,-0.86,-0.69,-0.9,271
2024-05-01,CT,5-6,4.36,4.64,4.22,37
2024-05-01,KC,1-2,3.05,7.85,2.25,12
2024-05-01,KC,2-3,1.95,2.1,1.75,6171
2024-05-01,KC,3-4,2.05,2.25,1.8,3774
2024-05-01,KC,4-5,0.6,0.75,0.45,1680
2024-05-01,KC,5-6,1.05,1.15,0.9,191
2024-05-01,SB,1-2,-0.03,-0.01,-0.06,8901
2024-05-01,SB,2-3,-0.27,-0.25,-0.29,5402
2024-05-01,SB,3-4,0.59,0.66,0.58,2442
2024-05-01,SB,4-5,0.29,0.37,0.28,1087
2024-05-01,SB,5-6,-0.06,-0.02,-0.06,571
2024-05-02,CC,1-2,920.0,937.0,920.0,22
2024-05-02,CC,2-3,457.0,525.0,415.0,6384
2024-05-02,CC,3-4,561.0,626.0,493.0,3796
2024-05-02,CC,4-5,617.0,641.0,570.0,3263
2024-05-02,CC,5-6,195.0,257.0,188.0,1271
2024-05-02,CT,1-2,1.44,1.94,1.13,6041
2024-05-02,CT,2-3,-1.44,-1.42,-1.64,1932
2024-05-02,CT,3-4,-1.35,-1.31,-1.41,402
2024-05-02,CT,4-5,-0.92,-0.83,-0.95,309
2024-05-02,CT,5-6,3.82,4.41,3.76,53
2024-05-02,KC,1-2,2.55,3.95,1.8,9
2024-05-02,KC,2-3,1.75,1.95,1.65,8075
2024-05-02,KC,3-4,1.85,2.0,1.7,3583
2024-05-02,KC,4-5,0.6,0.75,0.5,1946
2024-05-02,KC,5-6,0.95,1.0,0.8,227
2024-05-02,SB,1-2,-0.04,0.01,-0.05,15824
2024-05-02,SB,2-3,-0.28,-0.24,-0.29,5376
2024-05-02,SB,3-4,0.58,0.64,0.56,2983
2024-05-02,SB,4-5,0.25,0.33,0.2,3249
2024-05-02,SB,5-6,-0.07,-0.04,-0.08,750
2024-05-03,CC,1-2,360.0,945.0,937.0,10
2024-05-03,CC,2-3,412.0,459.0,403.0,7051
2024-05-03,CC,3-4,546.0,585.0,461.0,3486
2024-05-03,CC,4-5,612.0,642.0,550.0,2471
2024-05-03,CC,5-6,251.0,272.0,159.0,1265
2024-05-03,CT,1-2,2.09,2.48,0.8,9113
2024-05-03,CT,2-3,-1.39,-1.2,-1.52,2031
2024-05-03,CT,3-4,-1.25,-1.14,-1.37,573
2024-05-03,CT,4-5,-0.79,-0.7,-0.89,287
2024-05-03,CT,5-6,4.34,4.39,3.97,134
2024-05-03,KC,1-2,5.15,5.55,1.8,71
2024-05-03,KC,2-3,1.65,1.9,1.45,8696
2024-05-03,KC,3-4,1.7,1.9,1.6,3197
2024-05-03,KC,4-5,0.65,0.8,0.55,1542
2024-05-03,KC,5-6,0.9,1.0,0.75,382
2024-05-03,SB,1-2,-0.02,0.02,-0.04,17202
2024-05-03,SB,2-3,-0.27,-0.24,-0.28,4046
2024-05-03,SB,3-4,0.56,0.6,0.54,2263
2024-05-03,SB,4-5,0.21,0.26,0.19,1966
2024-05-03,SB,5-6,-0.08,-0.06,-0.08,459
2024-05-06,CC,1-2,983.0,945.0,945.0,4
2024-05-06,CC,2-3,422.0,429.0,381.0,3053
2024-05-06,CC,3-4,550.0,606.0,515.0,1622
2024-05-06,CC,4-5,580.0,631.0,552.0,711
2024-05-06,CC,5-6,245.0,272.0,227.0,345
2024-05-06,CT,1-2,1.75,2.5,1.5,4714
2024-05-06,CT,2-3,-1.52,-1.2,-1.55,1600
2024-05-06,CT,3-4,-1.41,-1.14,-1.45,668
2024-05-06,CT,4-5,-0.94,-0.64,-0.95,351
2024-05-06,CT,5-6,4.41,5.25,4.39,56
2024-05-06,KC,1-2,5.5,5.55,2.0,7
2024-05-06,KC,2-3,1.05,1.6,1.0,6506
2024-05-06,KC,3-4,1.3,1.7,1.2,3882
2024-05-06,KC,4-5,0.45,0.6,0.4,1425
2024-05-06,KC,5-6,0.55,0.85,0.55,484
2024-05-06,SB,1-2,0.03,0.04,-0.01,12572
2024-05-06,SB,2-3,-0.26,-0.24,-0.27,2565
2024-05-06,SB,3-4,0.53,0.57,0.53,1543
2024-05-06,SB,4-5,0.23,0.23,0.2,604
2024-05-06,SB,5-6,-0.07,-0.07,-0.1,276
2024-05-07,CC,1-2,983.0,,,
2024-05-07,CC,2-3,477.0,491.0,387.0,4406
2024-05-07,CC,3-4,704.0,729.0,520.0,2482
2024-05-07,CC,4-5,740.0,758.0,551.0,1484
2024-05-07,CC,5-6,358.0,379.0,207.0,923
2024-05-07,CT,1-2,1.75,1.97,1.29,4653
2024-05-07,CT,2-3,-1.51,-1.42,-1.55,2235
2024-05-07,CT,3-4,-1.33,-1.25,-1.4,459
2024-05-07,CT,4-5,-0.79,-0.69,-0.95,343
2024-05-07,CT,5-6,4.75,4.96,4.22,274
2024-05-07,KC,1-2,2.35,2.05,2.0,2
2024-05-07,KC,2-3,1.25,1.45,1.05,7719
2024-05-07,KC,3-4,1.15,1.5,1.05,6126
2024-05-07,KC,4-5,0.55,0.65,0.4,2312
2024-05-07,KC,5-6,0.5,0.7,0.4,890
2024-05-07,SB,1-2,0.02,0.06,0.01,22441
2024-05-07,SB,2-3,-0.23,-0.22,-0.26,9563
2024-05-07,SB,3-4,0.62,0.65,0.54,2535
2024-05-07,SB,4-5,0.29,0.32,0.23,2885
2024-05-07,SB,5-6,0.0,0.01,-0.07,1443
2024-05-08,CC,1-2,983.0,,,
2024-05-08,CC,2-3,449.0,494.0,420.0,4244
2024-05-08,CC,3-4,790.0,828.0,762.0,3015
2024-05-08,CC,4-5,787.0,854.0,742.0,1643
2024-05-08,CC,5-6,379.0,417.0,363.0,471
2024-05-08,CT,1-2,2.36,2.5,1.66,7861
2024-05-08,CT,2-3,-1.49,-1.36,-1.53,3455
2024-05-08,CT,3-4,-1.08,-1.04,-1.34,1286
2024-05-08,CT,4-5,-0.58,-0.52,-0.74,610
2024-05-08,CT,5-6,5.16,5.25,4.7,509
2024-05-08,KC,1-2,2.7,5.0,2.0,5
2024-05-08,KC,2-3,1.3,1.4,1.15,5720
2024-05-08,KC,3-4,1.25,1.3,1.1,2846
2024-05-08,KC,4-5,0.55,0.65,0.45,1001
2024-05-08,KC,5-6,0.45,0.55,0.4,342
2024-05-08,SB,1-2,-0.03,0.03,-0.04,18474
2024-05-08,SB,2-3,-0.29,-0.22,-0.3,4846
2024-05-08,SB,3-4,0.55,0.64,0.52,3939
2024-05-08,SB,4-5,0.22,0.31,0.18,3243
2024-05-08,SB,5-6,-0.03,0.02,-0.04,1168
2024-05-09,CC,1-2,983.0,,,
2024-05-09,CC,2-3,435.0,472.0,420.0,2791
2024-05-09,CC,3-4,789.0,837.0,756.0,1835
2024-05-09,CC,4-5,781.0,818.0,755.0,1329
2024-05-09,CC,5-6,369.0,395.0,351.0,528
2024-05-09,CT,1-2,2.14,2.5,1.75,9448
2024-05-09,CT,2-3,-1.55,-1.4,-1.57,1849
2024-05-09,CT,3-4,-1.19,-1.07,-1.21,443
2024-05-09,CT,4-5,-0.65,-0.6,-0.71,190
2024-05-09,CT,5-6,4.81,5.01,4.7,59
2024-05-09,KC,1-2,2.25,3.95,2.7,3
2024-05-09,KC,2-3,1.45,1.5,1.3,3459
2024-05-09,KC,3-4,1.3,1.35,1.2,2004
2024-05-09,KC,4-5,0.6,0.65,0.5,1015
2024-05-09,KC,5-6,0.5,0.55,0.4,491
2024-05-09,SB,1-2,-0.02,,-0.04,12799
2024-05-09,SB,2-3,-0.27,-0.25,-0.29,4648
2024-05-09,SB,3-4,0.58,0.6,0.54,2277
2024-05-09,SB,4-5,0.26,0.3,0.23,2666
2024-05-09,SB,5-6,0.02,0.04,-0.03,2187
2024-05-10,CC,1-2,983.0,,,
2024-05-10,CC,2-3,443.0,460.0,421.0,2629
2024-05-10,CC,3-4,804.0,833.0,759.0,1258
2024-05-10,CC,4-5,810.0,826.0,740.0,731
2024-05-10,CC,5-6,391.0,403.0,364.0,299
2024-05-10,CT,1-2,2.18,2.45,1.8,5300
2024-05-10,CT,2-3,-1.6,-1.5,-1.61,1387
2024-05-10,CT,3-4,-1.27,-1.16,-1.29,317
2024-05-10,CT,4-5,-0.81,-0.63,-0.81,189
2024-05-10,CT,5-6,4.43,4.8,4.25,49
2024-05-10,KC,1-2,3.25,,,
2024-05-10,KC,2-3,1.2,1.45,1.1,6594
2024-05-10,KC,3-4,1.15,1.35,1.1,2924
2024-05-10,KC,4-5,0.6,0.7,0.55,1628
2024-05-10,KC,5-6,0.4,0.55,0.4,316
2024-05-10,SB,1-2,-0.03,,-0.06,13362
2024-05-10,SB,2-3,-0.29,-0.26,-0.3,3773
2024-05-10,SB,3-4,0.54,0.6,0.53,995
2024-05-10,SB,4-5,0.24,0.28,0.23,1063
2024-05-10,SB,5-6,-0.01,0.03,-0.02,769
2024-05-13,CC,1-2,983.0,,,
2024-05-13,CC,2-3,385.0,435.0,350.0,5697
2024-05-13,CC,3-4,554.0,798.0,542.0,4128
2024-05-13,CC,4-5,526.0,810.0,503.0,2733
2024-05-13,CC,5-6,184.0,381.0,160.0,1565
2024-05-13,CT,1-2,2.0,2.5,1.93,4692
2024-05-13,CT,2-3,-1.49,-1.46,-1.61,2785
2024-05-13,CT,3-4,-1.13,-1.1,-1.28,1193
2024-05-13,CT,4-5,-0.48,-0.4,-0.8,923
2024-05-13,CT,5-6,4.27,4.92,4.25,45
2024-05-13,KC,1-2,4.35,4.4,2.0,4
2024-05-13,KC,2-3,0.8,1.2,0.7,7464
2024-05-13,KC,3-4,0.75,1.15,0.7,4269
2024-05-13,KC,4-5,0.5,0.65,0.45,1804
2024-05-13,KC,5-6,0.4,0.45,0.35,730
2024-05-13,SB,1-2,-0.04,-0.03,-0.08,20711
2024-05-13,SB,2-3,-0.31,-0.29,-0.34,11551
2024-05-13,SB,3-4,0.49,0.53,0.47,3073
2024-05-13,SB,4-5,0.16,0.23,0.14,3628
2024-05-13,SB,5-6,-0.09,-0.01,-0.1,1870
2024-05-14,CC,1-2,1429.0,1607.0,1607.0,1
2024-05-14,CC,2-3,407.0,458.0,375.0,2704
2024-05-14,CC,3-4,591.0,695.0,564.0,1994
2024-05-14,CC,4-5,567.0,637.0,530.0,1112
2024-05-14,CC,5-6,193.0,225.0,172.0,788
2024-05-14,CT,1-2,0.45,2.04,0.05,9521
2024-05-14,CT,2-3,-1.52,-1.45,-1.61,1321
2024-05-14,CT,3-4,-1.23,-1.16,-1.3,429
2024-05-14,CT,4-5,-0.62,-0.49,-0.74,244
2024-05-14,CT,5-6,3.78,4.33,3.65,80
2024-05-14,KC,1-2,2.0,4.4,4.4,2
2024-05-14,KC,2-3,0.95,1.15,0.75,6017
2024-05-14,KC,3-4,0.85,1.0,0.7,2177
2024-05-14,KC,4-5,0.6,0.65,0.45,810
2024-05-14,KC,5-6,0.3,0.4,0.25,624
2024-05-14,SB,1-2,-0.01,,-0.06,12516
2024-05-14,SB,2-3,-0.3,-0.29,-0.33,7665
2024-05-14,SB,3-4,0.5,0.51,0.46,2777
2024-05-14,SB,4-5,0.18,0.2,0.14,1314
2024-05-14,SB,5-6,-0.03,-0.02,-0.09,1599
2024-05-15,CC,1-2,1223.0,,,
2024-05-15,CC,2-3,457.0,470.0,385.0,2053
2024-05-15,CC,3-4,703.0,731.0,572.0,1289
2024-05-15,CC,4-5,627.0,664.0,548.0,1032
2024-05-15,CC,5-6,189.0,226.0,172.0,743
2024-05-15,CT,1-2,1.12,1.39,-0.12,8666
2024-05-15,CT,2-3,-1.56,-1.44,-1.74,2322
2024-05-15,CT,3-4,-1.23,-1.18,-1.27,530
2024-05-15,CT,4-5,-0.63,-0.58,-0.72,248
2024-05-15,CT,5-6,3.93,3.97,3.8,28
2024-05-15,KC,1-2,1.85,4.15,4.15,1
2024-05-15,KC,2-3,1.0,1.15,0.9,4013
2024-05-15,KC,3-4,0.9,1.05,0.8,2330
2024-05-15,KC,4-5,0.7,0.75,0.6,1138
2024-05-15,KC,5-6,0.3,0.4,0.25,506
2024-05-15,SB,1-2,-0.05,,-0.06,13877
2024-05-15,SB,2-3,-0.31,-0.29,-0.34,5856
2024-05-15,SB,3-4,0.48,0.5,0.45,1363
2024-05-15,SB,4-5,0.17,0.21,0.16,1116
2024-05-15,SB,5-6,-0.06,-0.02,-0.07,938
2024-05-16,CC,1-2,418.0,490.0,390.0,3600
2024-05-16,CC,2-3,648.0,754.0,602.0,1765
2024-05-16,CC,3-4,559.0,676.0,544.0,1550
2024-05-16,CC,4-5,171.0,200.0,158.0,531
2024-05-16,CC,5-6,80.0,92.0,74.0,240
2024-05-16,CT,1-2,1.05,1.5,0.56,6271
2024-05-16,CT,2-3,-1.61,-1.46,-1.65,2227
2024-05-16,CT,3-4,-1.32,-1.15,-1.36,997
2024-05-16,CT,4-5,-0.64,-0.57,-0.69,307
2024-05-16,CT,5-6,4.05,4.05,3.97,109
2024-05-16,KC,1-2,1.65,2.0,1.2,4
2024-05-16,KC,2-3,0.95,1.1,0.9,2893
2024-05-16,KC,3-4,0.9,1.0,0.8,2451
2024-05-16,KC,4-5,0.65,0.85,0.6,1091
2024-05-16,KC,5-6,0.35,0.45,0.3,516
2024-05-16,SB,1-2,-0.04,-0.01,-0.07,17576
2024-05-16,SB,2-3,-0.3,-0.26,-0.34,12550
2024-05-16,SB,3-4,0.41,0.48,0.35,9414
2024-05-16,SB,4-5,0.16,0.18,0.11,4743
2024-05-16,SB,5-6,-0.07,-0.05,-0.11,3438
2024-05-17,CC,1-2,393.0,425.0,385.0,2750
2024-05-17,CC,2-3,636.0,738.0,612.0,1451
2024-05-17,CC,3-4,548.0,608.0,525.0,900
2024-05-17,CC,4-5,175.0,201.0,162.0,285
2024-05-17,CC,5-6,84.0,94.0,76.0,117
2024-05-17,CT,1-2,0.92,1.15,0.8,2579
2024-05-17,CT,2-3,-1.61,-1.57,-1.66,629
2024-05-17,CT,3-4,-1.33,-1.3,-1.35,144
2024-05-17,CT,4-5,-0.68,-0.6,-0.69,34
2024-05-17,CT,5-6,3.93,4.06,4.05,7
2024-05-17,KC,1-2,1.55,1.25,1.1,8
2024-05-17,KC,2-3,1.15,1.2,0.95,4734
2024-05-17,KC,3-4,0.95,1.0,0.8,2342
2024-05-17,KC,4-5,0.75,0.85,0.6,1060
2024-05-17,KC,5-6,0.4,0.45,0.15,672
2024-05-17,SB,1-2,-0.06,-0.02,-0.07,9797
2024-05-17,SB,2-3,-0.3,-0.27,-0.3,4503
2024-05-17,SB,3-4,0.37,0.44,0.37,3218
2024-05-17,SB,4-5,0.14,0.17,0.12,3456
2024-05-17,SB,5-6,-0.09,-0.06,-0.1,1859
2024-05-20,CC,1-2,367.0,404.0,350.0,3190
2024-05-20,CC,2-3,652.0,695.0,536.0,2027
2024-05-20,CC,3-4,551.0,604.0,479.0,1235
2024-05-20,CC,4-5,189.0,197.0,146.0,548
2024-05-20,CC,5-6,90.0,93.0,60.0,365
2024-05-20,CT,1-2,1.02,1.39,0.65,4899
2024-05-20,CT,2-3,-1.62,-1.52,-1.64,1247
2024-05-20,CT,3-4,-1.26,-1.25,-1.35,456
2024-05-20,CT,4-5,-0.65,-0.62,-0.68,32
2024-05-20,CT,5-6,3.98,4.02,4.01,3
2024-05-20,KC,1-2,2.6,,,
2024-05-20,KC,2-3,0.95,1.25,0.9,7215
2024-05-20,KC,3-4,1.0,1.05,0.9,2730
2024-05-20,KC,4-5,0.7,0.9,0.65,1004
2024-05-20,KC,5-6,0.45,0.55,0.4,296
2024-05-20,SB,1-2,0.0,,-0.07,10699
2024-05-20,SB,2-3,-0.26,-0.26,-0.31,6150
2024-05-20,SB,3-4,0.43,0.44,0.37,2196
2024-05-20,SB,4-5,0.17,0.19,0.13,1392
2024-05-20,SB,5-6,-0.06,-0.05,-0.1,1049
2024-05-21,CC,1-2,382.0,393.0,364.0,3113
2024-05-21,CC,2-3,720.0,724.0,604.0,1696
2024-05-21,CC,3-4,586.0,603.0,517.0,650
2024-05-21,CC,4-5,193.0,199.0,166.0,463
2024-05-21,CC,5-6,90.0,96.0,77.0,225
2024-05-21,CT,1-2,1.1,1.21,0.7,7251
2024-05-21,CT,2-3,-1.61,-1.55,-1.69,1330
2024-05-21,CT,3-4,-1.29,-1.26,-1.38,380
2024-05-21,CT,4-5,-0.59,-0.55,-0.73,161
2024-05-21,CT,5-6,3.99,4.08,3.96,79
2024-05-21,KC,1-2,1.2,1.35,0.95,9378
2024-05-21,KC,2-3,1.3,1.4,0.95,4950
2024-05-21,KC,3-4,1.0,1.1,0.8,1632
2024-05-21,KC,4-5,0.7,0.9,0.45,685
2024-05-21,KC,5-6,0.55,0.7,0.35,397
2024-05-21,SB,1-2,-0.04,,-0.04,10583
2024-05-21,SB,2-3,-0.29,-0.25,-0.29,4245
2024-05-21,SB,3-4,0.41,0.44,0.4,1515
2024-05-21,SB,4-5,0.15,0.19,0.14,793
2024-05-21,SB,5-6,-0.07,-0.05,-0.08,594
2024-05-22,CC,1-2,402.0,414.0,369.0,2509
2024-05-22,CC,2-3,704.0,741.0,698.0,1828
2024-05-22,CC,3-4,595.0,627.0,552.0,652
2024-05-22,CC,4-5,184.0,206.0,178.0,333
2024-05-22,CC,5-6,102.0,113.0,89.0,193
2024-05-22,CT,1-2,2.1,2.28,1.07,7327
2024-05-22,CT,2-3,-1.55,-1.46,-1.63,2270
2024-05-22,CT,3-4,-1.26,-1.18,-1.31,1288
2024-05-22,CT,4-5,-0.28,-0.23,-0.61,430
2024-05-22,CT,5-6,4.89,4.93,4.47,397
2024-05-22,KC,1-2,1.2,1.45,1.05,8913
2024-05-22,KC,2-3,1.35,1.5,1.15,4606
2024-05-22,KC,3-4,1.05,1.2,0.9,1526
2024-05-22,KC,4-5,0.95,1.05,0.7,583
2024-05-22,KC,5-6,0.8,0.95,0.6,320
2024-05-22,SB,1-2,-0.02,-0.01,-0.05,8934
2024-05-22,SB,2-3,-0.3,-0.28,-0.31,4170
2024-05-22,SB,3-4,0.39,0.41,0.38,1728
2024-05-22,SB,4-5,0.15,0.17,0.14,1074
2024-05-22,SB,5-6,-0.07,-0.05,-0.08,431
2024-05-23,CC,1-2,451.0,469.0,401.0,4935
2024-05-23,CC,2-3,739.0,762.0,715.0,1762
2024-05-23,CC,3-4,678.0,714.0,577.0,934
2024-05-23,CC,4-5,215.0,240.0,174.0,400
2024-05-23,CC,5-6,115.0,125.0,99.0,214
2024-05-23,CT,1-2,3.1,3.49,1.9,11640
2024-05-23,CT,2-3,-1.41,-1.33,-1.57,2973
2024-05-23,CT,3-4,-1.21,-1.16,-1.3,1564
2024-05-23,CT,4-5,-0.18,,-0.37,636
2024-05-23,CT,5-6,5.7,5.75,4.6,439
2024-05-23,KC,1-2,0.85,1.2,0.8,9426
2024-05-23,KC,2-3,1.2,1.3,1.1,3811
2024-05-23,KC,3-4,0.75,0.95,0.7,1228
2024-05-23,KC,4-5,0.8,0.95,0.75,271
2024-05-23,KC,5-6,0.65,0.8,0.6,130
2024-05-23,SB,1-2,-0.01,0.02,-0.04,17205
2024-05-23,SB,2-3,-0.29,-0.29,-0.31,5695
2024-05-23,SB,3-4,0.36,0.4,0.34,3212
2024-05-23,SB,4-5,0.13,0.16,0.13,2396
2024-05-23,SB,5-6,-0.09,-0.07,-0.09,1079
2024-05-24,CC,1-2,486.0,495.0,443.0,3641
2024-05-24,CC,2-3,784.0,794.0,725.0,2396
2024-05-24,CC,3-4,714.0,722.0,660.0,1145
2024-05-24,CC,4-5,224.0,236.0,192.0,603
2024-05-24,CC,5-6,112.0,120.0,100.0,365
2024-05-24,CT,1-2,2.51,3.39,2.5,7836
2024-05-24,CT,2-3,-1.51,-1.37,-1.54,2064
2024-05-24,CT,3-4,-1.29,-1.16,-1.34,1159
2024-05-24,CT,4-5,-0.44,-0.1,-0.48,466
2024-05-24,CT,5-6,5.62,5.65,5.22,171
2024-05-24,KC,1-2,0.9,1.1,0.8,6625
2024-05-24,KC,2-3,1.25,1.4,1.2,1915
2024-05-24,KC,3-4,0.85,1.0,0.75,1274
2024-05-24,KC,4-5,0.85,0.95,0.75,152
2024-05-24,KC,5-6,0.65,0.75,0.55,69
2024-05-24,SB,1-2,0.02,0.02,-0.04,13366
2024-05-24,SB,2-3,-0.3,-0.28,-0.32,6690
2024-05-24,SB,3-4,0.39,0.4,0.34,2630
2024-05-24,SB,4-5,0.14,0.15,0.12,1501
2024-05-24,SB,5-6,-0.07,-0.07,-0.1,1205
2024-05-28,CC,1-2,654.0,680.0,466.0,5800
2024-05-28,CC,2-3,840.0,847.0,711.0,3705
2024-05-28,CC,3-4,830.0,853.0,656.0,2021
2024-05-28,CC,4-5,300.0,309.0,200.0,968
2024-05-28,CC,5-6,130.0,142.0,104.0,411
2024-05-28,CT,1-2,3.31,3.93,2.15,10527
2024-05-28,CT,2-3,-1.48,-1.34,-1.5,2463
2024-05-28,CT,3-4,-1.26,-1.1,-1.29,1110
2024-05-28,CT,4-5,-0.42,-0.05,-0.45,688
2024-05-28,CT,5-6,6.0,6.05,5.57,322
2024-05-28,KC,1-2,1.15,1.35,0.95,9531
2024-05-28,KC,2-3,1.35,1.55,1.25,5001
2024-05-28,KC,3-4,1.0,1.1,0.9,1976
2024-05-28,KC,4-5,1.1,1.4,0.95,700
2024-05-28,KC,5-6,0.9,1.25,0.7,584
2024-05-28,SB,1-2,0.03,0.04,0.01,23379
2024-05-28,SB,2-3,-0.27,-0.26,-0.3,7481
2024-05-28,SB,3-4,0.4,0.44,0.39,2071
2024-05-28,SB,4-5,0.15,0.18,0.14,2801
2024-05-28,SB,5-6,-0.06,-0.05,-0.08,2130
2024-05-29,CC,1-2,717.0,740.0,625.0,5112
2024-05-29,CC,2-3,894.0,910.0,816.0,1760
2024-05-29,CC,3-4,872.0,907.0,804.0,1255
2024-05-29,CC,4-5,397.0,424.0,300.0,900
2024-05-29,CC,5-6,193.0,205.0,134.0,385
2024-05-29,CT,1-2,3.0,3.4,2.5,6015
2024-05-29,CT,2-3,-1.53,-1.39,-1.55,2231
2024-05-29,CT,3-4,-1.35,-1.17,-1.36,1326
2024-05-29,CT,4-5,-0.61,-0.22,-0.63,647
2024-05-29,CT,5-6,5.41,5.9,5.4,270
2024-05-29,KC,1-2,1.15,1.45,1.05,9502
2024-05-29,KC,2-3,1.35,1.5,1.3,3143
2024-05-29,KC,3-4,1.05,1.1,0.95,1615
2024-05-29,KC,4-5,1.1,1.25,1.05,359
2024-05-29,KC,5-6,0.8,0.95,0.8,324
2024-05-29,SB,1-2,0.03,0.04,,16119
2024-05-29,SB,2-3,-0.3,-0.27,-0.31,6579
2024-05-29,SB,3-4,0.38,0.4,0.36,2283
2024-05-29,SB,4-5,0.13,0.17,0.12,2111
2024-05-29,SB,5-6,-0.09,-0.06,-0.1,1252
2024-05-30,CC,1-2,715.0,752.0,700.0,3649
2024-05-30,CC,2-3,871.0,909.0,852.0,1463
2024-05-30,CC,3-4,807.0,890.0,788.0,1300
2024-05-30,CC,4-5,379.0,400.0,358.0,481
2024-05-30,CC,5-6,188.0,199.0,181.0,216
2024-05-30,CT,1-2,1.25,3.75,1.17,9900
2024-05-30,CT,2-3,-1.78,-1.47,-1.79,2072
2024-05-30,CT,3-4,-1.5,-1.26,-1.5,1130
2024-05-30,CT,4-5,-0.84,-0.43,-0.85,714
2024-05-30,CT,5-6,4.84,5.43,4.66,232
2024-05-30,KC,1-2,1.05,1.35,0.95,7245
2024-05-30,KC,2-3,1.4,1.55,1.25,3130
2024-05-30,KC,3-4,1.1,1.25,0.95,921
2024-05-30,KC,4-5,1.0,1.2,0.9,431
2024-05-30,KC,5-6,0.75,0.9,0.7,180
2024-05-30,SB,1-2,0.01,0.04,,20297
2024-05-30,SB,2-3,-0.3,-0.29,-0.31,5378
2024-05-30,SB,3-4,0.36,0.39,0.35,2066
2024-05-30,SB,4-5,0.12,0.14,0.11,2158
2024-05-30,SB,5-6,-0.09,-0.08,-0.1,646
2024-05-31,CC,1-2,745.0,805.0,700.0,3227
2024-05-31,CC,2-3,873.0,894.0,848.0,1464
2024-05-31,CC,3-4,810.0,829.0,780.0,540
2024-05-31,CC,4-5,389.0,398.0,370.0,249
2024-05-31,CC,5-6,192.0,200.0,183.0,129
2024-05-31,CT,1-2,1.04,1.9,1.0,11599
2024-05-31,CT,2-3,-1.68,-1.61,-1.8,2528
2024-05-31,CT,3-4,-1.48,-1.4,-1.53,1023
2024-05-31,CT,4-5,-0.82,-0.73,-0.85,258
2024-05-31,CT,5-6,4.26,5.1,4.22,129
2024-05-31,KC,1-2,1.1,1.25,1.0,8634
2024-05-31,KC,2-3,1.45,1.75,1.4,4488
2024-05-31,KC,3-4,1.25,1.3,1.05,2527
2024-05-31,KC,4-5,1.1,1.1,0.9,695
2024-05-31,KC,5-6,0.7,0.85,0.65,182
2024-05-31,SB,1-2,0.01,0.03,,13766
2024-05-31,SB,2-3,-0.27,-0.25,-0.31,8392
2024-05-31,SB,3-4,0.37,0.39,0.34,3983
2024-05-31,SB,4-5,0.14,0.17,0.1,4139
2024-05-31,SB,5-6,-0.08,-0.07,-0.11,1119
2024-06-03,CC,1-2,888.0,1046.0,755.0,7493
2024-06-03,CC,2-3,896.0,943.0,850.0,2684
2024-06-03,CC,3-4,836.0,911.0,790.0,1584
2024-06-03,CC,4-5,417.0,436.0,382.0,504
2024-06-03,CC,5-6,223.0,231.0,192.0,297
2024-06-03,CT,1-2,-0.2,1.24,-0.25,13492
2024-06-03,CT,2-3,-1.83,-1.63,-1.84,2466
2024-06-03,CT,3-4,-1.59,-1.47,-1.62,794
2024-06-03,CT,4-5,-0.99,-0.77,-1.0,246
2024-06-03,CT,5-6,3.73,4.34,3.5,159
2024-06-03,KC,1-2,1.05,1.3,1.0,6996
2024-06-03,KC,2-3,1.6,1.7,1.4,2791
2024-06-03,KC,3-4,1.25,1.5,1.2,1972
2024-06-03,KC,4-5,1.1,1.3,1.0,616
2024-06-03,KC,5-6,0.8,0.9,0.7,231
2024-06-03,SB,1-2,0.02,0.04,0.01,15854
2024-06-03,SB,2-3,-0.25,-0.24,-0.28,9460
2024-06-03,SB,3-4,0.43,0.45,0.37,3701
2024-06-03,SB,4-5,0.19,0.21,0.13,3389
2024-06-03,SB,5-6,-0.04,-0.04,-0.09,1302
2024-06-04,CC,1-2,678.0,829.0,613.0,7796
2024-06-04,CC,2-3,924.0,950.0,855.0,2437
2024-06-04,CC,3-4,861.0,902.0,800.0,1220
2024-06-04,CC,4-5,440.0,452.0,358.0,682
2024-06-04,CC,5-6,244.0,248.0,181.0,478
2024-06-04,CT,1-2,-0.03,0.75,-0.54,16404
2024-06-04,CT,2-3,-1.7,-1.68,-1.84,2159
2024-06-04,CT,3-4,-1.55,-1.5,-1.61,623
2024-06-04,CT,4-5,-0.93,-0.88,-1.0,218
2024-06-04,CT,5-6,3.49,3.75,3.23,73
2024-06-04,KC,1-2,1.2,1.3,0.95,10719
2024-06-04,KC,2-3,1.95,2.15,1.55,4981
2024-06-04,KC,3-4,1.5,1.7,1.25,1843
2024-06-04,KC,4-5,1.15,1.3,1.1,587
2024-06-04,KC,5-6,0.8,0.9,0.75,223
2024-06-04,SB,1-2,0.0,0.04,-0.01,29751
2024-06-04,SB,2-3,-0.25,-0.22,-0.26,13540
2024-06-04,SB,3-4,0.47,0.5,0.43,6306
2024-06-04,SB,4-5,0.19,0.25,0.17,5172
2024-06-04,SB,5-6,-0.01,-0.01,-0.05,2085
2024-06-05,CC,1-2,714.0,807.0,613.0,5551
2024-06-05,CC,2-3,910.0,970.0,852.0,1983
2024-06-05,CC,3-4,843.0,878.0,816.0,729
2024-06-05,CC,4-5,411.0,446.0,390.0,374
2024-06-05,CC,5-6,219.0,243.0,212.0,222
2024-06-05,CT,1-2,0.93,1.06,-0.24,10310
2024-06-05,CT,2-3,-1.78,-1.64,-1.81,1768
2024-06-05,CT,3-4,-1.58,-1.51,-1.6,592
2024-06-05,CT,4-5,-0.95,-0.85,-0.97,107
2024-06-05,CT,5-6,3.62,3.86,3.6,81
2024-06-05,KC,1-2,0.95,1.25,0.9,18157
2024-06-05,KC,2-3,1.85,2.0,1.7,3259
2024-06-05,KC,3-4,1.6,1.75,1.5,1276
2024-06-05,KC,4-5,1.15,1.3,1.1,376
2024-06-05,KC,5-6,0.8,0.95,0.75,200
2024-06-05,SB,1-2,0.09,0.1,-0.01,57214
2024-06-05,SB,2-3,-0.23,-0.2,-0.24,10454
2024-06-05,SB,3-4,0.5,0.52,0.47,4135
2024-06-05,SB,4-5,0.22,0.25,0.19,3331
2024-06-05,SB,5-6,0.02,0.03,-0.04,1815
2024-06-06,CC,1-2,788.0,829.0,729.0,5479
2024-06-06,CC,2-3,974.0,998.0,906.0,2212
2024-06-06,CC,3-4,889.0,903.0,835.0,978
2024-06-06,CC,4-5,441.0,451.0,421.0,348
2024-06-06,CC,5-6,237.0,246.0,227.0,83
2024-06-06,CT,1-2,1.84,2.25,0.16,13405
2024-06-06,CT,2-3,-1.82,-1.65,-1.87,2484
2024-06-06,CT,3-4,-1.57,-1.52,-1.6,611
2024-06-06,CT,4-5,-1.01,-0.87,-1.09,375
2024-06-06,CT,5-6,3.65,4.2,3.29,140
2024-06-06,KC,1-2,0.85,1.15,0.8,16352
2024-06-06,KC,2-3,1.75,2.8,1.65,5808
2024-06-06,KC,3-4,1.6,2.3,1.55,3412
2024-06-06,KC,4-5,1.45,1.65,1.15,1295
2024-06-06,KC,5-6,1.3,1.5,0.8,615
2024-06-06,SB,1-2,0.12,0.15,0.09,45817
2024-06-06,SB,2-3,-0.26,-0.21,-0.26,10997
2024-06-06,SB,3-4,0.55,0.57,0.5,4635
2024-06-06,SB,4-5,0.26,0.29,0.22,6105
2024-06-06,SB,5-6,0.05,0.07,0.01,1697
2024-06-07,CC,1-2,770.0,900.0,754.0,6644
2024-06-07,CC,2-3,985.0,1023.0,954.0,1904
2024-06-07,CC,3-4,931.0,970.0,870.0,955
2024-06-07,CC,4-5,463.0,484.0,430.0,289
2024-06-07,CC,5-6,267.0,284.0,238.0,200
2024-06-07,CT,1-2,0.95,1.91,0.68,13475
2024-06-07,CT,2-3,-1.75,-1.58,-1.83,2372
2024-06-07,CT,3-4,-1.56,-1.44,-1.6,599
2024-06-07,CT,4-5,-1.01,-0.88,-1.03,241
2024-06-07,CT,5-6,3.08,3.65,3.06,78
2024-06-07,KC,1-2,-0.1,0.9,-0.25,33524
2024-06-07,KC,2-3,1.3,1.9,1.2,7413
2024-06-07,KC,3-4,1.2,1.65,1.15,2777
2024-06-07,KC,4-5,1.25,1.6,1.2,609
2024-06-07,KC,5-6,1.1,1.45,1.1,212
2024-06-07,SB,1-2,0.12,0.22,0.11,74903
2024-06-07,SB,2-3,-0.24,-0.23,-0.27,13006
2024-06-07,SB,3-4,0.52,0.57,0.49,4273
2024-06-07,SB,4-5,0.24,0.28,0.19,4412
2024-06-07,SB,5-6,0.02,0.06,-0.03,1576
2024-06-10,CC,1-2,771.0,855.0,741.0,6324
2024-06-10,CC,2-3,1001.0,1025.0,934.0,2296
2024-06-10,CC,3-4,901.0,953.0,850.0,1456
2024-06-10,CC,4-5,437.0,467.0,407.0,446
2024-06-10,CC,5-6,257.0,272.0,232.0,393
2024-06-10,CT,1-2,0.22,1.27,,12880
2024-06-10,CT,2-3,-1.65,-1.62,-1.84,2764
2024-06-10,CT,3-4,-1.54,-1.51,-1.62,1482
2024-06-10,CT,4-5,-1.09,-0.99,-1.12,301
2024-06-10,CT,5-6,2.25,3.05,2.14,67
2024-06-10,KC,1-2,-0.6,0.15,-0.8,22897
2024-06-10,KC,2-3,1.1,1.4,1.05,7954
2024-06-10,KC,3-4,1.15,1.3,1.1,2845
2024-06-10,KC,4-5,1.25,1.3,1.2,458
2024-06-10,KC,5-6,1.05,1.2,1.05,129
2024-06-10,SB,1-2,0.04,0.17,0.03,59309
2024-06-10,SB,2-3,-0.24,-0.19,-0.25,13612
2024-06-10,SB,3-4,0.55,0.58,0.51,6596
2024-06-10,SB,4-5,0.22,0.28,0.2,5512
2024-06-10,SB,5-6,-0.01,0.07,-0.03,2543
2024-06-11,CC,1-2,656.0,781.0,641.0,7328
2024-06-11,CC,2-3,1037.0,1086.0,961.0,2729
2024-06-11,CC,3-4,936.0,980.0,869.0,1390
2024-06-11,CC,4-5,477.0,509.0,419.0,757
2024-06-11,CC,5-6,279.0,304.0,241.0,493
2024-06-11,CT,1-2,0.3,0.97,,15504
2024-06-11,CT,2-3,-1.45,-1.32,-1.65,4951
2024-06-11,CT,3-4,-1.47,-1.39,-1.5,1568
2024-06-11,CT,4-5,-1.05,-0.95,-1.09,278
2024-06-11,CT,5-6,2.8,2.88,1.88,88
2024-06-11,KC,1-2,-0.9,-0.5,-1.15,20856
2024-06-11,KC,2-3,1.05,1.25,1.05,6563
2024-06-11,KC,3-4,1.1,1.25,1.0,2313
2024-06-11,KC,4-5,1.3,1.3,1.15,438
2024-06-11,KC,5-6,1.15,1.15,1.0,149
2024-06-11,SB,1-2,0.04,0.08,0.03,40183
2024-06-11,SB,2-3,-0.2,-0.19,-0.25,13163
2024-06-11,SB,3-4,0.57,0.58,0.52,4189
2024-06-11,SB,4-5,0.25,0.25,0.19,3645
2024-06-11,SB,5-6,0.0,0.01,-0.03,1275
2024-06-12,CC,1-2,686.0,744.0,551.0,4971
2024-06-12,CC,2-3,1203.0,1245.0,1085.0,3634
2024-06-12,CC,3-4,1041.0,1067.0,928.0,2009
2024-06-12,CC,4-5,543.0,572.0,458.0,1049
2024-06-12,CC,5-6,306.0,310.0,258.0,651
2024-06-12,CT,1-2,0.09,0.38,-0.33,13496
2024-06-12,CT,2-3,-1.51,-1.33,-1.6,2928
2024-06-12,CT,3-4,-1.47,-1.4,-1.57,957
2024-06-12,CT,4-5,-1.05,-1.02,-1.28,426
2024-06-12,CT,5-6,2.54,2.91,1.81,285
2024-06-12,KC,1-2,-0.5,-0.2,-1.5,18092
2024-06-12,KC,2-3,1.25,1.5,1.05,6654
2024-06-12,KC,3-4,1.25,1.5,1.0,3531
2024-06-12,KC,4-5,1.45,1.7,1.15,1035
2024-06-12,KC,5-6,1.35,1.5,1.1,552
2024-06-12,SB,1-2,0.02,0.07,0.01,54670
2024-06-12,SB,2-3,-0.14,-0.12,-0.21,15850
2024-06-12,SB,3-4,0.68,0.69,0.56,5621
2024-06-12,SB,4-5,0.32,0.33,0.23,5008
2024-06-12,SB,5-6,0.07,0.09,-0.01,3830
2024-06-13,CC,1-2,700.0,750.0,601.0,4007
2024-06-13,CC,2-3,1270.0,1316.0,1135.0,4628
2024-06-13,CC,3-4,1132.0,1171.0,971.0,2195
2024-06-13,CC,4-5,535.0,566.0,490.0,972
2024-06-13,CC,5-6,301.0,317.0,275.0,622
2024-06-13,CT,1-2,-0.44,0.35,-0.49,9997
2024-06-13,CT,2-3,-1.52,-1.36,-1.59,2724
2024-06-13,CT,3-4,-1.47,-1.39,-1.57,1024
2024-06-13,CT,4-5,-1.04,-0.99,-1.16,289
2024-06-13,CT,5-6,2.43,2.57,1.96,95
2024-06-13,KC,1-2,-0.2,0.6,-0.6,10587
2024-06-13,KC,2-3,1.25,1.65,1.2,6070
2024-06-13,KC,3-4,1.45,2.25,1.4,2174
2024-06-13,KC,4-5,1.75,2.55,1.55,740
2024-06-13,KC,5-6,1.5,1.85,1.35,220
2024-06-13,SB,1-2,-0.05,0.03,-0.09,65335
2024-06-13,SB,2-3,-0.09,-0.07,-0.15,14051
2024-06-13,SB,3-4,0.82,0.83,0.67,6571
2024-06-13,SB,4-5,0.41,0.42,0.29,5689
2024-06-13,SB,5-6,0.17,0.18,0.06,3143
2024-06-14,CC,1-2,593.0,695.0,546.0,2291
2024-06-14,CC,2-3,1175.0,1350.0,1101.0,3783
2024-06-14,CC,3-4,1046.0,1137.0,879.0,2544
2024-06-14,CC,4-5,465.0,530.0,354.0,1439
2024-06-14,CC,5-6,261.0,310.0,170.0,775
2024-06-14,CT,1-2,-1.17,-0.4,-1.21,9383
2024-06-14,CT,2-3,-1.29,-1.18,-1.57,5913
2024-06-14,CT,3-4,-1.37,-1.31,-1.48,967
2024-06-14,CT,4-5,-0.94,-0.86,-1.01,210
2024-06-14,CT,5-6,2.63,2.85,2.34,102
2024-06-14,KC,1-2,-0.25,0.4,-0.35,7561
2024-06-14,KC,2-3,1.2,1.35,1.15,4663
2024-06-14,KC,3-4,1.25,1.4,1.2,1384
2024-06-14,KC,4-5,1.5,1.85,1.45,362
2024-06-14,KC,5-6,1.3,1.65,1.2,168
2024-06-14,SB,1-2,-0.06,-0.02,-0.08,31083
2024-06-14,SB,2-3,-0.17,-0.09,-0.18,10674
2024-06-14,SB,3-4,0.76,0.81,0.74,2611
2024-06-14,SB,4-5,0.41,0.42,0.37,2361
2024-06-14,SB,5-6,0.17,0.18,0.13,1137
2024-06-17,CC,1-2,508.0,589.0,412.0,2345
2024-06-17,CC,2-3,1202.0,1244.0,1083.0,3770
2024-06-17,CC,3-4,911.0,1044.0,877.0,1737
2024-06-17,CC,4-5,356.0,472.0,334.0,747
2024-06-17,CC,5-6,168.0,282.0,156.0,419
2024-06-17,CT,1-2,-1.83,-0.94,-1.95,7689
2024-06-17,CT,2-3,-1.28,-1.18,-1.48,3233
2024-06-17,CT,3-4,-1.33,-1.25,-1.45,885
2024-06-17,CT,4-5,-1.06,-0.97,-1.1,336
2024-06-17,CT,5-6,2.59,2.7,2.0,244
2024-06-17,KC,1-2,-0.15,0.25,-0.5,7439
2024-06-17,KC,2-3,1.25,1.5,1.2,4353
2024-06-17,KC,3-4,1.3,1.65,1.25,2057
2024-06-17,KC,4-5,1.65,2.0,1.6,481
2024-06-17,KC,5-6,1.45,1.8,1.35,176
2024-06-17,SB,1-2,-0.08,,-0.09,28966
2024-06-17,SB,2-3,-0.21,-0.14,-0.23,11123
2024-06-17,SB,3-4,0.67,0.76,0.64,3715
2024-06-17,SB,4-5,0.36,0.41,0.3,2971
2024-06-17,SB,5-6,0.12,0.16,0.07,2193
2024-06-18,CC,1-2,548.0,580.0,475.0,1678
2024-06-18,CC,2-3,1257.0,1341.0,1204.0,2819
2024-06-18,CC,3-4,895.0,919.0,844.0,2017
2024-06-18,CC,4-5,311.0,337.0,260.0,821
2024-06-18,CC,5-6,152.0,162.0,126.0,240
2024-06-18,CT,1-2,-1.73,-1.39,-2.42,7773
2024-06-18,CT,2-3,-1.29,-1.04,-1.38,3849
2024-06-18,CT,3-4,-1.26,-1.2,-1.42,1128
2024-06-18,CT,4-5,-0.97,-0.9,-1.06,165
2024-06-18,CT,5-6,3.12,3.18,2.52,159
2024-06-18,KC,1-2,0.05,0.25,-0.65,7751
2024-06-18,KC,2-3,1.4,1.5,1.2,4641
2024-06-18,KC,3-4,1.15,1.35,1.05,2132
2024-06-18,KC,4-5,1.6,2.0,1.6,309
2024-06-18,KC,5-6,1.5,1.9,1.45,111
2024-06-18,SB,1-2,-0.07,-0.03,-0.09,23593
2024-06-18,SB,2-3,-0.25,-0.18,-0.26,11630
2024-06-18,SB,3-4,0.66,0.72,0.65,2431
2024-06-18,SB,4-5,0.33,0.39,0.31,1895
2024-06-18,SB,5-6,0.11,0.14,0.08,1222
2024-06-20,CC,1-2,543.0,760.0,475.0,1478
2024-06-20,CC,2-3,1321.0,1391.0,1236.0,2262
2024-06-20,CC,3-4,871.0,943.0,793.0,1750
2024-06-20,CC,4-5,297.0,339.0,252.0,561
2024-06-20,CC,5-6,151.0,166.0,113.0,170
2024-06-20,CT,1-2,-1.77,-1.43,-2.02,2837
2024-06-20,CT,2-3,-1.34,-1.22,-1.37,2692
2024-06-20,CT,3-4,-1.28,-1.21,-1.37,773
2024-06-20,CT,4-5,-0.9,-0.82,-0.96,222
2024-06-20,CT,5-6,3.3,3.65,3.11,131
2024-06-20,KC,1-2,-0.1,5.0,-0.1,347
2024-06-20,KC,2-3,1.8,2.1,1.55,3831
2024-06-20,KC,3-4,1.55,1.65,1.25,2481
2024-06-20,KC,4-5,2.0,2.1,1.7,832
2024-06-20,KC,5-6,1.8,1.95,1.55,529
2024-06-20,SB,1-2,-0.13,-0.04,-0.14,30151
2024-06-20,SB,2-3,-0.27,-0.18,-0.28,17911
2024-06-20,SB,3-4,0.69,0.78,0.66,4501
2024-06-20,SB,4-5,0.36,0.41,0.33,2484
2024-06-20,SB,5-6,0.12,0.16,0.09,1820
2024-06-21,CC,1-2,90.0,543.0,,1383
2024-06-21,CC,2-3,1309.0,1442.0,1201.0,2877
2024-06-21,CC,3-4,841.0,918.0,782.0,1214
2024-06-21,CC,4-5,278.0,339.0,241.0,583
2024-06-21,CC,5-6,139.0,171.0,112.0,359
2024-06-21,CT,1-2,-4.02,-1.74,-4.45,2162
2024-06-21,CT,2-3,-1.39,-1.28,-1.43,2191
2024-06-21,CT,3-4,-1.33,-1.25,-1.37,752
2024-06-21,CT,4-5,-1.03,-0.89,-1.11,256
2024-06-21,CT,5-6,2.93,3.4,2.87,157
2024-06-21,KC,1-2,1.55,2.0,0.35,45
2024-06-21,KC,2-3,1.75,2.2,1.55,4173
2024-06-21,KC,3-4,1.6,2.1,1.55,1751
2024-06-21,KC,4-5,2.15,2.45,1.95,1068
2024-06-21,KC,5-6,2.15,2.3,1.75,562
2024-06-21,SB,1-2,-0.19,-0.12,-0.22,20023
2024-06-21,SB,2-3,-0.27,-0.24,-0.29,10979
2024-06-21,SB,3-4,0.74,0.75,0.68,3138
2024-06-21,SB,4-5,0.39,0.42,0.35,2278
2024-06-21,SB,5-6,0.13,0.14,0.08,634
2024-06-24,CC,1-2,58.0,200.0,-49.0,28
2024-06-24,CC,2-3,1197.0,1328.0,1134.0,7577
2024-06-24,CC,3-4,660.0,834.0,580.0,4047
2024-06-24,CC,4-5,152.0,295.0,134.0,1714
2024-06-24,CC,5-6,91.0,146.0,81.0,1530
2024-06-24,CT,1-2,-2.1,-1.9,-4.44,57
2024-06-24,CT,2-3,-1.44,-1.32,-1.46,2598
2024-06-24,CT,3-4,-1.31,-1.23,-1.34,774
2024-06-24,CT,4-5,-0.86,-0.78,-1.08,575
2024-06-24,CT,5-6,3.65,3.76,2.89,266
2024-06-24,KC,1-2,1.75,2.25,1.45,58
2024-06-24,KC,2-3,2.0,2.4,1.7,3612
2024-06-24,KC,3-4,1.45,1.75,1.4,2606
2024-06-24,KC,4-5,2.05,2.3,2.0,966
2024-06-24,KC,5-6,2.15,2.5,2.0,540
2024-06-24,SB,1-2,-0.31,-0.2,-0.31,27161
2024-06-24,SB,2-3,-0.22,-0.18,-0.27,14852
2024-06-24,SB,3-4,0.83,0.84,0.72,3492
2024-06-24,SB,4-5,0.47,0.49,0.37,2353
2024-06-24,SB,5-6,0.21,0.22,0.12,1095
2024-06-25,CC,1-2,119.0,200.0,-46.0,7
2024-06-25,CC,2-3,1127.0,1209.0,978.0,5142
2024-06-25,CC,3-4,602.0,645.0,502.0,3488
2024-06-25,CC,4-5,159.0,171.0,85.0,1901
2024-06-25,CC,5-6,93.0,96.0,49.0,890
2024-06-25,CT,1-2,-2.47,-1.7,-2.42,2
2024-06-25,CT,2-3,-1.35,-1.25,-1.48,3698
2024-06-25,CT,3-4,-1.23,-1.21,-1.35,1255
2024-06-25,CT,4-5,-0.6,-0.58,-0.94,706
2024-06-25,CT,5-6,4.09,4.1,3.42,533
2024-06-25,KC,1-2,1.9,2.25,1.55,19
2024-06-25,KC,2-3,2.05,2.4,1.85,3510
2024-06-25,KC,3-4,1.55,1.7,1.4,1568
2024-06-25,KC,4-5,1.95,2.2,1.85,716
2024-06-25,KC,5-6,2.15,2.35,2.1,164
2024-06-25,SB,1-2,-0.39,-0.26,-0.41,24187
2024-06-25,SB,2-3,-0.28,-0.21,-0.29,23065
2024-06-25,SB,3-4,0.77,0.83,0.71,7132
2024-06-25,SB,4-5,0.47,0.48,0.41,4974
2024-06-25,SB,5-6,0.21,0.23,0.12,2512
2024-06-26,CC,1-2,7.0,175.0,150.0,5
2024-06-26,CC,2-3,1105.0,1194.0,1040.0,2019
2024-06-26,CC,3-4,634.0,659.0,530.0,795
2024-06-26,CC,4-5,159.0,172.0,130.0,522
2024-06-26,CC,5-6,91.0,97.0,76.0,287
2024-06-26,CT,1-2,-2.64,-1.96,-4.35,5
2024-06-26,CT,2-3,-1.41,-1.31,-1.45,4097
2024-06-26,CT,3-4,-1.18,-1.16,-1.32,1605
2024-06-26,CT,4-5,-0.54,-0.52,-0.71,623
2024-06-26,CT,5-6,4.07,4.15,3.8,552
2024-06-26,KC,1-2,2.0,2.25,1.95,18
2024-06-26,KC,2-3,1.85,2.2,1.7,4952
2024-06-26,KC,3-4,1.6,1.7,1.4,2151
2024-06-26,KC,4-5,1.8,1.95,1.7,610
2024-06-26,KC,5-6,2.05,2.2,2.0,339
2024-06-26,SB,1-2,-0.27,-0.24,-0.42,18275
2024-06-26,SB,2-3,-0.3,-0.26,-0.3,17271
2024-06-26,SB,3-4,0.77,0.82,0.74,3284
2024-06-26,SB,4-5,0.5,0.52,0.46,3264
2024-06-26,SB,5-6,0.23,0.26,0.2,2118
2024-06-27,CC,1-2,124.0,124.0,100.0,9
2024-06-27,CC,2-3,1039.0,1146.0,990.0,2542
2024-06-27,CC,3-4,585.0,656.0,528.0,789
2024-06-27,CC,4-5,122.0,171.0,103.0,614
2024-06-27,CC,5-6,71.0,98.0,65.0,236
2024-06-27,CT,1-2,-2.56,,,
2024-06-27,CT,2-3,-1.41,-1.24,-1.47,3597
2024-06-27,CT,3-4,-1.29,-1.15,-1.35,1128
2024-06-27,CT,4-5,-0.71,-0.51,-0.83,388
2024-06-27,CT,5-6,3.67,4.15,3.44,248
2024-06-27,KC,1-2,1.9,2.25,2.0,4
2024-06-27,KC,2-3,2.15,2.25,1.9,3143
2024-06-27,KC,3-4,1.6,1.65,1.5,1670
2024-06-27,KC,4-5,1.8,1.9,1.7,660
2024-06-27,KC,5-6,1.9,2.1,1.85,364
2024-06-27,SB,1-2,-0.09,-0.07,-0.3,14612
2024-06-27,SB,2-3,-0.24,-0.19,-0.31,25109
2024-06-27,SB,3-4,0.93,0.94,0.76,8956
2024-06-27,SB,4-5,0.64,0.65,0.48,7394
2024-06-27,SB,5-6,0.31,0.33,0.22,3960
2024-06-28,CC,1-2,-2.0,140.0,140.0,1
2024-06-28,CC,2-3,1140.0,1162.0,982.0,3029
2024-06-28,CC,3-4,642.0,659.0,522.0,1570
2024-06-28,CC,4-5,151.0,155.0,98.0,831
2024-06-28,CC,5-6,107.0,108.0,69.0,440
2024-06-28,CT,1-2,-2.88,-2.0,-4.5,24
2024-06-28,CT,2-3,-1.67,-1.35,-1.7,5152
2024-06-28,CT,3-4,-1.33,-1.27,-1.37,2572
2024-06-28,CT,4-5,-0.92,-0.62,-1.0,616
2024-06-28,CT,5-6,2.59,3.8,2.5,379
2024-06-28,KC,1-2,2.15,2.4,2.2,11
2024-06-28,KC,2-3,2.3,2.6,2.05,3417
2024-06-28,KC,3-4,1.65,1.85,1.55,1340
2024-06-28,KC,4-5,1.9,2.0,1.75,883
2024-06-28,KC,5-6,1.85,2.0,1.8,513
2024-06-28,SB,1-2,0.01,0.01,-0.15,8477
2024-06-28,SB,2-3,-0.29,-0.24,-0.32,30393
2024-06-28,SB,3-4,0.94,0.96,0.88,7446
2024-06-28,SB,4-5,0.65,0.7,0.59,5910
2024-06-28,SB,5-6,0.33,0.37,0.28,3506
2024-07-01,CC,1-2,59.0,149.0,149.0,1
2024-07-01,CC,2-3,1052.0,1130.0,960.0,3372
2024-07-01,CC,3-4,551.0,636.0,475.0,1195
2024-07-01,CC,4-5,114.0,142.0,76.0,933
2024-07-01,CC,5-6,100.0,104.0,72.0,581
2024-07-01,CT,1-2,-1.66,-1.59,-1.75,3308
2024-07-01,CT,2-3,-1.33,-1.2,-1.37,1066
2024-07-01,CT,3-4,-0.86,-0.75,-0.94,510
2024-07-01,CT,4-5,2.75,2.84,2.47,307
2024-07-01,CT,5-6,-1.33,-1.3,-1.39,66
2024-07-01,KC,1-2,1.85,2.5,1.95,94
2024-07-01,KC,2-3,2.5,2.7,2.05,3239
2024-07-01,KC,3-4,1.8,2.0,1.65,1068
2024-07-01,KC,4-5,2.0,2.1,1.9,535
2024-07-01,KC,5-6,1.8,2.0,1.75,296
2024-07-01,SB,1-2,-0.35,-0.28,-0.36,17715
2024-07-01,SB,2-3,0.88,0.96,0.86,3594
2024-07-01,SB,3-4,0.61,0.66,0.59,2789
2024-07-01,SB,4-5,0.31,0.35,0.3,1942
2024-07-01,SB,5-6,-0.05,-0.02,-0.06,965
2024-07-02,CC,1-2,-15.0,148.0,-50.0,12
2024-07-02,CC,2-3,1110.0,1137.0,1023.0,1825
2024-07-02,CC,3-4,617.0,627.0,509.0,1800
2024-07-02,CC,4-5,177.0,182.0,96.0,1349
2024-07-02,CC,5-6,125.0,126.0,78.0,569
2024-07-02,CT,1-2,-1.69,-1.58,-1.75,2686
2024-07-02,CT,2-3,-1.36,-1.23,-1.38,843
2024-07-02,CT,3-4,-0.95,-0.79,-0.98,481
2024-07-02,CT,4-5,2.77,3.0,2.61,146
2024-07-02,CT,5-6,-1.15,-1.14,-1.15,4
2024-07-02,KC,1-2,1.8,2.5,1.35,12
2024-07-02,KC,2-3,2.6,2.85,2.3,3258
2024-07-02,KC,3-4,2.1,2.3,1.85,1463
2024-07-02,KC,4-5,2.25,2.35,1.85,761
2024-07-02,KC,5-6,1.95,2.05,1.8,408
2024-07-02,SB,1-2,-0.24,-0.21,-0.37,19393
2024-07-02,SB,2-3,1.05,1.11,0.84,8775
2024-07-02,SB,3-4,0.73,0.76,0.57,8318
2024-07-02,SB,4-5,0.36,0.39,0.27,5096
2024-07-02,SB,5-6,0.01,0.03,-0.09,2897
2024-07-03,CC,1-2,105.0,,,
2024-07-03,CC,2-3,963.0,1210.0,952.0,3970
2024-07-03,CC,3-4,620.0,658.0,593.0,1138
2024-07-03,CC,4-5,176.0,199.0,168.0,784
2024-07-03,CC,5-6,112.0,137.0,107.0,364
2024-07-03,CT,1-2,-1.69,-1.53,-1.7,2341
2024-07-03,CT,2-3,-1.35,-1.24,-1.37,871
2024-07-03,CT,3-4,-1.02,-0.89,-1.04,484
2024-07-03,CT,4-5,2.6,2.89,2.56,141
2024-07-03,CT,5-6,-1.17,,,
2024-07-03,KC,1-2,1.75,2.5,2.5,1
2024-07-03,KC,2-3,2.15,2.75,2.1,3862
2024-07-03,KC,3-4,2.25,2.4,2.0,1087
2024-07-03,KC,4-5,2.35,2.5,2.25,467
2024-07-03,KC,5-6,2.05,2.1,1.95,265
2024-07-03,SB,1-2,-0.31,-0.24,-0.32,13812
2024-07-03,SB,2-3,0.96,1.06,0.95,4574
2024-07-03,SB,3-4,0.71,0.77,0.68,5191
2024-07-03,SB,4-5,0.38,0.4,0.34,2745
2024-07-03,SB,5-6,0.05,0.05,,1649
2024-07-05,CC,1-2,-129.0,139.0,103.0,10
2024-07-05,CC,2-3,1078.0,1098.0,965.0,2358
2024-07-05,CC,3-4,623.0,637.0,580.0,801
2024-07-05,CC,4-5,203.0,206.0,157.0,578
2024-07-05,CC,5-6,117.0,123.0,88.0,297
2024-07-05,CT,1-2,-1.73,-1.63,-1.8,3035
2024-07-05,CT,2-3,-1.39,-1.32,-1.4,1006
2024-07-05,CT,3-4,-1.13,-1.02,-1.15,685
2024-07-05,CT,4-5,2.13,2.55,2.06,241
2024-07-05,CT,5-6,-1.17,,,
2024-07-05,KC,1-2,1.35,,,
2024-07-05,KC,2-3,2.4,2.75,2.2,3978
2024-07-05,KC,3-4,2.15,2.55,2.05,1901
2024-07-05,KC,4-5,2.35,2.55,2.25,668
2024-07-05,KC,5-6,2.15,2.2,1.95,399
2024-07-05,SB,1-2,-0.38,-0.28,-0.38,16953
2024-07-05,SB,2-3,0.8,0.97,0.78,6692
2024-07-05,SB,3-4,0.6,0.72,0.53,6885
2024-07-05,SB,4-5,0.31,0.38,0.29,2299
2024-07-05,SB,5-6,0.02,0.06,0.01,1807
2024-07-08,CC,1-2,-12.0,-149.0,-149.0,3
2024-07-08,CC,2-3,1051.0,1070.0,975.0,3101
2024-07-08,CC,3-4,619.0,681.0,565.0,1365
2024-07-08,CC,4-5,170.0,214.0,157.0,502
2024-07-08,CC,5-6,102.0,144.0,95.0,281
2024-07-08,CT,1-2,-1.79,-1.61,-1.8,3342
2024-07-08,CT,2-3,-1.37,-1.32,-1.4,862
2024-07-08,CT,3-4,-1.09,-1.01,-1.11,362
2024-07-08,CT,4-5,2.15,2.5,2.11,160
2024-07-08,CT,5-6,-1.22,,,
2024-07-08,KC,1-2,1.8,2.5,2.5,1
2024-07-08,KC,2-3,2.25,2.6,2.15,5664
2024-07-08,KC,3-4,2.35,2.5,2.25,1670
2024-07-08,KC,4-5,2.45,2.8,2.35,566
2024-07-08,KC,5-6,2.25,2.45,2.15,304
2024-07-08,SB,1-2,-0.34,-0.32,-0.38,15574
2024-07-08,SB,2-3,0.8,0.82,0.75,3671
2024-07-08,SB,3-4,0.57,0.6,0.53,3070
2024-07-08,SB,4-5,0.28,0.33,0.27,1590
2024-07-08,SB,5-6,0.01,0.03,-0.01,1562
2024-07-09,CC,1-2,-127.0,135.0,135.0,1
2024-07-09,CC,2-3,1070.0,1090.0,998.0,3019
2024-07-09,CC,3-4,700.0,740.0,590.0,1258
2024-07-09,CC,4-5,213.0,230.0,156.0,601
2024-07-09,CC,5-6,130.0,147.0,92.0,480
2024-07-09,CT,1-2,-1.86,-1.69,-1.87,3611
2024-07-09,CT,2-3,-1.42,-1.33,-1.43,770
2024-07-09,CT,3-4,-1.12,-1.06,-1.16,296
2024-07-09,CT,4-5,1.98,2.16,1.98,157
2024-07-09,CT,5-6,-1.25,,,
2024-07-09,KC,1-2,2.05,,,
2024-07-09,KC,2-3,2.75,2.85,2.25,9731
2024-07-09,KC,3-4,2.8,2.9,2.3,4224
2024-07-09,KC,4-5,3.15,3.3,2.45,1306
2024-07-09,KC,5-6,3.1,3.25,2.35,979
2024-07-09,SB,1-2,-0.41,-0.32,-0.42,15027
2024-07-09,SB,2-3,0.72,0.83,0.72,5050
2024-07-09,SB,3-4,0.5,0.61,0.48,4675
2024-07-09,SB,4-5,0.2,0.31,0.18,1718
2024-07-09,SB,5-6,-0.05,0.02,-0.05,666
2024-07-10,CC,1-2,126.0,,,
2024-07-10,CC,2-3,1063.0,1153.0,1020.0,1889
2024-07-10,CC,3-4,718.0,760.0,676.0,740
2024-07-10,CC,4-5,210.0,231.0,197.0,346
2024-07-10,CC,5-6,129.0,147.0,122.0,238
2024-07-10,CT,1-2,-1.8,-1.67,-1.88,2654
2024-07-10,CT,2-3,-1.39,-1.33,-1.45,754
2024-07-10,CT,3-4,-1.13,-1.04,-1.18,403
2024-07-10,CT,4-5,2.0,2.25,1.98,273
2024-07-10,CT,5-6,-1.29,-1.33,-1.33,4
2024-07-10,KC,1-2,2.15,1.05,0.75,4
2024-07-10,KC,2-3,2.3,2.7,2.2,5827
2024-07-10,KC,3-4,2.65,3.0,2.55,2529
2024-07-10,KC,4-5,2.8,3.4,2.8,715
2024-07-10,KC,5-6,2.7,3.1,2.65,549
2024-07-10,SB,1-2,-0.39,-0.37,-0.43,13392
2024-07-10,SB,2-3,0.75,0.8,0.72,5441
2024-07-10,SB,3-4,0.52,0.57,0.47,4567
2024-07-10,SB,4-5,0.2,0.24,0.19,1508
2024-07-10,SB,5-6,-0.06,-0.03,-0.06,848
2024-07-11,CC,1-2,-149.0,175.0,175.0,1
2024-07-11,CC,2-3,1133.0,1170.0,1050.0,2853
2024-07-11,CC,3-4,860.0,885.0,723.0,1709
2024-07-11,CC,4-5,256.0,263.0,200.0,771
2024-07-11,CC,5-6,159.0,188.0,123.0,526
2024-07-11,CT,1-2,-1.87,-1.66,-1.91,2738
2024-07-11,CT,2-3,-1.43,-1.34,-1.46,816
2024-07-11,CT,3-4,-1.12,-0.98,-1.13,397
2024-07-11,CT,4-5,2.22,2.54,2.15,187
2024-07-11,CT,5-6,-1.29,,,
2024-07-11,KC,1-2,1.9,2.5,2.5,1
2024-07-11,KC,2-3,2.2,2.65,1.9,8231
2024-07-11,KC,3-4,2.5,2.85,2.4,4017
2024-07-11,KC,4-5,3.0,3.35,2.8,788
2024-07-11,KC,5-6,2.9,3.35,2.7,1291
2024-07-11,SB,1-2,-0.4,-0.38,-0.42,14649
2024-07-11,SB,2-3,0.72,0.77,0.7,6461
2024-07-11,SB,3-4,0.48,0.52,0.46,3452
2024-07-11,SB,4-5,0.16,0.21,0.15,1493
2024-07-11,SB,5-6,-0.07,-0.03,-0.08,897
2024-07-12,CC,1-2,202.0,,,
2024-07-12,CC,2-3,1025.0,1143.0,1011.0,2419
2024-07-12,CC,3-4,811.0,875.0,779.0,1313
2024-07-12,CC,4-5,215.0,262.0,185.0,514
2024-07-12,CC,5-6,142.0,172.0,135.0,197
2024-07-12,CT,1-2,-1.83,-1.78,-1.91,2210
2024-07-12,CT,2-3,-1.37,-1.33,-1.46,831
2024-07-12,CT,3-4,-1.07,-1.03,-1.15,451
2024-07-12,CT,4-5,2.26,2.37,2.12,206
2024-07-12,CT,5-6,-1.3,-1.3,-1.31,13
2024-07-12,KC,1-2,1.7,2.25,1.0,48
2024-07-12,KC,2-3,1.95,2.35,1.9,6363
2024-07-12,KC,3-4,2.25,2.5,2.15,2635
2024-07-12,KC,4-5,2.85,3.05,2.8,697
2024-07-12,KC,5-6,2.85,3.0,2.7,359
2024-07-12,SB,1-2,-0.42,-0.39,-0.43,15355
2024-07-12,SB,2-3,0.69,0.72,0.68,5327
2024-07-12,SB,3-4,0.47,0.49,0.43,4441
2024-07-12,SB,4-5,0.17,0.2,0.15,4333
2024-07-12,SB,5-6,-0.09,-0.05,-0.09,1106
2024-07-15,CC,1-2,-132.0,248.0,248.0,1
2024-07-15,CC,2-3,1105.0,1121.0,977.0,3900
2024-07-15,CC,3-4,878.0,902.0,749.0,1496
2024-07-15,CC,4-5,254.0,263.0,191.0,789
2024-07-15,CC,5-6,169.0,173.0,132.0,364
2024-07-15,CT,1-2,-1.82,-1.76,-1.9,2792
2024-07-15,CT,2-3,-1.33,-1.27,-1.36,1433
2024-07-15,CT,3-4,-0.97,-0.87,-1.05,697
2024-07-15,CT,4-5,2.53,2.58,2.28,447
2024-07-15,CT,5-6,-1.23,,,
2024-07-15,KC,1-2,2.0,3.6,2.5,3
2024-07-15,KC,2-3,1.75,2.2,1.65,5236
2024-07-15,KC,3-4,2.05,2.35,2.0,2719
2024-07-15,KC,4-5,2.75,3.15,2.7,539
2024-07-15,KC,5-6,2.65,3.05,2.6,461
2024-07-15,SB,1-2,-0.36,-0.35,-0.42,11303
2024-07-15,SB,2-3,0.8,0.82,0.68,4029
2024-07-15,SB,3-4,0.55,0.58,0.44,4493
2024-07-15,SB,4-5,0.2,0.22,0.15,1829
2024-07-15,SB,5-6,-0.07,-0.05,-0.1,779
2024-07-16,CC,1-2,476.0,,,
2024-07-16,CC,2-3,1002.0,1135.0,992.0,3159
2024-07-16,CC,3-4,711.0,885.0,700.0,1300
2024-07-16,CC,4-5,164.0,250.0,158.0,632
2024-07-16,CC,5-6,112.0,171.0,106.0,301
2024-07-16,CT,1-2,-1.94,-1.77,-1.95,3903
2024-07-16,CT,2-3,-1.41,-1.29,-1.45,1545
2024-07-16,CT,3-4,-1.03,-0.89,-1.04,559
2024-07-16,CT,4-5,2.05,2.51,2.0,263
2024-07-16,CT,5-6,-1.3,-1.33,-1.44,44
2024-07-16,KC,1-2,1.8,,,
2024-07-16,KC,2-3,1.8,1.95,1.65,3620
2024-07-16,KC,3-4,2.05,2.1,1.95,1696
2024-07-16,KC,4-5,2.75,2.9,2.7,444
2024-07-16,KC,5-6,2.55,2.75,2.55,337
2024-07-16,SB,1-2,-0.4,-0.35,-0.41,7408
2024-07-16,SB,2-3,0.75,0.81,0.74,2580
2024-07-16,SB,3-4,0.49,0.55,0.46,3770
2024-07-16,SB,4-5,0.15,0.21,0.12,1317
2024-07-16,SB,5-6,-0.1,-0.05,-0.12,1036
2024-07-17,CC,1-2,994.0,1018.0,922.0,3428
2024-07-17,CC,2-3,661.0,704.0,615.0,1481
2024-07-17,CC,3-4,160.0,174.0,131.0,1206
2024-07-17,CC,4-5,110.0,128.0,92.0,628
2024-07-17,CC,5-6,107.0,124.0,96.0,199
2024-07-17,CT,1-2,-1.85,-1.76,-1.95,3188
2024-07-17,CT,2-3,-1.35,-1.31,-1.42,1640
2024-07-17,CT,3-4,-0.88,-0.82,-1.02,705
2024-07-17,CT,4-5,2.26,2.38,2.0,360
2024-07-17,CT,5-6,-1.31,,,
2024-07-17,KC,1-2,4.2,5.5,5.5,2
2024-07-17,KC,2-3,1.7,2.0,1.55,6642
2024-07-17,KC,3-4,1.95,2.1,1.9,2009
2024-07-17,KC,4-5,2.8,3.0,2.75,822
2024-07-17,KC,5-6,2.5,2.65,2.5,850
2024-07-17,SB,1-2,-0.38,-0.37,-0.41,7990
2024-07-17,SB,2-3,0.72,0.75,0.7,2938
2024-07-17,SB,3-4,0.44,0.47,0.39,5719
2024-07-17,SB,4-5,0.11,0.14,0.1,1708
2024-07-17,SB,5-6,-0.12,-0.09,-0.13,943
2024-07-18,CC,1-2,996.0,1012.0,966.0,3654
2024-07-18,CC,2-3,747.0,771.0,635.0,1733
2024-07-18,CC,3-4,183.0,206.0,156.0,742
2024-07-18,CC,4-5,128.0,142.0,110.0,321
2024-07-18,CC,5-6,124.0,131.0,110.0,157
2024-07-18,CT,1-2,-1.83,-1.8,-1.89,1604
2024-07-18,CT,2-3,-1.31,-1.3,-1.37,734
2024-07-18,CT,3-4,-0.85,-0.8,-0.9,405
2024-07-18,CT,4-5,2.35,2.45,2.09,276
2024-07-18,CT,5-6,-1.32,,,
2024-07-18,KC,1-2,2.5,,,
2024-07-18,KC,2-3,1.55,1.75,1.5,5625
2024-07-18,KC,3-4,1.85,2.0,1.85,1645
2024-07-18,KC,4-5,2.75,2.85,2.7,378
2024-07-18,KC,5-6,2.6,2.65,2.55,192
2024-07-18,SB,1-2,-0.37,-0.36,-0.41,10284
2024-07-18,SB,2-3,0.68,0.73,0.65,6110
2024-07-18,SB,3-4,0.39,0.44,0.36,5128
2024-07-18,SB,4-5,0.08,0.12,0.07,2529
2024-07-18,SB,5-6,-0.17,-0.11,-0.19,1385
2024-07-19,CC,1-2,904.0,1010.0,890.0,3470
2024-07-19,CC,2-3,645.0,800.0,642.0,1885
2024-07-19,CC,3-4,162.0,214.0,159.0,644
2024-07-19,CC,4-5,113.0,153.0,107.0,224
2024-07-19,CC,5-6,116.0,144.0,109.0,164
2024-07-19,CT,1-2,-1.92,-1.82,-1.95,2985
2024-07-19,CT,2-3,-1.38,-1.31,-1.41,854
2024-07-19,CT,3-4,-0.96,-0.81,-0.98,303
2024-07-19,CT,4-5,1.98,2.38,1.9,334
2024-07-19,CT,5-6,-1.31,,,
2024-07-19,KC,1-2,0.0,,,
2024-07-19,KC,2-3,1.5,1.8,1.3,6143
2024-07-19,KC,3-4,1.75,1.85,1.55,3486
2024-07-19,KC,4-5,3.0,3.0,2.7,1064
2024-07-19,KC,5-6,2.7,2.75,2.55,808
2024-07-19,SB,1-2,-0.32,-0.31,-0.37,13695
2024-07-19,SB,2-3,0.66,0.68,0.64,3527
2024-07-19,SB,3-4,0.33,0.37,0.31,6715
2024-07-19,SB,4-5,0.04,0.08,0.02,1424
2024-07-19,SB,5-6,-0.21,-0.17,-0.23,912
2024-07-22,CC,1-2,989.0,1000.0,898.0,3628
2024-07-22,CC,2-3,763.0,776.0,642.0,2017
2024-07-22,CC,3-4,271.0,280.0,167.0,828
2024-07-22,CC,4-5,193.0,200.0,114.0,587
2024-07-22,CC,5-6,177.0,177.0,112.0,286
2024-07-22,CT,1-2,-1.89,-1.85,-1.98,2491
2024-07-22,CT,2-3,-1.39,-1.32,-1.43,658
2024-07-22,CT,3-4,-0.89,-0.83,-0.99,401
2024-07-22,CT,4-5,1.87,2.25,1.8,180
2024-07-22,CT,5-6,-1.43,-1.44,-1.44,5
2024-07-22,KC,1-2,1.75,1.95,1.6,5664
2024-07-22,KC,2-3,1.85,1.95,1.7,1892
2024-07-22,KC,3-4,3.15,3.25,2.95,495
2024-07-22,KC,4-5,2.9,2.95,2.7,237
2024-07-22,KC,5-6,2.7,2.85,2.6,114
2024-07-22,SB,1-2,-0.35,-0.3,-0.35,10071
2024-07-22,SB,2-3,0.67,0.7,0.64,5825
2024-07-22,SB,3-4,0.25,0.32,0.23,6424
2024-07-22,SB,4-5,-0.02,0.05,-0.03,2942
2024-07-22,SB,5-6,-0.26,-0.2,-0.27,1086
2024-07-23,CC,1-2,996.0,1015.0,944.0,2301
2024-07-23,CC,2-3,727.0,756.0,705.0,935
2024-07-23,CC,3-4,220.0,264.0,215.0,433
2024-07-23,CC,4-5,162.0,183.0,160.0,186
2024-07-23,CC,5-6,154.0,172.0,154.0,60
2024-07-23,CT,1-2,-1.88,-1.85,-1.99,3408
2024-07-23,CT,2-3,-1.46,-1.36,-1.49,1425
2024-07-23,CT,3-4,-1.05,-0.88,-1.08,769
2024-07-23,CT,4-5,1.58,2.04,1.23,522
2024-07-23,CT,5-6,-1.43,-1.41,-1.45,22
2024-07-23,KC,1-2,1.6,2.0,1.5,4923
2024-07-23,KC,2-3,1.65,1.95,1.6,2326
2024-07-23,KC,3-4,2.95,3.25,2.9,635
2024-07-23,KC,4-5,2.8,3.0,2.75,145
2024-07-23,KC,5-6,2.6,2.85,2.6,123
2024-07-23,SB,1-2,-0.35,-0.31,-0.36,7981
2024-07-23,SB,2-3,0.69,0.72,0.65,3068
2024-07-23,SB,3-4,0.27,0.3,0.23,4600
2024-07-23,SB,4-5,-0.03,0.01,-0.04,2146
2024-07-23,SB,5-6,-0.27,-0.24,-0.28,1647
2024-07-24,CC,1-2,1074.0,1114.0,961.0,4700
2024-07-24,CC,2-3,728.0,769.0,684.0,1006
2024-07-24,CC,3-4,229.0,265.0,216.0,476
2024-07-24,CC,4-5,163.0,194.0,154.0,303
2024-07-24,CC,5-6,156.0,183.0,151.0,178
2024-07-24,CT,1-2,-1.76,-1.7,-1.96,5136
2024-07-24,CT,2-3,-1.41,-1.4,-1.51,1545
2024-07-24,CT,3-4,-1.11,-1.06,-1.18,832
2024-07-24,CT,4-5,0.86,1.53,0.65,524
2024-07-24,CT,5-6,-1.38,-1.37,-1.41,17
2024-07-24,KC,1-2,1.05,1.7,1.0,12793
2024-07-24,KC,2-3,1.3,1.7,1.25,5363
2024-07-24,KC,3-4,2.4,2.95,2.35,1109
2024-07-24,KC,4-5,2.15,2.75,2.05,764
2024-07-24,KC,5-6,2.15,2.65,2.0,672
2024-07-24,SB,1-2,-0.32,-0.31,-0.38,13612
2024-07-24,SB,2-3,0.68,0.74,0.65,4738
2024-07-24,SB,3-4,0.26,0.31,0.23,3462
2024-07-24,SB,4-5,-0.06,-0.01,-0.07,3211
2024-07-24,SB,5-6,-0.3,-0.25,-0.31,2632
2024-07-25,CC,1-2,1065.0,1125.0,1000.0,3057
2024-07-25,CC,2-3,684.0,742.0,669.0,1654
2024-07-25,CC,3-4,212.0,231.0,197.0,933
2024-07-25,CC,4-5,148.0,158.0,132.0,697
2024-07-25,CC,5-6,141.0,149.0,119.0,635
2024-07-25,CT,1-2,-1.76,-1.66,-1.82,2676
2024-07-25,CT,2-3,-1.36,-1.34,-1.47,1143
2024-07-25,CT,3-4,-1.08,-1.05,-1.15,593
2024-07-25,CT,4-5,1.02,1.08,0.65,179
2024-07-25,CT,5-6,-1.4,-1.39,-1.39,5
2024-07-25,KC,1-2,1.15,1.2,0.9,10781
2024-07-25,KC,2-3,1.4,1.45,1.25,3057
2024-07-25,KC,3-4,2.5,2.55,2.3,1201
2024-07-25,KC,4-5,2.15,2.2,2.0,686
2024-07-25,KC,5-6,2.05,2.15,1.95,675
2024-07-25,SB,1-2,-0.28,-0.27,-0.34,14663
2024-07-25,SB,2-3,0.83,0.84,0.68,7360
2024-07-25,SB,3-4,0.41,0.42,0.27,7931
2024-07-25,SB,4-5,0.04,0.05,-0.06,3039
2024-07-25,SB,5-6,-0.22,-0.22,-0.29,2171
2024-07-26,CC,1-2,1083.0,1115.0,1019.0,2748
2024-07-26,CC,2-3,689.0,719.0,671.0,1772
2024-07-26,CC,3-4,218.0,221.0,193.0,476
2024-07-26,CC,4-5,154.0,155.0,138.0,428
2024-07-26,CC,5-6,143.0,145.0,135.0,272
2024-07-26,CT,1-2,-1.77,-1.69,-1.83,2181
2024-07-26,CT,2-3,-1.37,-1.29,-1.39,933
2024-07-26,CT,3-4,-1.1,-0.96,-1.12,651
2024-07-26,CT,4-5,0.5,0.85,0.5,376
2024-07-26,CT,5-6,-1.39,-1.35,-1.43,17
2024-07-26,KC,1-2,1.1,1.2,1.0,4777
2024-07-26,KC,2-3,1.25,1.4,1.2,2032
2024-07-26,KC,3-4,2.25,2.4,2.2,736
2024-07-26,KC,4-5,1.95,2.15,1.95,161
2024-07-26,KC,5-6,1.85,2.1,1.85,268
2024-07-26,SB,1-2,-0.33,-0.27,-0.34,7279
2024-07-26,SB,2-3,0.8,0.84,0.77,2984
2024-07-26,SB,3-4,0.39,0.42,0.37,1976
2024-07-26,SB,4-5,0.02,0.06,0.01,694
2024-07-26,SB,5-6,-0.25,-0.22,-0.26,366
2024-07-29,CC,1-2,1006.0,1100.0,989.0,5375
2024-07-29,CC,2-3,648.0,708.0,626.0,1559
2024-07-29,CC,3-4,200.0,221.0,194.0,443
2024-07-29,CC,4-5,145.0,155.0,137.0,429
2024-07-29,CC,5-6,137.0,144.0,133.0,284
2024-07-29,CT,1-2,-1.7,-1.67,-1.79,2868
2024-07-29,CT,2-3,-1.29,-1.28,-1.38,1254
2024-07-29,CT,3-4,-0.97,-0.94,-1.09,659
2024-07-29,CT,4-5,1.01,1.12,0.5,292
2024-07-29,CT,5-6,-1.39,,,
2024-07-29,KC,1-2,1.05,1.2,0.95,6658
2024-07-29,KC,2-3,1.2,1.4,1.1,2607
2024-07-29,KC,3-4,1.95,2.3,1.95,1572
2024-07-29,KC,4-5,1.9,2.05,1.8,686
2024-07-29,KC,5-6,1.8,1.9,1.8,276
2024-07-29,SB,1-2,-0.31,-0.28,-0.34,7754
2024-07-29,SB,2-3,0.85,0.86,0.8,3387
2024-07-29,SB,3-4,0.49,0.5,0.4,3788
2024-07-29,SB,4-5,0.11,0.12,0.02,1920
2024-07-29,SB,5-6,-0.16,-0.16,-0.23,984
2024-07-30,CC,1-2,1062.0,1085.0,997.0,4779
2024-07-30,CC,2-3,764.0,781.0,648.0,1590
2024-07-30,CC,3-4,254.0,272.0,198.0,551
2024-07-30,CC,4-5,167.0,178.0,136.0,373
2024-07-30,CC,5-6,150.0,159.0,132.0,173
2024-07-30,CT,1-2,-1.63,-1.59,-1.72,4171
2024-07-30,CT,2-3,-1.22,-1.2,-1.34,1914
2024-07-30,CT,3-4,-0.93,-0.88,-1.03,397
2024-07-30,CT,4-5,1.23,1.33,0.99,197
2024-07-30,CT,5-6,-1.31,-1.32,-1.32,2
2024-07-30,KC,1-2,1.2,1.35,1.0,6074
2024-07-30,KC,2-3,1.3,1.4,1.2,2311
2024-07-30,KC,3-4,2.1,2.2,1.95,504
2024-07-30,KC,4-5,1.95,1.95,1.85,172
2024-07-30,KC,5-6,1.8,1.85,1.8,145
2024-07-30,SB,1-2,-0.32,-0.3,-0.34,6057
2024-07-30,SB,2-3,0.82,0.86,0.81,3258
2024-07-30,SB,3-4,0.49,0.5,0.44,2276
2024-07-30,SB,4-5,0.12,0.13,0.07,1074
2024-07-30,SB,5-6,-0.16,-0.15,-0.2,1222
2024-07-31,CC,1-2,1101.0,1125.0,1045.0,3619
2024-07-31,CC,2-3,772.0,820.0,722.0,1476
2024-07-31,CC,3-4,253.0,274.0,240.0,529
2024-07-31,CC,4-5,154.0,172.0,147.0,266
2024-07-31,CC,5-6,140.0,148.0,135.0,96
2024-07-31,CT,1-2,-1.68,-1.59,-1.76,4547
2024-07-31,CT,2-3,-1.26,-1.2,-1.29,1383
2024-07-31,CT,3-4,-0.95,-0.82,-0.99,736
2024-07-31,CT,4-5,1.08,1.22,0.83,195
2024-07-31,CT,5-6,-1.31,,,
2024-07-31,KC,1-2,1.05,1.5,0.95,9502
2024-07-31,KC,2-3,1.25,1.45,1.1,4345
2024-07-31,KC,3-4,2.1,2.4,1.9,1377
2024-07-31,KC,4-5,2.0,2.1,1.9,557
2024-07-31,KC,5-6,1.85,1.95,1.8,310
2024-07-31,SB,1-2,-0.37,-0.31,-0.37,14550
2024-07-31,SB,2-3,0.8,0.84,0.79,3332
2024-07-31,SB,3-4,0.45,0.51,0.44,2463
2024-07-31,SB,4-5,0.09,0.15,0.05,1554
2024-07-31,SB,5-6,-0.18,-0.15,-0.2,1049
2024-08-01,CC,1-2,1020.0,1111.0,1011.0,5269
2024-08-01,CC,2-3,619.0,756.0,595.0,3574
2024-08-01,CC,3-4,187.0,245.0,180.0,1675
2024-08-01,CC,4-5,114.0,150.0,111.0,647
2024-08-01,CC,5-6,108.0,139.0,104.0,292
2024-08-01,CT,1-2,-1.62,-1.59,-1.74,4920
2024-08-01,CT,2-3,-1.28,-1.21,-1.33,1419
2024-08-01,CT,3-4,-0.98,-0.91,-1.06,919
2024-08-01,CT,4-5,0.65,1.32,0.55,311
2024-08-01,CT,5-6,-1.37,,,
2024-08-01,KC,1-2,0.85,1.1,0.8,7636
2024-08-01,KC,2-3,1.05,1.2,1.0,4430
2024-08-01,KC,3-4,1.9,2.0,1.85,1355
2024-08-01,KC,4-5,1.9,1.95,1.85,386
2024-08-01,KC,5-6,1.85,1.9,1.8,258
2024-08-01,SB,1-2,-0.34,-0.31,-0.38,15188
2024-08-01,SB,2-3,0.7,0.83,0.69,7502
2024-08-01,SB,3-4,0.36,0.48,0.35,2877
2024-08-01,SB,4-5,0.03,0.11,0.02,1614
2024-08-01,SB,5-6,-0.21,-0.16,-0.23,1403
2024-08-02,CC,1-2,978.0,1049.0,969.0,5033
2024-08-02,CC,2-3,603.0,656.0,575.0,1741
2024-08-02,CC,3-4,184.0,204.0,165.0,835
2024-08-02,CC,4-5,108.0,126.0,98.0,574
2024-08-02,CC,5-6,100.0,120.0,91.0,437
2024-08-02,CT,1-2,-1.62,-1.55,-1.69,3771
2024-08-02,CT,2-3,-1.27,-1.25,-1.31,1092
2024-08-02,CT,3-4,-0.97,-0.92,-1.04,436
2024-08-02,CT,4-5,0.9,0.99,0.65,298
2024-08-02,CT,5-6,-1.37,,,
2024-08-02,KC,1-2,0.95,1.3,0.9,6162
2024-08-02,KC,2-3,1.2,1.35,1.1,2900
2024-08-02,KC,3-4,1.9,2.1,1.85,1071
2024-08-02,KC,4-5,2.0,2.15,1.85,751
2024-08-02,KC,5-6,1.9,2.0,1.85,222
2024-08-02,SB,1-2,-0.32,-0.31,-0.36,9705
2024-08-02,SB,2-3,0.67,0.72,0.65,8070
2024-08-02,SB,3-4,0.31,0.38,0.3,2989
2024-08-02,SB,4-5,-0.01,0.06,-0.02,1675
2024-08-02,SB,5-6,-0.27,-0.2,-0.28,1335
2024-08-05,CC,1-2,1225.0,1319.0,983.0,8012
2024-08-05,CC,2-3,574.0,649.0,541.0,3080
2024-08-05,CC,3-4,196.0,204.0,138.0,1787
2024-08-05,CC,4-5,136.0,142.0,86.0,1151
2024-08-05,CC,5-6,116.0,123.0,77.0,612
2024-08-05,CT,1-2,-1.64,-1.47,-1.77,3902
2024-08-05,CT,2-3,-1.25,-1.19,-1.4,1274
2024-08-05,CT,3-4,-0.97,-0.91,-1.09,939
2024-08-05,CT,4-5,0.74,1.0,0.4,436
2024-08-05,CT,5-6,-1.37,-1.38,-1.38,1
2024-08-05,KC,1-2,1.4,2.5,0.9,8512
2024-08-05,KC,2-3,1.2,1.45,1.1,5205
2024-08-05,KC,3-4,1.85,2.0,1.75,1240
2024-08-05,KC,4-5,2.0,2.15,1.95,998
2024-08-05,KC,5-6,1.9,2.05,1.8,405
2024-08-05,SB,1-2,-0.33,-0.3,-0.36,10881
2024-08-05,SB,2-3,0.7,0.75,0.65,5675
2024-08-05,SB,3-4,0.35,0.38,0.28,3356
2024-08-05,SB,4-5,-0.03,0.02,-0.05,1674
2024-08-05,SB,5-6,-0.28,-0.25,-0.29,1384
2024-08-06,CC,1-2,1453.0,1475.0,1282.0,6524
2024-08-06,CC,2-3,671.0,706.0,586.0,2523
2024-08-06,CC,3-4,190.0,200.0,165.0,884
2024-08-06,CC,4-5,125.0,142.0,109.0,457
2024-08-06,CC,5-6,115.0,121.0,102.0,170
2024-08-06,CT,1-2,-1.65,-1.55,-1.69,3241
2024-08-06,CT,2-3,-1.22,-1.18,-1.3,751
2024-08-06,CT,3-4,-0.91,-0.89,-1.01,484
2024-08-06,CT,4-5,0.69,0.86,0.5,289
2024-08-06,CT,5-6,-1.37,-1.29,-1.29,1
2024-08-06,KC,1-2,3.0,3.65,2.15,15133
2024-08-06,KC,2-3,2.2,2.35,1.35,6030
2024-08-06,KC,3-4,2.45,2.6,1.9,1809
2024-08-06,KC,4-5,2.35,2.55,2.05,1390
2024-08-06,KC,5-6,2.35,2.45,2.05,446
2024-08-06,SB,1-2,-0.34,-0.32,-0.35,6198
2024-08-06,SB,2-3,0.68,0.71,0.67,2981
2024-08-06,SB,3-4,0.33,0.36,0.31,987
2024-08-06,SB,4-5,-0.02,,-0.04,1657
2024-08-06,SB,5-6,-0.3,-0.27,-0.3,1371
2024-08-07,CC,1-2,1568.0,1798.0,1414.0,9216
2024-08-07,CC,2-3,807.0,930.0,677.0,5136
2024-08-07,CC,3-4,234.0,276.0,185.0,2054
2024-08-07,CC,4-5,163.0,190.0,127.0,1004
2024-08-07,CC,5-6,137.0,156.0,114.0,295
2024-08-07,CT,1-2,-1.52,-1.42,-1.7,3876
2024-08-07,CT,2-3,-1.22,-1.12,-1.26,1347
2024-08-07,CT,3-4,-0.83,-0.79,-0.96,684
2024-08-07,CT,4-5,0.98,1.06,0.62,244
2024-08-07,CT,5-6,-1.36,-1.38,-1.38,2
2024-08-07,KC,1-2,4.3,4.75,2.8,21584
2024-08-07,KC,2-3,3.3,3.45,2.25,7952
2024-08-07,KC,3-4,2.7,2.9,2.4,2118
2024-08-07,KC,4-5,2.6,2.65,2.35,1310
2024-08-07,KC,5-6,2.65,2.85,2.25,515
2024-08-07,SB,1-2,-0.32,-0.3,-0.35,7184
2024-08-07,SB,2-3,0.71,0.72,0.67,4328
2024-08-07,SB,3-4,0.41,0.41,0.31,2571
2024-08-07,SB,4-5,0.01,0.02,-0.03,813
2024-08-07,SB,5-6,-0.28,-0.26,-0.3,730
2024-08-08,CC,1-2,1464.0,1788.0,1420.0,6926
2024-08-08,CC,2-3,721.0,850.0,706.0,3287
2024-08-08,CC,3-4,200.0,254.0,183.0,1492
2024-08-08,CC,4-5,136.0,174.0,117.0,1017
2024-08-08,CC,5-6,125.0,146.0,102.0,550
2024-08-08,CT,1-2,-1.49,-1.38,-1.64,4389
2024-08-08,CT,2-3,-1.26,-1.16,-1.3,1165
2024-08-08,CT,3-4,-0.92,-0.86,-1.02,455
2024-08-08,CT,4-5,0.99,1.09,0.69,185
2024-08-08,CT,5-6,-1.34,,,
2024-08-08,KC,1-2,5.95,6.7,4.2,23517
2024-08-08,KC,2-3,4.05,4.3,3.15,9841
2024-08-08,KC,3-4,2.9,3.15,2.55,3126
2024-08-08,KC,4-5,2.85,3.05,2.5,1800
2024-08-08,KC,5-6,2.9,3.25,2.7,454
2024-08-08,SB,1-2,-0.27,-0.23,-0.33,18973
2024-08-08,SB,2-3,0.71,0.77,0.69,5527
2024-08-08,SB,3-4,0.43,0.46,0.37,3726
2024-08-08,SB,4-5,0.02,0.07,-0.01,1462
2024-08-08,SB,5-6,-0.25,-0.23,-0.29,1461
2024-08-09,CC,1-2,1708.0,1750.0,1468.0,6763
2024-08-09,CC,2-3,860.0,920.0,732.0,4041
2024-08-09,CC,3-4,304.0,315.0,210.0,1408
2024-08-09,CC,4-5,204.0,221.0,145.0,856
2024-08-09,CC,5-6,174.0,194.0,132.0,480
2024-08-09,CT,1-2,-1.34,-1.31,-1.55,5218
2024-08-09,CT,2-3,-1.23,-1.13,-1.26,1940
2024-08-09,CT,3-4,-0.83,-0.77,-0.9,592
2024-08-09,CT,4-5,1.64,1.75,1.09,595
2024-08-09,CT,5-6,-1.32,-1.29,-1.29,1
2024-08-09,KC,1-2,3.8,6.05,3.55,15762
2024-08-09,KC,2-3,3.45,4.3,3.4,6777
2024-08-09,KC,3-4,2.15,3.2,2.0,2833
2024-08-09,KC,4-5,2.35,3.05,2.2,1512
2024-08-09,KC,5-6,2.4,3.0,2.25,262
2024-08-09,SB,1-2,-0.29,-0.25,-0.31,9206
2024-08-09,SB,2-3,0.68,0.75,0.66,5676
2024-08-09,SB,3-4,0.43,0.48,0.4,2104
2024-08-09,SB,4-5,0.06,0.07,0.03,1405
2024-08-09,SB,5-6,-0.24,-0.22,-0.26,601
2024-08-12,CC,1-2,1779.0,1840.0,1609.0,6944
2024-08-12,CC,2-3,810.0,863.0,780.0,3030
2024-08-12,CC,3-4,243.0,319.0,237.0,896
2024-08-12,CC,4-5,165.0,204.0,162.0,503
2024-08-12,CC,5-6,148.0,180.0,144.0,164
2024-08-12,CT,1-2,-1.43,-1.16,-1.49,7311
2024-08-12,CT,2-3,-1.22,-1.0,-1.28,3053
2024-08-12,CT,3-4,-0.78,-0.56,-0.89,1436
2024-08-12,CT,4-5,1.68,2.09,1.59,1385
2024-08-12,CT,5-6,-1.31,-1.28,-1.34,3
2024-08-12,KC,1-2,2.3,6.35,1.8,16372
2024-08-12,KC,2-3,3.15,4.25,3.05,6947
2024-08-12,KC,3-4,2.4,2.7,2.3,2783
2024-08-12,KC,4-5,2.5,2.85,2.45,1788
2024-08-12,KC,5-6,2.35,2.9,2.3,490
2024-08-12,SB,1-2,-0.28,-0.27,-0.31,10671
2024-08-12,SB,2-3,0.64,0.68,0.63,5850
2024-08-12,SB,3-4,0.37,0.43,0.36,840
2024-08-12,SB,4-5,0.0,0.05,,627
2024-08-12,SB,5-6,-0.27,-0.24,-0.28,459
2024-08-13,CC,1-2,1811.0,1880.0,1639.0,6885
2024-08-13,CC,2-3,829.0,871.0,802.0,2548
2024-08-13,CC,3-4,276.0,293.0,241.0,757
2024-08-13,CC,4-5,181.0,190.0,159.0,290
2024-08-13,CC,5-6,160.0,164.0,143.0,68
2024-08-13,CT,1-2,-1.58,-1.37,-1.61,4365
2024-08-13,CT,2-3,-1.34,-1.18,-1.35,1432
2024-08-13,CT,3-4,-0.92,-0.74,-0.93,516
2024-08-13,CT,4-5,1.42,1.78,1.37,371
2024-08-13,CT,5-6,-1.31,,,
2024-08-13,KC,1-2,3.65,4.0,1.3,16677
2024-08-13,KC,2-3,2.75,3.35,2.2,6842
2024-08-13,KC,3-4,2.1,2.4,1.95,2943
2024-08-13,KC,4-5,2.25,2.45,2.1,1494
2024-08-13,KC,5-6,2.15,2.3,2.05,348
2024-08-13,SB,1-2,-0.27,-0.25,-0.3,8725
2024-08-13,SB,2-3,0.63,0.68,0.62,4573
2024-08-13,SB,3-4,0.36,0.41,0.36,1175
2024-08-13,SB,4-5,0.0,0.03,,574
2024-08-13,SB,5-6,-0.27,-0.25,-0.28,440
2024-08-14,CC,1-2,1866.0,1890.0,1736.0,3053
2024-08-14,CC,2-3,843.0,865.0,795.0,1916
2024-08-14,CC,3-4,252.0,284.0,246.0,481
2024-08-14,CC,4-5,165.0,189.0,156.0,221
2024-08-14,CC,5-6,151.0,163.0,141.0,126
2024-08-14,CT,1-2,-1.6,-1.5,-1.67,2804
2024-08-14,CT,2-3,-1.36,-1.28,-1.38,1466
2024-08-14,CT,3-4,-0.99,-0.9,-1.02,556
2024-08-14,CT,4-5,1.26,1.49,1.25,288
2024-08-14,CT,5-6,-1.32,-1.33,-1.34,4
2024-08-14,KC,1-2,2.35,3.65,1.8,7641
2024-08-14,KC,2-3,2.5,2.95,2.4,5123
2024-08-14,KC,3-4,2.15,2.4,1.95,1847
2024-08-14,KC,4-5,2.35,2.45,2.2,1124
2024-08-14,KC,5-6,2.15,2.35,2.1,265
2024-08-14,SB,1-2,-0.29,-0.26,-0.3,8628
2024-08-14,SB,2-3,0.61,0.64,0.59,4982
2024-08-14,SB,3-4,0.34,0.36,0.32,1382
2024-08-14,SB,4-5,-0.04,0.01,-0.05,498
2024-08-14,SB,5-6,-0.29,-0.27,-0.3,620
2024-08-15,CC,1-2,1537.0,1877.0,1407.0,3536
2024-08-15,CC,2-3,839.0,885.0,799.0,2659
2024-08-15,CC,3-4,235.0,277.0,225.0,715
2024-08-15,CC,4-5,149.0,173.0,146.0,390
2024-08-15,CC,5-6,137.0,161.0,135.0,204
2024-08-15,CT,1-2,-1.57,-1.46,-1.62,2191
2024-08-15,CT,2-3,-1.32,-1.25,-1.36,1240
2024-08-15,CT,3-4,-0.95,-0.85,-1.01,465
2024-08-15,CT,4-5,1.28,1.5,1.26,423
2024-08-15,CT,5-6,-1.33,,,
2024-08-15,KC,1-2,1.85,2.5,1.55,5581
2024-08-15,KC,2-3,2.35,2.95,2.25,3437
2024-08-15,KC,3-4,2.25,2.45,2.1,1488
2024-08-15,KC,4-5,2.4,2.55,2.25,610
2024-08-15,KC,5-6,2.25,2.4,2.05,465
2024-08-15,SB,1-2,-0.31,-0.28,-0.32,9774
2024-08-15,SB,2-3,0.61,0.64,0.59,5002
2024-08-15,SB,3-4,0.36,0.37,0.31,2898
2024-08-15,SB,4-5,-0.04,-0.03,-0.06,1062
2024-08-15,SB,5-6,-0.31,-0.29,-0.33,2213
2024-08-16,CC,1-2,1550.0,1832.0,1353.0,2058
2024-08-16,CC,2-3,912.0,962.0,830.0,1801
2024-08-16,CC,3-4,244.0,268.0,231.0,610
2024-08-16,CC,4-5,154.0,166.0,146.0,364
2024-08-16,CC,5-6,148.0,151.0,142.0,200
2024-08-16,CT,1-2,-1.5,-1.48,-1.67,2844
2024-08-16,CT,2-3,-1.25,-1.23,-1.35,1260
2024-08-16,CT,3-4,-0.9,-0.89,-1.02,512
2024-08-16,CT,4-5,1.13,1.4,1.03,309
2024-08-16,CT,5-6,-1.33,-1.33,-1.33,2
2024-08-16,KC,1-2,1.35,2.2,1.1,4179
2024-08-16,KC,2-3,2.5,2.65,2.2,3443
2024-08-16,KC,3-4,2.45,2.55,2.15,1727
2024-08-16,KC,4-5,2.45,2.5,2.3,686
2024-08-16,KC,5-6,2.35,2.45,2.25,296
2024-08-16,SB,1-2,-0.32,-0.28,-0.33,6771
2024-08-16,SB,2-3,0.61,0.66,0.6,3777
2024-08-16,SB,3-4,0.38,0.41,0.34,2106
2024-08-16,SB,4-5,-0.02,,-0.06,1018
2024-08-16,SB,5-6,-0.31,-0.29,-0.33,684
2024-08-19,CC,1-2,1835.0,1890.0,1661.0,2104
2024-08-19,CC,2-3,1006.0,1081.0,866.0,2116
2024-08-19,CC,3-4,291.0,313.0,228.0,974
2024-08-19,CC,4-5,173.0,192.0,144.0,498
2024-08-19,CC,5-6,164.0,185.0,140.0,315
2024-08-19,CT,1-2,-1.38,-1.25,-1.54,3669
2024-08-19,CT,2-3,-1.15,-1.08,-1.27,1862
2024-08-19,CT,3-4,-0.75,-0.71,-0.94,958
2024-08-19,CT,4-5,1.61,1.75,1.21,538
2024-08-19,CT,5-6,-1.3,,,
2024-08-19,KC,1-2,1.55,2.0,1.0,3536
2024-08-19,KC,2-3,2.7,2.8,2.45,3823
2024-08-19,KC,3-4,2.25,2.6,2.15,1872
2024-08-19,KC,4-5,2.4,2.55,2.3,587
2024-08-19,KC,5-6,2.3,2.5,2.3,247
2024-08-19,SB,1-2,-0.35,-0.3,-0.36,8333
2024-08-19,SB,2-3,0.59,0.62,0.58,3250
2024-08-19,SB,3-4,0.37,0.38,0.34,1593
2024-08-19,SB,4-5,-0.03,-0.01,-0.05,854
2024-08-19,SB,5-6,-0.31,-0.3,-0.32,320
2024-08-20,CC,1-2,1846.0,1885.0,1804.0,1335
2024-08-20,CC,2-3,1214.0,1265.0,972.0,4304
2024-08-20,CC,3-4,315.0,323.0,272.0,953
2024-08-20,CC,4-5,195.0,199.0,164.0,448
2024-08-20,CC,5-6,174.0,178.0,157.0,244
2024-08-20,CT,1-2,-1.34,-1.26,-1.4,2894
2024-08-20,CT,2-3,-1.08,-1.05,-1.14,1208
2024-08-20,CT,3-4,-0.64,-0.57,-0.75,510
2024-08-20,CT,4-5,1.74,1.79,1.62,347
2024-08-20,CT,5-6,-1.26,-1.24,-1.24,1
2024-08-20,KC,1-2,0.95,2.25,,4030
2024-08-20,KC,2-3,2.6,2.85,2.4,5008
2024-08-20,KC,3-4,2.25,2.4,2.15,2276
2024-08-20,KC,4-5,2.45,2.55,2.35,929
2024-08-20,KC,5-6,2.4,2.5,2.35,322
2024-08-20,SB,1-2,-0.35,-0.34,-0.36,12137
2024-08-20,SB,2-3,0.55,0.59,0.55,4545
2024-08-20,SB,3-4,0.3,0.36,0.29,4826
2024-08-20,SB,4-5,-0.08,-0.02,-0.08,1924
2024-08-20,SB,5-6,-0.34,-0.3,-0.34,1110
2024-08-21,CC,1-2,1885.0,1929.0,1770.0,1403
2024-08-21,CC,2-3,1256.0,1325.0,1185.0,4004
2024-08-21,CC,3-4,331.0,352.0,304.0,1108
2024-08-21,CC,4-5,214.0,239.0,186.0,456
2024-08-21,CC,5-6,192.0,211.0,171.0,282
2024-08-21,CT,1-2,-1.27,-1.23,-1.42,3260
2024-08-21,CT,2-3,-1.05,-1.03,-1.1,1160
2024-08-21,CT,3-4,-0.55,-0.52,-0.64,696
2024-08-21,CT,4-5,2.04,2.12,1.64,714
2024-08-21,CT,5-6,-1.27,,,
2024-08-21,KC,1-2,0.2,2.5,-0.45,2530
2024-08-21,KC,2-3,2.2,2.65,2.0,4860
2024-08-21,KC,3-4,2.1,2.3,2.0,2248
2024-08-21,KC,4-5,2.35,2.45,2.3,812
2024-08-21,KC,5-6,2.25,2.4,2.2,335
2024-08-21,SB,1-2,-0.32,-0.31,-0.36,9723
2024-08-21,SB,2-3,0.57,0.6,0.54,4180
2024-08-21,SB,3-4,0.32,0.34,0.28,1898
2024-08-21,SB,4-5,-0.07,-0.06,-0.09,1400
2024-08-21,SB,5-6,-0.32,-0.32,-0.34,779
2024-08-22,CC,1-2,1939.0,1975.0,1888.0,1933
2024-08-22,CC,2-3,1267.0,1305.0,1170.0,3153
2024-08-22,CC,3-4,328.0,340.0,307.0,857
2024-08-22,CC,4-5,215.0,224.0,190.0,273
2024-08-22,CC,5-6,197.0,202.0,175.0,193
2024-08-22,CT,1-2,-1.52,-1.23,-1.53,2740
2024-08-22,CT,2-3,-1.19,-1.02,-1.2,1027
2024-08-22,CT,3-4,-0.61,-0.51,-0.67,464
2024-08-22,CT,4-5,1.93,2.3,1.63,247
2024-08-22,CT,5-6,-1.27,-1.31,-1.31,2
2024-08-22,KC,1-2,3.9,4.4,0.15,225
2024-08-22,KC,2-3,1.7,2.05,1.55,4220
2024-08-22,KC,3-4,1.9,2.1,1.8,2320
2024-08-22,KC,4-5,2.15,2.35,2.1,1182
2024-08-22,KC,5-6,2.25,2.25,2.1,611
2024-08-22,SB,1-2,-0.32,-0.31,-0.34,9607
2024-08-22,SB,2-3,0.61,0.63,0.58,3287
2024-08-22,SB,3-4,0.36,0.38,0.32,2794
2024-08-22,SB,4-5,-0.04,-0.02,-0.06,1116
2024-08-22,SB,5-6,-0.3,-0.29,-0.32,664
2024-08-23,CC,1-2,2010.0,2015.0,1789.0,990
2024-08-23,CC,2-3,1290.0,1313.0,1227.0,1565
2024-08-23,CC,3-4,334.0,349.0,313.0,527
2024-08-23,CC,4-5,215.0,225.0,200.0,213
2024-08-23,CC,5-6,200.0,204.0,185.0,213
2024-08-23,CT,1-2,-1.37,-1.29,-1.53,2905
2024-08-23,CT,2-3,-1.1,-1.01,-1.2,1423
2024-08-23,CT,3-4,-0.53,-0.5,-0.66,702
2024-08-23,CT,4-5,2.17,2.25,1.73,551
2024-08-23,CT,5-6,-1.24,-1.31,-1.33,2
2024-08-23,KC,1-2,3.9,4.4,2.2,45
2024-08-23,KC,2-3,2.5,2.65,1.6,3010
2024-08-23,KC,3-4,2.2,2.25,1.75,1765
2024-08-23,KC,4-5,2.4,2.45,2.0,698
2024-08-23,KC,5-6,2.5,2.55,2.1,589
2024-08-23,SB,1-2,-0.33,-0.29,-0.34,15355
2024-08-23,SB,2-3,0.69,0.71,0.61,7572
2024-08-23,SB,3-4,0.43,0.44,0.36,3197
2024-08-23,SB,4-5,0.04,0.05,-0.04,2608
2024-08-23,SB,5-6,-0.23,-0.22,-0.3,1706
2024-08-26,CC,1-2,1870.0,2000.0,1840.0,49
2024-08-26,CC,2-3,1223.0,1366.0,1210.0,1920
2024-08-26,CC,3-4,326.0,347.0,309.0,310
2024-08-26,CC,4-5,216.0,227.0,196.0,157
2024-08-26,CC,5-6,199.0,211.0,183.0,63
2024-08-26,CT,1-2,-1.53,-1.35,-1.54,3115
2024-08-26,CT,2-3,-1.17,-1.03,-1.2,1222
2024-08-26,CT,3-4,-0.6,-0.46,-0.6,480
2024-08-26,CT,4-5,2.01,2.29,1.93,336
2024-08-26,CT,5-6,-1.24,,,
2024-08-26,KC,1-2,4.0,4.5,0.35,12
2024-08-26,KC,2-3,2.5,2.7,2.2,2250
2024-08-26,KC,3-4,2.35,2.45,2.2,950
2024-08-26,KC,4-5,2.65,2.65,2.4,562
2024-08-26,KC,5-6,2.85,2.85,2.55,336
2024-08-26,SB,1-2,-0.33,-0.29,-0.37,27645
2024-08-26,SB,2-3,0.74,0.78,0.71,10216
2024-08-26,SB,3-4,0.47,0.48,0.43,5106
2024-08-26,SB,4-5,0.12,0.13,0.04,3494
2024-08-26,SB,5-6,-0.17,-0.16,-0.22,2066
2024-08-27,CC,1-2,1960.0,2000.0,1975.0,35
2024-08-27,CC,2-3,1327.0,1375.0,1225.0,2017
2024-08-27,CC,3-4,340.0,377.0,313.0,702
2024-08-27,CC,4-5,230.0,250.0,207.0,400
2024-08-27,CC,5-6,218.0,235.0,191.0,320
2024-08-27,CT,1-2,-1.6,-1.5,-1.68,3540
2024-08-27,CT,2-3,-1.19,-1.12,-1.21,1647
2024-08-27,CT,3-4,-0.62,-0.52,-0.67,652
2024-08-27,CT,4-5,2.09,2.15,1.88,336
2024-08-27,CT,5-6,-1.24,,,
2024-08-27,KC,1-2,4.15,4.65,2.2,57
2024-08-27,KC,2-3,2.1,2.9,2.05,5938
2024-08-27,KC,3-4,2.35,2.6,2.15,2743
2024-08-27,KC,4-5,2.6,2.75,2.4,1175
2024-08-27,KC,5-6,2.95,3.0,2.65,554
2024-08-27,SB,1-2,-0.33,-0.31,-0.35,28647
2024-08-27,SB,2-3,0.81,0.84,0.73,10543
2024-08-27,SB,3-4,0.53,0.54,0.41,8919
2024-08-27,SB,4-5,0.16,0.16,0.09,4765
2024-08-27,SB,5-6,-0.14,-0.13,-0.21,3362
2024-08-28,CC,1-2,1989.0,2000.0,2000.0,11
2024-08-28,CC,2-3,1284.0,1343.0,1224.0,3129
2024-08-28,CC,3-4,363.0,381.0,321.0,966
2024-08-28,CC,4-5,242.0,250.0,226.0,511
2024-08-28,CC,5-6,231.0,234.0,205.0,360
2024-08-28,CT,1-2,-1.65,-1.6,-1.73,3245
2024-08-28,CT,2-3,-1.25,-1.19,-1.3,1247
2024-08-28,CT,3-4,-0.84,-0.63,-0.87,1075
2024-08-28,CT,4-5,1.65,2.09,1.62,460
2024-08-28,CT,5-6,-1.31,-1.3,-1.38,25
2024-08-28,KC,1-2,4.0,4.65,3.35,12
2024-08-28,KC,2-3,2.45,2.6,2.05,4966
2024-08-28,KC,3-4,2.4,2.6,2.25,2242
2024-08-28,KC,4-5,2.65,2.8,2.5,911
2024-08-28,KC,5-6,2.9,3.0,2.8,271
2024-08-28,SB,1-2,-0.3,-0.29,-0.35,26996
2024-08-28,SB,2-3,0.78,0.82,0.75,9335
2024-08-28,SB,3-4,0.51,0.53,0.45,5315
2024-08-28,SB,4-5,0.15,0.16,0.1,2914
2024-08-28,SB,5-6,-0.16,-0.13,-0.19,2173
2024-08-29,CC,1-2,1987.0,2000.0,1910.0,13
2024-08-29,CC,2-3,1172.0,1239.0,1161.0,3262
2024-08-29,CC,3-4,358.0,383.0,341.0,1181
2024-08-29,CC,4-5,246.0,262.0,232.0,875
2024-08-29,CC,5-6,234.0,246.0,209.0,383
2024-08-29,CT,1-2,-1.6,-1.55,-1.69,4100
2024-08-29,CT,2-3,-1.18,-1.17,-1.28,1390
2024-08-29,CT,3-4,-0.67,-0.65,-0.84,923
2024-08-29,CT,4-5,2.05,2.15,1.6,435
2024-08-29,CT,5-6,-1.26,-1.23,-1.25,4
2024-08-29,KC,1-2,4.2,4.75,4.05,51
2024-08-29,KC,2-3,2.4,2.65,2.1,4233
2024-08-29,KC,3-4,2.4,2.5,2.2,2141
2024-08-29,KC,4-5,2.8,2.8,2.6,1069
2024-08-29,KC,5-6,3.0,3.0,2.85,329
2024-08-29,SB,1-2,-0.22,-0.17,-0.31,30711
2024-08-29,SB,2-3,0.86,0.89,0.79,10426
2024-08-29,SB,3-4,0.56,0.58,0.49,9809
2024-08-29,SB,4-5,0.2,0.21,0.13,8153
2024-08-29,SB,5-6,-0.1,-0.08,-0.16,5707
2024-08-30,CC,1-2,1995.0,2000.0,2000.0,23
2024-08-30,CC,2-3,1222.0,1261.0,1151.0,2202
2024-08-30,CC,3-4,377.0,405.0,357.0,640
2024-08-30,CC,4-5,257.0,278.0,245.0,303
2024-08-30,CC,5-6,241.0,258.0,228.0,194
2024-08-30,CT,1-2,-1.66,-1.52,-1.68,3215
2024-08-30,CT,2-3,-1.22,-1.16,-1.26,724
2024-08-30,CT,3-4,-0.68,-0.6,-0.79,455
2024-08-30,CT,4-5,2.09,2.24,1.93,246
2024-08-30,CT,5-6,-1.26,,,
2024-08-30,KC,1-2,4.15,4.75,4.15,18
2024-08-30,KC,2-3,1.95,2.5,1.9,4809
2024-08-30,KC,3-4,2.25,2.5,2.2,2250
2024-08-30,KC,4-5,2.85,2.9,2.7,1209
2024-08-30,KC,5-6,3.0,3.2,2.9,547
2024-08-30,SB,1-2,-0.28,-0.17,-0.29,27544
2024-08-30,SB,2-3,0.8,0.89,0.79,6123
2024-08-30,SB,3-4,0.5,0.58,0.49,5037
2024-08-30,SB,4-5,0.17,0.22,0.16,5063
2024-08-30,SB,5-6,-0.13,-0.08,-0.14,2096
2024-09-03,CC,1-2,2393.0,2400.0,2000.0,13
2024-09-03,CC,2-3,1148.0,1220.0,1111.0,3857
2024-09-03,CC,3-4,305.0,385.0,273.0,1532
2024-09-03,CC,4-5,201.0,260.0,195.0,738
2024-09-03,CC,5-6,197.0,243.0,193.0,515
2024-09-03,CT,1-2,-1.71,-1.62,-1.74,4571
2024-09-03,CT,2-3,-1.18,-1.12,-1.34,2244
2024-09-03,CT,3-4,-0.6,-0.49,-0.8,1385
2024-09-03,CT,4-5,2.39,2.47,1.84,841
2024-09-03,CT,5-6,-1.26,-1.29,-1.29,1
2024-09-03,KC,1-2,3.95,4.45,3.5,20
2024-09-03,KC,2-3,1.75,2.2,1.75,4672
2024-09-03,KC,3-4,1.95,2.3,1.9,1776
2024-09-03,KC,4-5,2.5,2.8,2.45,840
2024-09-03,KC,5-6,2.85,3.0,2.75,290
2024-09-03,SB,1-2,-0.32,-0.25,-0.33,29536
2024-09-03,SB,2-3,0.81,0.87,0.78,6599
2024-09-03,SB,3-4,0.52,0.55,0.47,5070
2024-09-03,SB,4-5,0.19,0.22,0.14,4669
2024-09-03,SB,5-6,-0.08,-0.07,-0.15,2467
2024-09-04,CC,1-2,2400.0,2400.0,2400.0,6
2024-09-04,CC,2-3,997.0,1136.0,972.0,4100
2024-09-04,CC,3-4,233.0,318.0,213.0,1588
2024-09-04,CC,4-5,168.0,205.0,156.0,632
2024-09-04,CC,5-6,167.0,203.0,157.0,500
2024-09-04,CT,1-2,-1.73,-1.66,-1.8,4167
2024-09-04,CT,2-3,-1.21,-1.16,-1.27,916
2024-09-04,CT,3-4,-0.6,-0.55,-0.7,473
2024-09-04,CT,4-5,2.15,2.33,2.03,421
2024-09-04,CT,5-6,-1.26,,,
2024-09-04,KC,1-2,1.85,4.1,2.0,3
2024-09-04,KC,2-3,1.7,1.9,1.55,4280
2024-09-04,KC,3-4,1.95,2.1,1.85,1450
2024-09-04,KC,4-5,2.5,2.6,2.4,610
2024-09-04,KC,5-6,2.7,2.9,2.65,346
2024-09-04,SB,1-2,-0.32,-0.28,-0.33,22399
2024-09-04,SB,2-3,0.76,0.81,0.75,5964
2024-09-04,SB,3-4,0.49,0.52,0.47,2727
2024-09-04,SB,4-5,0.17,0.2,0.15,3890
2024-09-04,SB,5-6,-0.12,-0.08,-0.15,2346
2024-09-05,CC,1-2,2380.0,2400.0,2400.0,6
2024-09-05,CC,2-3,1111.0,1140.0,997.0,2653
2024-09-05,CC,3-4,261.0,266.0,212.0,1144
2024-09-05,CC,4-5,181.0,189.0,155.0,688
2024-09-05,CC,5-6,180.0,190.0,163.0,371
2024-09-05,CT,1-2,-1.81,-1.61,-1.85,3673
2024-09-05,CT,2-3,-1.26,-1.21,-1.3,1088
2024-09-05,CT,3-4,-0.65,-0.61,-0.73,426
2024-09-05,CT,4-5,2.21,2.35,1.97,277
2024-09-05,CT,5-6,-1.26,,,
2024-09-05,KC,1-2,2.4,,,
2024-09-05,KC,2-3,1.55,1.9,1.5,4071
2024-09-05,KC,3-4,1.95,2.15,1.85,2440
2024-09-05,KC,4-5,2.45,2.65,2.35,640
2024-09-05,KC,5-6,2.65,2.8,2.55,463
2024-09-05,SB,1-2,-0.31,-0.28,-0.32,20087
2024-09-05,SB,2-3,0.76,0.83,0.75,6127
2024-09-05,SB,3-4,0.48,0.53,0.47,2122
2024-09-05,SB,4-5,0.14,0.19,0.13,2110
2024-09-05,SB,5-6,-0.12,-0.09,-0.13,1699
2024-09-06,CC,1-2,2378.0,,,
2024-09-06,CC,2-3,1108.0,1225.0,1095.0,2807
2024-09-06,CC,3-4,227.0,268.0,222.0,720
2024-09-06,CC,4-5,155.0,191.0,152.0,767
2024-09-06,CC,5-6,150.0,185.0,147.0,320
2024-09-06,CT,1-2,-1.81,-1.75,-1.86,3885
2024-09-06,CT,2-3,-1.33,-1.25,-1.35,1445
2024-09-06,CT,3-4,-0.85,-0.66,-0.85,805
2024-09-06,CT,4-5,1.52,2.09,1.44,669
2024-09-06,CT,5-6,-1.29,,,
2024-09-06,KC,1-2,4.05,4.3,3.95,3
2024-09-06,KC,2-3,1.45,1.7,1.4,4007
2024-09-06,KC,3-4,1.65,2.0,1.6,1795
2024-09-06,KC,4-5,2.2,2.45,2.15,838
2024-09-06,KC,5-6,2.4,2.6,2.35,361
2024-09-06,SB,1-2,-0.36,-0.28,-0.36,29682
2024-09-06,SB,2-3,0.73,0.82,0.72,7634
2024-09-06,SB,3-4,0.46,0.55,0.45,3402
2024-09-06,SB,4-5,0.1,0.19,0.09,2237
2024-09-06,SB,5-6,-0.15,-0.09,-0.16,1619
2024-09-09,CC,1-2,2364.0,,,
2024-09-09,CC,2-3,1333.0,1360.0,1184.0,5390
2024-09-09,CC,3-4,305.0,310.0,235.0,1004
2024-09-09,CC,4-5,195.0,199.0,163.0,823
2024-09-09,CC,5-6,186.0,189.0,158.0,456
2024-09-09,CT,1-2,-1.77,-1.75,-1.86,4158
2024-09-09,CT,2-3,-1.34,-1.29,-1.37,1045
2024-09-09,CT,3-4,-0.9,-0.81,-0.91,437
2024-09-09,CT,4-5,1.35,1.59,1.29,226
2024-09-09,CT,5-6,-1.26,,,
2024-09-09,KC,1-2,4.05,,,
2024-09-09,KC,2-3,1.95,2.1,1.45,5573
2024-09-09,KC,3-4,2.1,2.25,1.6,2892
2024-09-09,KC,4-5,2.55,2.7,2.15,1151
2024-09-09,KC,5-6,2.55,2.6,2.35,598
2024-09-09,SB,1-2,-0.28,-0.23,-0.35,56893
2024-09-09,SB,2-3,0.72,0.76,0.7,11878
2024-09-09,SB,3-4,0.45,0.48,0.43,3298
2024-09-09,SB,4-5,0.06,0.1,0.05,2392
2024-09-09,SB,5-6,-0.18,-0.14,-0.2,1211
2024-09-10,CC,1-2,2383.0,2400.0,2400.0,3
2024-09-10,CC,2-3,1328.0,1375.0,1292.0,4002
2024-09-10,CC,3-4,228.0,293.0,222.0,1193
2024-09-10,CC,4-5,162.0,187.0,155.0,1154
2024-09-10,CC,5-6,156.0,179.0,150.0,600
2024-09-10,CT,1-2,-1.63,-1.62,-1.78,4540
2024-09-10,CT,2-3,-1.29,-1.28,-1.35,1867
2024-09-10,CT,3-4,-0.88,-0.81,-0.9,601
2024-09-10,CT,4-5,1.45,1.64,1.38,201
2024-09-10,CT,5-6,-1.26,,,
2024-09-10,KC,1-2,0.8,0.95,,4
2024-09-10,KC,2-3,2.4,2.7,2.0,5309
2024-09-10,KC,3-4,2.35,2.7,2.15,2383
2024-09-10,KC,4-5,2.7,3.1,2.55,1461
2024-09-10,KC,5-6,2.8,3.1,2.55,513
2024-09-10,SB,1-2,-0.31,-0.25,-0.32,60524
2024-09-10,SB,2-3,0.71,0.74,0.7,10906
2024-09-10,SB,3-4,0.45,0.48,0.43,6957
2024-09-10,SB,4-5,0.03,0.08,0.03,2427
2024-09-10,SB,5-6,-0.22,-0.17,-0.22,1216
2024-09-11,CC,1-2,2387.0,2400.0,2400.0,4
2024-09-11,CC,2-3,1571.0,1591.0,1343.0,5731
2024-09-11,CC,3-4,297.0,337.0,238.0,1586
2024-09-11,CC,4-5,192.0,205.0,164.0,1357
2024-09-11,CC,5-6,180.0,198.0,163.0,966
2024-09-11,CT,1-2,-1.56,-1.54,-1.68,4080
2024-09-11,CT,2-3,-1.19,-1.18,-1.33,1907
2024-09-11,CT,3-4,-0.68,-0.66,-0.9,1042
2024-09-11,CT,4-5,1.88,2.09,1.42,577
2024-09-11,CT,5-6,-1.26,,,
2024-09-11,KC,1-2,2.8,2.95,2.95,1
2024-09-11,KC,2-3,2.2,2.65,2.0,5041
2024-09-11,KC,3-4,2.3,2.65,2.2,2304
2024-09-11,KC,4-5,2.7,3.1,2.6,1487
2024-09-11,KC,5-6,2.85,3.15,2.7,361
2024-09-11,SB,1-2,-0.34,-0.27,-0.35,63522
2024-09-11,SB,2-3,0.77,0.81,0.71,11550
2024-09-11,SB,3-4,0.49,0.53,0.45,6646
2024-09-11,SB,4-5,0.03,0.1,0.01,4933
2024-09-11,SB,5-6,-0.23,-0.17,-0.25,1835
2024-09-12,CC,1-2,2380.0,2400.0,2400.0,1
2024-09-12,CC,2-3,1533.0,1611.0,1376.0,3929
2024-09-12,CC,3-4,313.0,340.0,284.0,1429
2024-09-12,CC,4-5,193.0,201.0,177.0,1233
2024-09-12,CC,5-6,161.0,183.0,152.0,929
2024-09-12,CT,1-2,-1.43,-1.37,-1.58,5232
2024-09-12,CT,2-3,-1.13,-1.1,-1.22,1466
2024-09-12,CT,3-4,-0.58,-0.53,-0.73,960
2024-09-12,CT,4-5,2.19,2.27,1.66,608
2024-09-12,CT,5-6,-1.27,-1.29,-1.29,4
2024-09-12,KC,1-2,2.6,,,
2024-09-12,KC,2-3,2.4,2.7,2.05,4330
2024-09-12,KC,3-4,2.4,2.6,2.35,1979
2024-09-12,KC,4-5,2.85,2.95,2.75,881
2024-09-12,KC,5-6,2.9,2.95,2.8,290
2024-09-12,SB,1-2,-0.35,-0.28,-0.37,73526
2024-09-12,SB,2-3,0.82,0.87,0.78,10611
2024-09-12,SB,3-4,0.53,0.55,0.47,5935
2024-09-12,SB,4-5,0.05,0.08,0.01,4638
2024-09-12,SB,5-6,-0.19,-0.18,-0.24,1926
2024-09-13,CC,1-2,2384.0,2400.0,2400.0,1
2024-09-13,CC,2-3,1538.0,1589.0,1453.0,3772
2024-09-13,CC,3-4,422.0,427.0,290.0,1825
2024-09-13,CC,4-5,208.0,214.0,168.0,1029
2024-09-13,CC,5-6,165.0,178.0,140.0,1129
2024-09-13,CT,1-2,-1.42,-1.35,-1.54,3474
2024-09-13,CT,2-3,-1.17,-1.08,-1.23,1530
2024-09-13,CT,3-4,-0.65,-0.51,-0.75,880
2024-09-13,CT,4-5,2.0,2.45,1.95,630
2024-09-13,CT,5-6,-1.26,,,
2024-09-13,KC,1-2,2.6,2.95,2.95,2
2024-09-13,KC,2-3,2.85,3.05,2.55,5279
2024-09-13,KC,3-4,2.65,2.8,2.4,2441
2024-09-13,KC,4-5,3.0,3.2,2.85,822
2024-09-13,KC,5-6,3.0,3.3,2.9,714
2024-09-13,SB,1-2,-0.4,-0.34,-0.4,64350
2024-09-13,SB,2-3,0.77,0.86,0.77,7666
2024-09-13,SB,3-4,0.48,0.55,0.47,3769
2024-09-13,SB,4-5,0.03,0.09,0.02,2523
2024-09-13,SB,5-6,-0.22,-0.17,-0.23,982
2024-09-16,CC,1-2,1587.0,1604.0,1459.0,3012
2024-09-16,CC,2-3,378.0,434.0,364.0,1653
2024-09-16,CC,3-4,220.0,223.0,185.0,866
2024-09-16,CC,4-5,179.0,188.0,158.0,787
2024-09-16,CC,5-6,189.0,191.0,168.0,443
2024-09-16,CT,1-2,-1.42,-1.23,-1.42,7204
2024-09-16,CT,2-3,-1.01,-0.82,-1.16,4075
2024-09-16,CT,3-4,-0.56,-0.2,-0.66,4123
2024-09-16,CT,4-5,3.37,3.8,2.03,3446
2024-09-16,CT,5-6,-1.01,-0.86,-1.3,63
2024-09-16,KC,1-2,0.5,,,
2024-09-16,KC,2-3,2.45,3.25,2.3,6167
2024-09-16,KC,3-4,2.45,3.0,2.35,3197
2024-09-16,KC,4-5,3.15,3.65,3.0,1654
2024-09-16,KC,5-6,3.5,3.95,3.2,1099
2024-09-16,SB,1-2,-0.41,-0.36,-0.42,27378
2024-09-16,SB,2-3,0.81,0.85,0.77,8743
2024-09-16,SB,3-4,0.49,0.53,0.46,3951
2024-09-16,SB,4-5,0.04,0.09,0.02,1621
2024-09-16,SB,5-6,-0.21,-0.16,-0.23,838
2024-09-17,CC,1-2,1538.0,1590.0,1507.0,1827
2024-09-17,CC,2-3,364.0,386.0,325.0,835
2024-09-17,CC,3-4,206.0,219.0,185.0,711
2024-09-17,CC,4-5,176.0,185.0,155.0,852
2024-09-17,CC,5-6,187.0,194.0,171.0,348
2024-09-17,CT,1-2,-1.53,-1.26,-1.6,6556
2024-09-17,CT,2-3,-1.06,-0.96,-1.11,2079
2024-09-17,CT,3-4,-0.58,-0.47,-0.62,1388
2024-09-17,CT,4-5,3.14,3.51,2.84,1048
2024-09-17,CT,5-6,-1.03,-0.97,-0.98,6
2024-09-17,KC,1-2,0.5,2.95,2.95,3
2024-09-17,KC,2-3,2.15,2.7,2.1,4374
2024-09-17,KC,3-4,2.5,2.7,2.3,2560
2024-09-17,KC,4-5,3.25,3.5,3.05,844
2024-09-17,KC,5-6,3.65,3.8,3.4,317
2024-09-17,SB,1-2,-0.39,-0.28,-0.45,45300
2024-09-17,SB,2-3,0.91,0.95,0.81,17587
2024-09-17,SB,3-4,0.58,0.6,0.47,10763
2024-09-17,SB,4-5,0.14,0.15,0.04,4371
2024-09-17,SB,5-6,-0.14,-0.13,-0.22,2564
2024-09-18,CC,1-2,1596.0,1616.0,1502.0,3873
2024-09-18,CC,2-3,394.0,419.0,351.0,1057
2024-09-18,CC,3-4,233.0,242.0,204.0,635
2024-09-18,CC,4-5,202.0,208.0,182.0,545
2024-09-18,CC,5-6,205.0,208.0,193.0,279
2024-09-18,CT,1-2,-1.72,-1.44,-1.75,5798
2024-09-18,CT,2-3,-1.15,-0.97,-1.16,2107
2024-09-18,CT,3-4,-0.62,-0.52,-0.7,1293
2024-09-18,CT,4-5,2.91,3.3,2.47,677
2024-09-18,CT,5-6,-1.02,-0.97,-1.1,5
2024-09-18,KC,1-2,-1.25,-2.0,-2.0,2
2024-09-18,KC,2-3,2.1,2.3,1.9,3523
2024-09-18,KC,3-4,2.45,2.75,2.35,2538
2024-09-18,KC,4-5,3.25,3.65,3.0,1326
2024-09-18,KC,5-6,4.0,4.1,3.65,385
2024-09-18,SB,1-2,-0.39,-0.32,-0.41,40209
2024-09-18,SB,2-3,1.29,1.47,0.89,49683
2024-09-18,SB,3-4,0.73,0.77,0.56,31502
2024-09-18,SB,4-5,0.22,0.23,0.13,13444
2024-09-18,SB,5-6,-0.06,-0.06,-0.15,5898
2024-09-19,CC,1-2,1550.0,1650.0,1530.0,1713
2024-09-19,CC,2-3,372.0,422.0,363.0,863
2024-09-19,CC,3-4,235.0,245.0,224.0,634
2024-09-19,CC,4-5,208.0,215.0,194.0,583
2024-09-19,CC,5-6,222.0,230.0,201.0,369
2024-09-19,CT,1-2,-1.57,-1.48,-1.75,5571
2024-09-19,CT,2-3,-1.01,-0.95,-1.22,2721
2024-09-19,CT,3-4,-0.46,-0.41,-0.66,2188
2024-09-19,CT,4-5,3.45,3.65,2.74,1777
2024-09-19,CT,5-6,-0.87,-0.78,-1.05,104
2024-09-19,KC,1-2,1.95,2.35,1.9,3954
2024-09-19,KC,2-3,2.3,2.5,2.2,2300
2024-09-19,KC,3-4,2.8,3.1,2.7,1156
2024-09-19,KC,4-5,3.45,3.8,3.35,464
2024-09-19,KC,5-6,4.55,4.75,4.2,296
2024-09-19,SB,1-2,-0.11,-0.05,-0.39,41414
2024-09-19,SB,2-3,1.3,1.4,1.2,24667
2024-09-19,SB,3-4,0.81,0.86,0.67,12998
2024-09-19,SB,4-5,0.25,0.26,0.16,9541
2024-09-19,SB,5-6,-0.04,-0.03,-0.1,5342
2024-09-20,CC,1-2,1452.0,1570.0,1440.0,2138
2024-09-20,CC,2-3,343.0,383.0,333.0,1183
2024-09-20,CC,3-4,238.0,247.0,225.0,821
2024-09-20,CC,4-5,209.0,223.0,194.0,684
2024-09-20,CC,5-6,226.0,242.0,216.0,314
2024-09-20,CT,1-2,-1.62,-1.4,-1.66,5133
2024-09-20,CT,2-3,-1.02,-0.87,-1.05,2172
2024-09-20,CT,3-4,-0.45,-0.31,-0.47,1381
2024-09-20,CT,4-5,3.6,3.89,3.35,1488
2024-09-20,CT,5-6,-0.65,-0.6,-0.83,53
2024-09-20,KC,1-2,2.1,2.4,1.9,5133
2024-09-20,KC,2-3,2.2,2.4,2.1,2494
2024-09-20,KC,3-4,2.65,2.9,2.5,1056
2024-09-20,KC,4-5,3.25,3.45,3.2,411
2024-09-20,KC,5-6,4.5,4.7,4.4,243
2024-09-20,SB,1-2,-0.08,0.29,-0.11,43160
2024-09-20,SB,2-3,1.64,1.7,1.33,26481
2024-09-20,SB,3-4,1.08,1.12,0.84,18216
2024-09-20,SB,4-5,0.34,0.36,0.25,15675
2024-09-20,SB,5-6,0.0,0.01,-0.04,7294
2024-09-23,CC,1-2,1447.0,1582.0,1412.0,2351
2024-09-23,CC,2-3,342.0,399.0,331.0,1266
2024-09-23,CC,3-4,255.0,278.0,237.0,1183
2024-09-23,CC,4-5,243.0,255.0,206.0,1085
2024-09-23,CC,5-6,258.0,267.0,232.0,311
2024-09-23,CT,1-2,-1.75,-1.55,-1.78,6944
2024-09-23,CT,2-3,-1.07,-0.92,-1.1,2358
2024-09-23,CT,3-4,-0.46,-0.35,-0.49,941
2024-09-23,CT,4-5,3.65,3.9,3.39,1059
2024-09-23,CT,5-6,-0.45,-0.45,-0.63,85
2024-09-23,KC,1-2,2.35,2.45,1.95,4495
2024-09-23,KC,2-3,2.5,2.65,2.1,2492
2024-09-23,KC,3-4,2.95,3.1,2.45,1130
2024-09-23,KC,4-5,3.45,3.8,3.1,645
2024-09-23,KC,5-6,4.9,5.3,4.4,372
2024-09-23,SB,1-2,-0.06,0.11,-0.14,17189
2024-09-23,SB,2-3,1.5,1.76,1.42,16497
2024-09-23,SB,3-4,0.99,1.11,0.92,7405
2024-09-23,SB,4-5,0.32,0.37,0.3,5612
2024-09-23,SB,5-6,0.01,0.03,-0.02,3368
2024-09-24,CC,1-2,1541.0,1579.0,1429.0,2324
2024-09-24,CC,2-3,363.0,392.0,342.0,1106
2024-09-24,CC,3-4,245.0,264.0,240.0,995
2024-09-24,CC,4-5,235.0,248.0,229.0,563
2024-09-24,CC,5-6,261.0,269.0,252.0,169
2024-09-24,CT,1-2,-1.76,-1.62,-1.81,10135
2024-09-24,CT,2-3,-1.08,-0.98,-1.15,2751
2024-09-24,CT,3-4,-0.46,-0.37,-0.48,2077
2024-09-24,CT,4-5,4.13,4.27,3.39,1196
2024-09-24,CT,5-6,-0.52,-0.31,-0.49,56
2024-09-24,KC,1-2,1.95,2.55,1.9,6798
2024-09-24,KC,2-3,2.5,2.75,2.35,2530
2024-09-24,KC,3-4,3.1,3.3,2.8,1109
2024-09-24,KC,4-5,3.65,3.7,3.4,639
2024-09-24,KC,5-6,5.2,5.35,4.85,272
2024-09-24,SB,1-2,0.0,0.05,-0.08,10060
2024-09-24,SB,2-3,1.58,1.64,1.45,11129
2024-09-24,SB,3-4,1.08,1.14,0.97,9158
2024-09-24,SB,4-5,0.36,0.37,0.29,5354
2024-09-24,SB,5-6,0.04,0.05,,2870
2024-09-25,CC,1-2,1529.0,1587.0,1488.0,2187
2024-09-25,CC,2-3,442.0,459.0,367.0,1024
2024-09-25,CC,3-4,279.0,296.0,235.0,999
2024-09-25,CC,4-5,264.0,279.0,227.0,624
2024-09-25,CC,5-6,289.0,301.0,251.0,249
2024-09-25,CT,1-2,-1.8,-1.67,-1.83,4896
2024-09-25,CT,2-3,-1.12,-1.05,-1.13,1468
2024-09-25,CT,3-4,-0.51,-0.42,-0.53,1154
2024-09-25,CT,4-5,3.61,4.25,3.48,683
2024-09-25,CT,5-6,-0.33,-0.33,-0.51,50
2024-09-25,KC,1-2,2.25,2.35,2.0,4592
2024-09-25,KC,2-3,2.7,2.75,2.45,1745
2024-09-25,KC,3-4,3.25,3.4,3.0,1012
2024-09-25,KC,4-5,3.85,4.05,3.5,483
2024-09-25,KC,5-6,5.7,6.1,5.2,400
2024-09-25,SB,1-2,0.01,0.05,-0.02,13746
2024-09-25,SB,2-3,1.69,1.74,1.48,10916
2024-09-25,SB,3-4,1.13,1.18,1.01,7285
2024-09-25,SB,4-5,0.38,0.38,0.3,5215
2024-09-25,SB,5-6,0.05,0.06,,2522
2024-09-26,CC,1-2,1450.0,1699.0,1405.0,6602
2024-09-26,CC,2-3,456.0,592.0,428.0,2570
2024-09-26,CC,3-4,336.0,423.0,291.0,2194
2024-09-26,CC,4-5,323.0,398.0,271.0,1429
2024-09-26,CC,5-6,347.0,403.0,291.0,670
2024-09-26,CT,1-2,-1.75,-1.73,-1.83,5590
2024-09-26,CT,2-3,-1.1,-1.01,-1.17,2302
2024-09-26,CT,3-4,-0.47,-0.41,-0.53,1587
2024-09-26,CT,4-5,3.5,4.04,3.38,1216
2024-09-26,CT,5-6,-0.3,-0.06,-0.35,48
2024-09-26,KC,1-2,2.15,2.45,2.0,4807
2024-09-26,KC,2-3,2.7,3.0,2.6,2095
2024-09-26,KC,3-4,3.45,3.9,3.3,973
2024-09-26,KC,4-5,3.8,4.35,3.75,535
2024-09-26,KC,5-6,6.05,6.4,5.7,354
2024-09-26,SB,1-2,0.08,0.1,0.03,8306
2024-09-26,SB,2-3,1.59,1.77,1.56,10734
2024-09-26,SB,3-4,1.03,1.21,1.02,11235
2024-09-26,SB,4-5,0.34,0.39,0.32,5802
2024-09-26,SB,5-6,0.03,0.06,0.03,2325
2024-09-27,CC,1-2,1518.0,1585.0,1454.0,2540
2024-09-27,CC,2-3,490.0,496.0,442.0,1849
2024-09-27,CC,3-4,357.0,365.0,331.0,1292
2024-09-27,CC,4-5,334.0,342.0,311.0,962
2024-09-27,CC,5-6,357.0,366.0,340.0,379
2024-09-27,CT,1-2,-1.8,-1.74,-1.84,4274
2024-09-27,CT,2-3,-1.09,-1.01,-1.16,2167
2024-09-27,CT,3-4,-0.47,-0.38,-0.56,812
2024-09-27,CT,4-5,3.22,3.93,2.81,788
2024-09-27,CT,5-6,-0.2,0.02,-0.18,30
2024-09-27,KC,1-2,2.25,2.4,2.15,4995
2024-09-27,KC,2-3,2.55,2.8,2.45,2074
2024-09-27,KC,3-4,3.15,3.6,2.9,1192
2024-09-27,KC,4-5,3.55,4.0,3.4,583
2024-09-27,KC,5-6,5.5,6.05,5.4,464
2024-09-27,SB,1-2,0.15,0.2,0.04,8982
2024-09-27,SB,2-3,1.44,1.6,1.4,13974
2024-09-27,SB,3-4,0.92,1.04,0.91,11362
2024-09-27,SB,4-5,0.23,0.33,0.21,5850
2024-09-27,SB,5-6,-0.03,0.03,-0.05,2556
2024-09-30,CC,1-2,1357.0,1526.0,1290.0,3640
2024-09-30,CC,2-3,378.0,476.0,373.0,1823
2024-09-30,CC,3-4,287.0,368.0,283.0,1616
2024-09-30,CC,4-5,275.0,339.0,273.0,798
2024-09-30,CC,5-6,313.0,364.0,312.0,294
2024-09-30,CT,1-2,-1.75,-1.73,-1.86,5759
2024-09-30,CT,2-3,-1.16,-1.03,-1.19,2836
2024-09-30,CT,3-4,-0.55,-0.35,-0.58,2359
2024-09-30,CT,4-5,3.7,3.74,3.12,1098
2024-09-30,CT,5-6,-0.14,-0.06,-0.19,62
2024-09-30,KC,1-2,2.3,2.4,2.0,5253
2024-09-30,KC,2-3,2.7,2.8,2.3,2672
2024-09-30,KC,3-4,3.05,3.2,2.8,1565
2024-09-30,KC,4-5,3.4,3.55,3.2,609
2024-09-30,KC,5-6,5.15,5.5,5.05,394
2024-09-30,SB,1-2,0.2,0.21,0.06,2823
2024-09-30,SB,2-3,1.42,1.47,1.35,11725
2024-09-30,SB,3-4,0.93,0.94,0.86,6305
2024-09-30,SB,4-5,0.23,0.23,0.16,4457
2024-09-30,SB,5-6,-0.05,-0.02,-0.08,2176
2024-10-01,CC,1-2,1053.0,1333.0,1025.0,6705
2024-10-01,CC,2-3,322.0,392.0,297.0,3674
2024-10-01,CC,3-4,209.0,302.0,200.0,2269
2024-10-01,CC,4-5,204.0,292.0,194.0,1194
2024-10-01,CC,5-6,245.0,324.0,241.0,590
2024-10-01,CT,1-2,-1.99,-1.71,-2.0,7190
2024-10-01,CT,2-3,-1.2,-1.11,-1.23,2788
2024-10-01,CT,3-4,-0.58,-0.52,-0.64,1807
2024-10-01,CT,4-5,3.49,4.06,3.25,930
2024-10-01,CT,5-6,-0.34,-0.2,-0.26,2
2024-10-01,KC,1-2,2.0,2.35,1.9,5872
2024-10-01,KC,2-3,2.35,2.75,2.3,2261
2024-10-01,KC,3-4,2.8,3.1,2.75,1047
2024-10-01,KC,4-5,3.3,3.6,3.25,270
2024-10-01,KC,5-6,5.3,5.4,5.1,217
2024-10-01,SB,1-2,1.52,1.55,1.41,11709
2024-10-01,SB,2-3,1.07,1.11,0.93,12699
2024-10-01,SB,3-4,0.33,0.34,0.22,4498
2024-10-01,SB,4-5,-0.01,0.01,-0.06,3133
2024-10-01,SB,5-6,1.23,1.23,1.1,955
2024-10-02,CC,1-2,1080.0,1142.0,955.0,4872
2024-10-02,CC,2-3,341.0,367.0,301.0,2586
2024-10-02,CC,3-4,232.0,236.0,191.0,2101
2024-10-02,CC,4-5,226.0,229.0,195.0,843
2024-10-02,CC,5-6,265.0,268.0,243.0,290
2024-10-02,CT,1-2,-1.98,-1.94,-2.07,4026
2024-10-02,CT,2-3,-1.23,-1.12,-1.24,1770
2024-10-02,CT,3-4,-0.64,-0.54,-0.66,1586
2024-10-02,CT,4-5,3.81,3.94,3.31,942
2024-10-02,CT,5-6,-0.31,,,
2024-10-02,KC,1-2,1.75,2.2,1.65,7798
2024-10-02,KC,2-3,1.95,2.35,1.9,4024
2024-10-02,KC,3-4,2.45,2.85,2.4,2240
2024-10-02,KC,4-5,2.9,3.35,2.85,918
2024-10-02,KC,5-6,4.9,5.3,4.65,466
2024-10-02,SB,1-2,1.53,1.62,1.5,7301
2024-10-02,SB,2-3,0.99,1.12,0.96,7529
2024-10-02,SB,3-4,0.28,0.35,0.26,2066
2024-10-02,SB,4-5,-0.03,0.01,-0.05,2062
2024-10-02,SB,5-6,1.21,1.24,1.14,777
2024-10-03,CC,1-2,992.0,1100.0,923.0,4047
2024-10-03,CC,2-3,350.0,387.0,296.0,2039
2024-10-03,CC,3-4,234.0,253.0,216.0,1600
2024-10-03,CC,4-5,231.0,248.0,218.0,822
2024-10-03,CC,5-6,274.0,289.0,258.0,298
2024-10-03,CT,1-2,-2.07,-1.96,-2.09,4844
2024-10-03,CT,2-3,-1.25,-1.19,-1.28,1388
2024-10-03,CT,3-4,-0.61,-0.58,-0.71,1776
2024-10-03,CT,4-5,3.29,3.9,3.09,583
2024-10-03,CT,5-6,-0.44,-0.37,-0.48,23
2024-10-03,KC,1-2,1.55,1.9,1.5,4711
2024-10-03,KC,2-3,1.95,2.15,1.9,1906
2024-10-03,KC,3-4,2.5,2.6,2.4,2027
2024-10-03,KC,4-5,2.9,3.05,2.85,313
2024-10-03,KC,5-6,4.75,5.05,4.7,264
2024-10-03,SB,1-2,1.69,1.72,1.5,11122
2024-10-03,SB,2-3,1.11,1.12,0.97,7512
2024-10-03,SB,3-4,0.35,0.35,0.25,3435
2024-10-03,SB,4-5,0.0,0.01,-0.05,2444
2024-10-03,SB,5-6,1.31,1.33,1.17,1032
2024-10-04,CC,1-2,912.0,950.0,869.0,5029
2024-10-04,CC,2-3,386.0,407.0,338.0,1819
2024-10-04,CC,3-4,246.0,252.0,213.0,1705
2024-10-04,CC,4-5,240.0,246.0,214.0,836
2024-10-04,CC,5-6,287.0,292.0,259.0,200
2024-10-04,CT,1-2,-2.01,-1.98,-2.09,3333
2024-10-04,CT,2-3,-1.24,-1.18,-1.28,1788
2024-10-04,CT,3-4,-0.6,-0.55,-0.69,1071
2024-10-04,CT,4-5,3.52,3.6,3.07,663
2024-10-04,CT,5-6,-0.41,,,
2024-10-04,KC,1-2,1.7,1.95,1.45,4589
2024-10-04,KC,2-3,2.1,2.2,1.95,1967
2024-10-04,KC,3-4,2.55,2.65,2.45,967
2024-10-04,KC,4-5,2.95,3.05,2.8,668
2024-10-04,KC,5-6,4.85,4.95,4.75,336
2024-10-04,SB,1-2,1.74,1.76,1.61,8475
2024-10-04,SB,2-3,1.09,1.14,1.05,4126
2024-10-04,SB,3-4,0.31,0.36,0.27,2405
2024-10-04,SB,4-5,-0.02,0.01,-0.04,2449
2024-10-04,SB,5-6,1.29,1.36,1.24,947
2024-10-07,CC,1-2,901.0,940.0,870.0,3707
2024-10-07,CC,2-3,353.0,381.0,342.0,1216
2024-10-07,CC,3-4,235.0,245.0,223.0,1236
2024-10-07,CC,4-5,226.0,238.0,220.0,392
2024-10-07,CC,5-6,275.0,282.0,267.0,151
2024-10-07,CT,1-2,-2.09,-1.93,-2.1,5276
2024-10-07,CT,2-3,-1.28,-1.19,-1.3,3037
2024-10-07,CT,3-4,-0.66,-0.55,-0.69,1871
2024-10-07,CT,4-5,3.74,4.0,3.47,963
2024-10-07,CT,5-6,-0.44,-0.51,-0.51,1
2024-10-07,KC,1-2,1.3,1.8,1.25,7408
2024-10-07,KC,2-3,1.9,2.1,1.85,2580
2024-10-07,KC,3-4,2.35,2.6,2.3,1317
2024-10-07,KC,4-5,2.75,2.95,2.7,381
2024-10-07,KC,5-6,4.55,4.85,4.5,274
2024-10-07,SB,1-2,1.62,1.75,1.58,7763
2024-10-07,SB,2-3,0.98,1.09,0.96,4620
2024-10-07,SB,3-4,0.24,0.31,0.23,2555
2024-10-07,SB,4-5,-0.06,-0.01,-0.07,1898
2024-10-07,SB,5-6,1.21,1.29,1.18,764
2024-10-08,CC,1-2,870.0,990.0,855.0,2926
2024-10-08,CC,2-3,379.0,400.0,348.0,1320
2024-10-08,CC,3-4,260.0,272.0,234.0,1108
2024-10-08,CC,4-5,250.0,261.0,234.0,369
2024-10-08,CC,5-6,293.0,304.0,279.0,180
2024-10-08,CT,1-2,-2.15,-2.01,-2.17,6211
2024-10-08,CT,2-3,-1.33,-1.18,-1.35,3079
2024-10-08,CT,3-4,-0.78,-0.66,-0.8,1522
2024-10-08,CT,4-5,3.32,3.63,3.0,902
2024-10-08,CT,5-6,-0.54,-0.43,-0.63,20
2024-10-08,KC,1-2,1.25,1.45,1.2,4030
2024-10-08,KC,2-3,1.8,2.0,1.75,1767
2024-10-08,KC,3-4,2.3,2.45,2.2,1043
2024-10-08,KC,4-5,2.65,2.85,2.65,349
2024-10-08,KC,5-6,4.45,4.65,4.4,321
2024-10-08,SB,1-2,1.55,1.62,1.51,8596
2024-10-08,SB,2-3,0.95,0.99,0.93,6136
2024-10-08,SB,3-4,0.23,0.25,0.2,2159
2024-10-08,SB,4-5,-0.07,-0.05,-0.09,1227
2024-10-08,SB,5-6,1.19,1.22,1.16,513
2024-10-09,CC,1-2,833.0,930.0,814.0,3170
2024-10-09,CC,2-3,429.0,439.0,359.0,1959
2024-10-09,CC,3-4,281.0,293.0,256.0,1452
2024-10-09,CC,4-5,274.0,287.0,253.0,460
2024-10-09,CC,5-6,316.0,333.0,300.0,214
2024-10-09,CT,1-2,-2.11,-2.05,-2.17,5754
2024-10-09,CT,2-3,-1.34,-1.29,-1.36,2570
2024-10-09,CT,3-4,-0.79,-0.73,-0.83,1274
2024-10-09,CT,4-5,3.34,3.53,3.15,453
2024-10-09,CT,5-6,-0.64,-0.62,-0.73,22
2024-10-09,KC,1-2,1.25,1.4,1.2,4392
2024-10-09,KC,2-3,1.8,1.9,1.7,2500
2024-10-09,KC,3-4,2.3,2.4,2.2,1272
2024-10-09,KC,4-5,2.7,2.8,2.6,528
2024-10-09,KC,5-6,4.55,4.75,4.4,380
2024-10-09,SB,1-2,1.55,1.59,1.47,11189
2024-10-09,SB,2-3,0.92,0.95,0.9,5318
2024-10-09,SB,3-4,0.22,0.24,0.18,3250
2024-10-09,SB,4-5,-0.09,-0.06,-0.11,1962
2024-10-09,SB,5-6,1.12,1.19,1.08,896
2024-10-10,CC,1-2,878.0,892.0,802.0,3280
2024-10-10,CC,2-3,418.0,429.0,378.0,1160
2024-10-10,CC,3-4,275.0,279.0,241.0,1292
2024-10-10,CC,4-5,260.0,288.0,235.0,708
2024-10-10,CC,5-6,297.0,318.0,274.0,420
2024-10-10,CT,1-2,-2.09,-2.03,-2.13,5213
2024-10-10,CT,2-3,-1.36,-1.28,-1.38,2841
2024-10-10,CT,3-4,-0.83,-0.76,-0.87,1508
2024-10-10,CT,4-5,3.48,3.49,3.13,400
2024-10-10,CT,5-6,-0.79,-0.73,-0.84,23
2024-10-10,KC,1-2,1.3,1.4,1.2,4445
2024-10-10,KC,2-3,1.85,2.05,1.75,2516
2024-10-10,KC,3-4,2.45,2.8,2.3,1612
2024-10-10,KC,4-5,3.0,3.45,2.7,828
2024-10-10,KC,5-6,4.95,5.5,4.65,702
2024-10-10,SB,1-2,1.58,1.61,1.51,6884
2024-10-10,SB,2-3,0.93,0.94,0.89,4059
2024-10-10,SB,3-4,0.25,0.25,0.2,3036
2024-10-10,SB,4-5,-0.08,-0.07,-0.11,1685
2024-10-10,SB,5-6,1.13,1.18,1.09,1054
2024-10-11,CC,1-2,871.0,910.0,842.0,2755
2024-10-11,CC,2-3,384.0,450.0,371.0,1376
2024-10-11,CC,3-4,284.0,302.0,266.0,1162
2024-10-11,CC,4-5,272.0,286.0,246.0,654
2024-10-11,CC,5-6,302.0,318.0,292.0,291
2024-10-11,CT,1-2,-2.12,-1.95,-2.15,5343
2024-10-11,CT,2-3,-1.38,-1.25,-1.38,3658
2024-10-11,CT,3-4,-0.86,-0.69,-0.87,2353
2024-10-11,CT,4-5,3.15,3.82,3.03,768
2024-10-11,CT,5-6,-0.76,,,
2024-10-11,KC,1-2,1.3,1.45,1.2,4598
2024-10-11,KC,2-3,1.85,2.1,1.8,2595
2024-10-11,KC,3-4,2.65,2.8,2.55,1077
2024-10-11,KC,4-5,3.2,3.45,3.1,408
2024-10-11,KC,5-6,5.05,5.55,5.05,359
2024-10-11,SB,1-2,1.65,1.72,1.58,12442
2024-10-11,SB,2-3,0.97,1.02,0.93,6609
2024-10-11,SB,3-4,0.26,0.29,0.23,4992
2024-10-11,SB,4-5,-0.07,-0.04,-0.08,2154
2024-10-11,SB,5-6,1.18,1.23,1.12,1393
2024-10-14,CC,1-2,759.0,878.0,732.0,2733
2024-10-14,CC,2-3,341.0,391.0,323.0,1242
2024-10-14,CC,3-4,244.0,290.0,241.0,1136
2024-10-14,CC,4-5,241.0,278.0,238.0,413
2024-10-14,CC,5-6,285.0,304.0,279.0,147
2024-10-14,CT,1-2,-2.16,-2.08,-2.21,5258
2024-10-14,CT,2-3,-1.45,-1.36,-1.46,1917
2024-10-14,CT,3-4,-0.92,-0.84,-0.94,1373
2024-10-14,CT,4-5,2.67,3.05,2.53,802
2024-10-14,CT,5-6,-0.85,-0.83,-0.91,10
2024-10-14,KC,1-2,1.5,1.55,1.25,5382
2024-10-14,KC,2-3,2.05,2.3,1.75,4104
2024-10-14,KC,3-4,3.2,3.7,2.65,1756
2024-10-14,KC,4-5,3.95,4.5,3.2,1065
2024-10-14,KC,5-6,5.8,6.55,5.3,682
2024-10-14,SB,1-2,1.69,1.72,1.6,6811
2024-10-14,SB,2-3,0.98,1.0,0.91,3816
2024-10-14,SB,3-4,0.29,0.3,0.23,2837
2024-10-14,SB,4-5,-0.06,-0.05,-0.09,1295
2024-10-14,SB,5-6,1.21,1.22,1.16,482
2024-10-15,CC,1-2,819.0,825.0,732.0,2372
2024-10-15,CC,2-3,406.0,418.0,311.0,1219
2024-10-15,CC,3-4,289.0,296.0,234.0,959
2024-10-15,CC,4-5,281.0,286.0,234.0,328
2024-10-15,CC,5-6,314.0,319.0,276.0,120
2024-10-15,CT,1-2,-2.13,-2.1,-2.18,4107
2024-10-15,CT,2-3,-1.46,-1.39,-1.49,2104
2024-10-15,CT,3-4,-0.92,-0.88,-0.94,890
2024-10-15,CT,4-5,2.5,2.72,2.43,652
2024-10-15,CT,5-6,-0.9,-0.95,-0.97,5
2024-10-15,KC,1-2,1.2,1.55,1.15,3803
2024-10-15,KC,2-3,1.95,2.35,1.9,2635
2024-10-15,KC,3-4,3.15,3.75,3.1,1725
2024-10-15,KC,4-5,3.95,4.6,3.8,949
2024-10-15,KC,5-6,5.95,6.6,5.85,336
2024-10-15,SB,1-2,1.83,1.88,1.64,10807
2024-10-15,SB,2-3,1.05,1.08,0.94,7632
2024-10-15,SB,3-4,0.36,0.37,0.27,5522
2024-10-15,SB,4-5,-0.01,,-0.07,2688
2024-10-15,SB,5-6,1.3,1.32,1.17,2545
2024-10-16,CC,1-2,817.0,847.0,764.0,2471
2024-10-16,CC,2-3,337.0,427.0,319.0,1473
2024-10-16,CC,3-4,246.0,296.0,235.0,1082
2024-10-16,CC,4-5,247.0,292.0,237.0,510
2024-10-16,CC,5-6,306.0,328.0,290.0,429
2024-10-16,CT,1-2,-2.08,-1.97,-2.14,5136
2024-10-16,CT,2-3,-1.45,-1.41,-1.48,2083
2024-10-16,CT,3-4,-0.91,-0.86,-0.93,1033
2024-10-16,CT,4-5,2.72,2.93,2.45,493
2024-10-16,CT,5-6,-0.9,,,
2024-10-16,KC,1-2,1.35,1.45,1.1,4950
2024-10-16,KC,2-3,1.95,2.15,1.85,2512
2024-10-16,KC,3-4,3.25,3.45,3.15,1455
2024-10-16,KC,4-5,3.95,4.2,3.85,446
2024-10-16,KC,5-6,5.9,6.4,5.9,273
2024-10-16,SB,1-2,1.63,1.85,1.61,7297
2024-10-16,SB,2-3,0.93,1.06,0.91,4546
2024-10-16,SB,3-4,0.24,0.37,0.23,2289
2024-10-16,SB,4-5,-0.1,,-0.11,1381
2024-10-16,SB,5-6,1.2,1.33,1.19,734
2024-10-17,CC,1-2,811.0,824.0,770.0,2554
2024-10-17,CC,2-3,365.0,379.0,295.0,1721
2024-10-17,CC,3-4,241.0,263.0,205.0,1334
2024-10-17,CC,4-5,241.0,261.0,206.0,706
2024-10-17,CC,5-6,328.0,333.0,288.0,499
2024-10-17,CT,1-2,-2.09,-2.02,-2.11,7027
2024-10-17,CT,2-3,-1.46,-1.41,-1.48,2090
2024-10-17,CT,3-4,-0.95,-0.89,-0.97,848
2024-10-17,CT,4-5,2.5,2.69,2.27,571
2024-10-17,CT,5-6,-0.85,-0.94,-1.0,19
2024-10-17,KC,1-2,1.3,1.5,1.2,4234
2024-10-17,KC,2-3,1.85,2.0,1.75,2478
2024-10-17,KC,3-4,3.1,3.3,3.05,1310
2024-10-17,KC,4-5,3.75,4.1,3.7,522
2024-10-17,KC,5-6,5.9,6.15,5.9,232
2024-10-17,SB,1-2,1.71,1.73,1.59,8183
2024-10-17,SB,2-3,0.95,0.96,0.88,3803
2024-10-17,SB,3-4,0.26,0.27,0.2,2414
2024-10-17,SB,4-5,-0.09,-0.07,-0.11,1280
2024-10-17,SB,5-6,1.21,1.26,1.17,1056
2024-10-18,CC,1-2,797.0,824.0,765.0,2740
2024-10-18,CC,2-3,314.0,359.0,301.0,1145
2024-10-18,CC,3-4,214.0,242.0,207.0,792
2024-10-18,CC,4-5,221.0,245.0,210.0,490
2024-10-18,CC,5-6,315.0,341.0,308.0,362
2024-10-18,CT,1-2,-2.1,-2.0,-2.15,5278
2024-10-18,CT,2-3,-1.44,-1.42,-1.47,1775
2024-10-18,CT,3-4,-0.94,-0.9,-0.97,814
2024-10-18,CT,4-5,2.6,2.9,2.45,639
2024-10-18,CT,5-6,-0.87,-0.95,-1.0,20
2024-10-18,KC,1-2,1.3,1.4,1.2,3254
2024-10-18,KC,2-3,1.95,2.15,1.75,1886
2024-10-18,KC,3-4,3.25,3.55,3.05,1124
2024-10-18,KC,4-5,3.75,4.05,3.7,952
2024-10-18,KC,5-6,6.05,6.35,5.95,351
2024-10-18,SB,1-2,1.74,1.79,1.7,5051
2024-10-18,SB,2-3,0.93,1.01,0.91,2496
2024-10-18,SB,3-4,0.24,0.3,0.22,2324
2024-10-18,SB,4-5,-0.11,-0.04,-0.11,1129
2024-10-18,SB,5-6,1.22,1.27,1.2,371
2024-10-21,CC,1-2,747.0,793.0,732.0,2205
2024-10-21,CC,2-3,318.0,334.0,295.0,1144
2024-10-21,CC,3-4,217.0,236.0,205.0,859
2024-10-21,CC,4-5,220.0,237.0,214.0,451
2024-10-21,CC,5-6,322.0,339.0,315.0,278
2024-10-21,CT,1-2,-1.92,-1.89,-2.09,6502
2024-10-21,CT,2-3,-1.38,-1.34,-1.45,3838
2024-10-21,CT,3-4,-0.94,-0.89,-0.97,2142
2024-10-21,CT,4-5,2.95,3.08,2.58,837
2024-10-21,CT,5-6,-0.72,-0.58,-1.04,45
2024-10-21,KC,1-2,1.25,1.45,1.15,5002
2024-10-21,KC,2-3,1.9,2.05,1.8,2578
2024-10-21,KC,3-4,3.2,3.55,3.0,1542
2024-10-21,KC,4-5,3.7,3.9,3.5,887
2024-10-21,KC,5-6,5.8,6.0,5.55,446
2024-10-21,SB,1-2,1.64,1.76,1.6,6678
2024-10-21,SB,2-3,0.87,0.95,0.83,4026
2024-10-21,SB,3-4,0.21,0.26,0.18,3243
2024-10-21,SB,4-5,-0.13,-0.08,-0.14,1257
2024-10-21,SB,5-6,1.17,1.25,1.16,475
2024-10-22,CC,1-2,655.0,767.0,625.0,3501
2024-10-22,CC,2-3,310.0,321.0,295.0,1467
2024-10-22,CC,3-4,216.0,221.0,200.0,1204
2024-10-22,CC,4-5,221.0,224.0,210.0,396
2024-10-22,CC,5-6,311.0,329.0,299.0,213
2024-10-22,CT,1-2,-1.96,-1.89,-2.01,5916
2024-10-22,CT,2-3,-1.37,-1.33,-1.39,1720
2024-10-22,CT,3-4,-0.96,-0.9,-0.98,758
2024-10-22,CT,4-5,2.77,3.07,2.7,514
2024-10-22,CT,5-6,-0.7,-0.83,-0.84,5
2024-10-22,KC,1-2,1.1,1.3,1.05,4867
2024-10-22,KC,2-3,1.55,1.9,1.35,2700
2024-10-22,KC,3-4,2.8,3.15,2.75,1872
2024-10-22,KC,4-5,3.55,3.65,3.45,429
2024-10-22,KC,5-6,5.75,5.95,5.65,269
2024-10-22,SB,1-2,1.6,1.69,1.57,11195
2024-10-22,SB,2-3,0.81,0.89,0.79,5966
2024-10-22,SB,3-4,0.21,0.24,0.18,2291
2024-10-22,SB,4-5,-0.13,-0.1,-0.14,753
2024-10-22,SB,5-6,1.12,1.18,1.11,740
2024-10-23,CC,1-2,589.0,655.0,578.0,3625
2024-10-23,CC,2-3,309.0,324.0,295.0,1771
2024-10-23,CC,3-4,220.0,227.0,203.0,947
2024-10-23,CC,4-5,218.0,226.0,203.0,443
2024-10-23,CC,5-6,299.0,314.0,280.0,222
2024-10-23,CT,1-2,-2.02,-1.9,-2.05,5578
2024-10-23,CT,2-3,-1.33,-1.28,-1.39,2846
2024-10-23,CT,3-4,-0.92,-0.85,-0.97,1693
2024-10-23,CT,4-5,3.03,3.29,2.65,1253
2024-10-23,CT,5-6,-0.57,-0.6,-0.65,6
2024-10-23,KC,1-2,1.3,1.45,1.1,5643
2024-10-23,KC,2-3,1.5,1.65,1.2,3327
2024-10-23,KC,3-4,2.75,3.0,2.55,2226
2024-10-23,KC,4-5,3.6,3.7,3.35,658
2024-10-23,KC,5-6,5.8,6.05,5.7,535
2024-10-23,SB,1-2,1.73,1.78,1.62,12699
2024-10-23,SB,2-3,0.94,0.99,0.82,18746
2024-10-23,SB,3-4,0.25,0.29,0.21,5306
2024-10-23,SB,4-5,-0.1,-0.09,-0.13,2070
2024-10-23,SB,5-6,1.2,1.21,1.12,824
2024-10-24,CC,1-2,511.0,590.0,500.0,4639
2024-10-24,CC,2-3,298.0,326.0,292.0,2990
2024-10-24,CC,3-4,229.0,237.0,201.0,1637
2024-10-24,CC,4-5,226.0,232.0,202.0,1003
2024-10-24,CC,5-6,281.0,297.0,273.0,549
2024-10-24,CT,1-2,-2.09,-1.95,-2.1,4761
2024-10-24,CT,2-3,-1.41,-1.26,-1.44,2682
2024-10-24,CT,3-4,-0.95,-0.89,-0.97,2978
2024-10-24,CT,4-5,2.85,3.1,2.65,1505
2024-10-24,CT,5-6,-0.61,-0.65,-0.65,15
2024-10-24,KC,1-2,1.0,1.45,0.95,7411
2024-10-24,KC,2-3,1.45,1.65,1.4,2775
2024-10-24,KC,3-4,2.75,3.0,2.7,1659
2024-10-24,KC,4-5,3.5,3.8,3.4,470
2024-10-24,KC,5-6,5.55,5.95,5.45,348
2024-10-24,SB,1-2,1.7,1.76,1.68,7242
2024-10-24,SB,2-3,0.91,1.0,0.89,5400
2024-10-24,SB,3-4,0.23,0.27,0.23,3312
2024-10-24,SB,4-5,-0.11,-0.08,-0.11,1526
2024-10-24,SB,5-6,1.18,1.21,1.16,739
2024-10-25,CC,1-2,460.0,542.0,403.0,5609
2024-10-25,CC,2-3,305.0,343.0,292.0,3197
2024-10-25,CC,3-4,223.0,259.0,212.0,1075
2024-10-25,CC,4-5,214.0,249.0,209.0,758
2024-10-25,CC,5-6,269.0,292.0,264.0,470
2024-10-25,CT,1-2,-2.19,-2.02,-2.2,6100
2024-10-25,CT,2-3,-1.54,-1.4,-1.56,1862
2024-10-25,CT,3-4,-1.07,-0.93,-1.08,891
2024-10-25,CT,4-5,2.55,2.97,2.53,355
2024-10-25,CT,5-6,-0.57,-0.55,-0.6,17
2024-10-25,KC,1-2,0.9,1.05,0.8,6301
2024-10-25,KC,2-3,1.35,1.45,1.2,3454
2024-10-25,KC,3-4,2.55,2.75,2.5,2113
2024-10-25,KC,4-5,3.3,3.65,3.2,408
2024-10-25,KC,5-6,5.3,5.75,5.3,304
2024-10-25,SB,1-2,1.69,1.72,1.66,5625
2024-10-25,SB,2-3,0.88,0.92,0.86,3470
2024-10-25,SB,3-4,0.22,0.24,0.21,1594
2024-10-25,SB,4-5,-0.11,-0.09,-0.12,1035
2024-10-25,SB,5-6,1.14,1.18,1.12,720
2024-10-28,CC,1-2,427.0,500.0,418.0,4158
2024-10-28,CC,2-3,314.0,337.0,292.0,1542
2024-10-28,CC,3-4,232.0,243.0,215.0,1022
2024-10-28,CC,4-5,227.0,232.0,212.0,476
2024-10-28,CC,5-6,276.0,284.0,260.0,271
2024-10-28,CT,1-2,-2.18,-2.12,-2.23,5576
2024-10-28,CT,2-3,-1.56,-1.5,-1.61,2277
2024-10-28,CT,3-4,-1.09,-1.04,-1.11,824
2024-10-28,CT,4-5,2.47,2.71,2.36,311
2024-10-28,CT,5-6,-0.64,,,
2024-10-28,KC,1-2,1.0,1.15,0.85,7272
2024-10-28,KC,2-3,1.45,1.65,1.35,3006
2024-10-28,KC,3-4,2.7,2.85,2.55,1880
2024-10-28,KC,4-5,3.25,3.5,3.2,489
2024-10-28,KC,5-6,5.35,5.65,5.3,342
2024-10-28,SB,1-2,1.65,1.69,1.64,5522
2024-10-28,SB,2-3,0.87,0.91,0.83,2970
2024-10-28,SB,3-4,0.21,0.24,0.19,1898
2024-10-28,SB,4-5,-0.12,-0.1,-0.14,1225
2024-10-28,SB,5-6,1.13,1.14,1.09,504
2024-10-29,CC,1-2,416.0,474.0,409.0,3720
2024-10-29,CC,2-3,327.0,352.0,301.0,1801
2024-10-29,CC,3-4,263.0,281.0,227.0,1550
2024-10-29,CC,4-5,276.0,285.0,223.0,1077
2024-10-29,CC,5-6,344.0,354.0,279.0,457
2024-10-29,CT,1-2,-2.18,-2.13,-2.23,6229
2024-10-29,CT,2-3,-1.54,-1.52,-1.6,1701
2024-10-29,CT,3-4,-1.11,-1.06,-1.14,890
2024-10-29,CT,4-5,2.56,2.7,2.43,355
2024-10-29,CT,5-6,-0.64,-0.6,-0.75,3
2024-10-29,KC,1-2,0.85,1.15,0.8,5418
2024-10-29,KC,2-3,1.4,1.55,1.3,1844
2024-10-29,KC,3-4,2.6,2.7,2.55,1063
2024-10-29,KC,4-5,3.2,3.4,3.15,292
2024-10-29,KC,5-6,5.1,5.6,5.05,301
2024-10-29,SB,1-2,1.63,1.68,1.61,6251
2024-10-29,SB,2-3,0.89,0.91,0.86,3035
2024-10-29,SB,3-4,0.25,0.27,0.22,2202
2024-10-29,SB,4-5,-0.09,-0.08,-0.11,1652
2024-10-29,SB,5-6,1.17,1.18,1.13,528
2024-10-30,CC,1-2,434.0,450.0,399.0,3605
2024-10-30,CC,2-3,316.0,342.0,298.0,1933
2024-10-30,CC,3-4,267.0,270.0,228.0,1454
2024-10-30,CC,4-5,314.0,322.0,279.0,1117
2024-10-30,CC,5-6,402.0,411.0,350.0,612
2024-10-30,CT,1-2,-2.28,-2.18,-2.31,6227
2024-10-30,CT,2-3,-1.65,-1.55,-1.67,1893
2024-10-30,CT,3-4,-1.21,-1.09,-1.22,943
2024-10-30,CT,4-5,2.33,2.56,2.25,604
2024-10-30,CT,5-6,-0.79,-0.75,-0.75,1
2024-10-30,KC,1-2,0.55,0.9,0.5,7573
2024-10-30,KC,2-3,1.25,1.45,1.2,2537
2024-10-30,KC,3-4,2.5,2.75,2.45,1628
2024-10-30,KC,4-5,3.1,3.3,3.0,382
2024-10-30,KC,5-6,4.9,5.25,4.85,325
2024-10-30,SB,1-2,1.65,1.69,1.56,8472
2024-10-30,SB,2-3,0.91,0.95,0.84,4008
2024-10-30,SB,3-4,0.27,0.28,0.24,3278
2024-10-30,SB,4-5,-0.06,-0.06,-0.1,1308
2024-10-30,SB,5-6,1.19,1.2,1.15,463
2024-10-31,CC,1-2,444.0,450.0,404.0,2475
2024-10-31,CC,2-3,325.0,339.0,299.0,1366
2024-10-31,CC,3-4,280.0,295.0,249.0,993
2024-10-31,CC,4-5,329.0,352.0,315.0,591
2024-10-31,CC,5-6,405.0,428.0,388.0,273
2024-10-31,CT,1-2,-2.26,-2.24,-2.39,6399
2024-10-31,CT,2-3,-1.63,-1.61,-1.68,2407
2024-10-31,CT,3-4,-1.29,-1.14,-1.29,1395
2024-10-31,CT,4-5,2.3,2.47,2.2,481
2024-10-31,CT,5-6,-0.82,-0.79,-0.88,15
2024-10-31,KC,1-2,0.4,0.6,0.35,6268
2024-10-31,KC,2-3,1.05,1.3,1.05,2659
2024-10-31,KC,3-4,2.3,2.55,2.25,1604
2024-10-31,KC,4-5,2.85,3.15,2.85,323
2024-10-31,KC,5-6,4.65,4.95,4.65,319
2024-10-31,SB,1-2,1.69,1.73,1.62,12956
2024-10-31,SB,2-3,0.98,1.01,0.89,9996
2024-10-31,SB,3-4,0.28,0.31,0.25,8516
2024-10-31,SB,4-5,-0.03,-0.02,-0.08,3353
2024-10-31,SB,5-6,1.26,1.26,1.19,1319
2024-11-01,CC,1-2,391.0,485.0,377.0,4341
2024-11-01,CC,2-3,322.0,335.0,318.0,1682
2024-11-01,CC,3-4,268.0,285.0,260.0,685
2024-11-01,CC,4-5,318.0,336.0,311.0,320
2024-11-01,CC,5-6,395.0,411.0,387.0,215
2024-11-01,CT,1-2,-2.16,-2.1,-2.3,13739
2024-11-01,CT,2-3,-1.5,-1.36,-1.67,5736
2024-11-01,CT,3-4,-1.21,-0.97,-1.29,4874
2024-11-01,CT,4-5,2.51,3.04,2.31,1073
2024-11-01,CT,5-6,-0.78,-0.77,-0.87,3
2024-11-01,KC,1-2,0.55,0.75,0.3,9793
2024-11-01,KC,2-3,1.05,1.25,1.0,5635
2024-11-01,KC,3-4,2.15,2.4,2.1,3442
2024-11-01,KC,4-5,2.75,2.95,2.7,966
2024-11-01,KC,5-6,4.5,4.75,4.45,548
2024-11-01,SB,1-2,1.57,1.74,1.56,12488
2024-11-01,SB,2-3,0.9,1.01,0.88,6747
2024-11-01,SB,3-4,0.24,0.3,0.23,3048
2024-11-01,SB,4-5,-0.07,-0.01,-0.09,1426
2024-11-01,SB,5-6,1.2,1.28,1.19,517
2024-11-04,CC,1-2,364.0,466.0,351.0,5425
2024-11-04,CC,2-3,337.0,368.0,311.0,1949
2024-11-04,CC,3-4,284.0,293.0,251.0,1175
2024-11-04,CC,4-5,327.0,331.0,291.0,745
2024-11-04,CC,5-6,397.0,404.0,375.0,175
2024-11-04,CT,1-2,-2.34,-2.1,-2.35,11298
2024-11-04,CT,2-3,-1.49,-1.43,-1.52,1759
2024-11-04,CT,3-4,-1.27,-1.17,-1.28,1715
2024-11-04,CT,4-5,2.42,2.68,2.39,225
2024-11-04,CT,5-6,-0.78,-0.83,-0.83,2
2024-11-04,KC,1-2,1.0,1.15,0.5,10489
2024-11-04,KC,2-3,1.15,1.35,1.05,4848
2024-11-04,KC,3-4,2.1,2.35,2.05,4275
2024-11-04,KC,4-5,2.65,2.9,2.65,487
2024-11-04,KC,5-6,4.55,4.9,4.5,425
2024-11-04,SB,1-2,1.58,1.62,1.54,8277
2024-11-04,SB,2-3,0.86,0.91,0.84,5534
2024-11-04,SB,3-4,0.24,0.25,0.21,2609
2024-11-04,SB,4-5,-0.09,-0.06,-0.11,855
2024-11-04,SB,5-6,1.16,1.22,1.13,329
2024-11-05,CC,1-2,305.0,389.0,290.0,4630
2024-11-05,CC,2-3,326.0,351.0,323.0,1791
2024-11-05,CC,3-4,277.0,296.0,265.0,1139
2024-11-05,CC,4-5,329.0,339.0,311.0,519
2024-11-05,CC,5-6,393.0,405.0,385.0,147
2024-11-05,CT,1-2,-2.37,-2.28,-2.43,8340
2024-11-05,CT,2-3,-1.41,-1.36,-1.52,2729
2024-11-05,CT,3-4,-1.28,-1.22,-1.3,2151
2024-11-05,CT,4-5,2.41,2.53,2.28,479
2024-11-05,CT,5-6,-0.79,,,
2024-11-05,KC,1-2,0.75,1.1,0.7,16689
2024-11-05,KC,2-3,1.25,1.35,1.2,3534
2024-11-05,KC,3-4,2.15,2.2,2.1,2502
2024-11-05,KC,4-5,2.8,2.95,2.7,704
2024-11-05,KC,5-6,4.7,5.15,4.5,348
2024-11-05,SB,1-2,1.59,1.63,1.56,5120
2024-11-05,SB,2-3,0.85,0.88,0.83,4705
2024-11-05,SB,3-4,0.24,0.26,0.21,2880
2024-11-05,SB,4-5,-0.08,-0.05,-0.11,1874
2024-11-05,SB,5-6,1.17,1.2,1.13,1302
2024-11-06,CC,1-2,254.0,316.0,250.0,4593
2024-11-06,CC,2-3,304.0,337.0,301.0,2074
2024-11-06,CC,3-4,243.0,281.0,237.0,1193
2024-11-06,CC,4-5,294.0,337.0,279.0,971
2024-11-06,CC,5-6,371.0,402.0,359.0,254
2024-11-06,CT,1-2,-2.39,-2.32,-2.47,15445
2024-11-06,CT,2-3,-1.45,-1.39,-1.5,3046
2024-11-06,CT,3-4,-1.26,-1.22,-1.32,1556
2024-11-06,CT,4-5,2.31,2.39,2.18,862
2024-11-06,CT,5-6,-0.86,-0.85,-0.9,34
2024-11-06,KC,1-2,0.7,0.9,0.55,12692
2024-11-06,KC,2-3,1.35,1.45,1.25,5034
2024-11-06,KC,3-4,2.15,2.3,2.1,2422
2024-11-06,KC,4-5,2.9,3.05,2.85,483
2024-11-06,KC,5-6,4.8,5.0,4.7,309
2024-11-06,SB,1-2,1.57,1.62,1.55,7989
2024-11-06,SB,2-3,0.86,0.88,0.83,5776
2024-11-06,SB,3-4,0.24,0.26,0.21,3783
2024-11-06,SB,4-5,-0.11,-0.08,-0.14,2681
2024-11-06,SB,5-6,1.08,1.16,1.04,1974
2024-11-07,CC,1-2,182.0,265.0,160.0,6413
2024-11-07,CC,2-3,340.0,360.0,302.0,3570
2024-11-07,CC,3-4,300.0,306.0,235.0,1738
2024-11-07,CC,4-5,337.0,346.0,286.0,1347
2024-11-07,CC,5-6,431.0,451.0,369.0,488
2024-11-07,CT,1-2,-2.38,-2.13,-2.44,19989
2024-11-07,CT,2-3,-1.35,-1.27,-1.45,5871
2024-11-07,CT,3-4,-1.12,-1.08,-1.26,2936
2024-11-07,CT,4-5,2.63,2.67,2.35,1147
2024-11-07,CT,5-6,-0.79,-0.76,-0.85,23
2024-11-07,KC,1-2,0.65,0.95,0.55,25204
2024-11-07,KC,2-3,1.4,1.65,1.35,7008
2024-11-07,KC,3-4,2.6,2.65,2.25,5189
2024-11-07,KC,4-5,3.3,3.5,2.9,1886
2024-11-07,KC,5-6,5.55,5.85,4.85,1070
2024-11-07,SB,1-2,1.53,1.63,1.52,14300
2024-11-07,SB,2-3,0.85,0.9,0.84,4849
2024-11-07,SB,3-4,0.24,0.28,0.23,2233
2024-11-07,SB,4-5,-0.11,-0.09,-0.13,1934
2024-11-07,SB,5-6,1.1,1.12,1.06,588
2024-11-08,CC,1-2,130.0,261.0,101.0,6295
2024-11-08,CC,2-3,312.0,333.0,304.0,3191
2024-11-08,CC,3-4,263.0,297.0,252.0,1801
2024-11-08,CC,4-5,313.0,349.0,295.0,1152
2024-11-08,CC,5-6,421.0,451.0,397.0,446
2024-11-08,CT,1-2,-2.27,-2.16,-2.4,23622
2024-11-08,CT,2-3,-1.34,-1.24,-1.39,5953
2024-11-08,CT,3-4,-1.17,-1.04,-1.2,2600
2024-11-08,CT,4-5,2.53,2.79,2.22,896
2024-11-08,CT,5-6,-0.76,-0.7,-0.75,10
2024-11-08,KC,1-2,0.25,0.7,0.1,29664
2024-11-08,KC,2-3,1.3,1.55,1.25,8967
2024-11-08,KC,3-4,2.5,2.75,2.4,4055
2024-11-08,KC,4-5,3.45,3.75,3.3,1101
2024-11-08,KC,5-6,5.95,6.1,5.55,828
2024-11-08,SB,1-2,1.43,1.55,1.41,16434
2024-11-08,SB,2-3,0.77,0.87,0.76,8863
2024-11-08,SB,3-4,0.21,0.25,0.19,3846
2024-11-08,SB,4-5,-0.12,-0.1,-0.14,1234
2024-11-08,SB,5-6,1.05,1.1,1.03,760
2024-11-11,CC,1-2,124.0,159.0,100.0,5084
2024-11-11,CC,2-3,308.0,328.0,301.0,3199
2024-11-11,CC,3-4,281.0,304.0,260.0,1205
2024-11-11,CC,4-5,324.0,362.0,305.0,1033
2024-11-11,CC,5-6,466.0,477.0,426.0,455
2024-11-11,CT,1-2,-2.51,-2.17,-2.6,22639
2024-11-11,CT,2-3,-1.35,-1.24,-1.36,5564
2024-11-11,CT,3-4,-1.23,-1.12,-1.26,1916
2024-11-11,CT,4-5,2.06,2.6,2.03,839
2024-11-11,CT,5-6,-0.77,-0.71,-0.71,1
2024-11-11,KC,1-2,0.35,0.45,-0.35,20879
2024-11-11,KC,2-3,1.35,1.65,1.3,4927
2024-11-11,KC,3-4,2.6,2.9,2.55,3245
2024-11-11,KC,4-5,3.35,4.1,3.3,1055
2024-11-11,KC,5-6,5.6,6.65,5.5,885
2024-11-11,SB,1-2,1.41,1.49,1.36,15000
2024-11-11,SB,2-3,0.75,0.78,0.72,6252
2024-11-11,SB,3-4,0.17,0.22,0.15,4933
2024-11-11,SB,4-5,-0.16,-0.12,-0.17,1715
2024-11-11,SB,5-6,1.0,1.06,0.97,793
2024-11-12,CC,1-2,226.0,295.0,131.0,3637
2024-11-12,CC,2-3,380.0,389.0,302.0,3359
2024-11-12,CC,3-4,341.0,366.0,278.0,2657
2024-11-12,CC,4-5,390.0,406.0,319.0,1636
2024-11-12,CC,5-6,559.0,573.0,481.0,718
2024-11-12,CT,1-2,-2.3,-2.26,-2.5,18457
2024-11-12,CT,2-3,-1.33,-1.26,-1.37,5582
2024-11-12,CT,3-4,-1.25,-1.19,-1.29,3050
2024-11-12,CT,4-5,1.68,2.1,1.65,1292
2024-11-12,CT,5-6,-0.78,-0.82,-0.83,7
2024-11-12,KC,1-2,0.45,1.1,0.15,14771
2024-11-12,KC,2-3,1.65,1.9,1.4,5370
2024-11-12,KC,3-4,3.05,3.15,2.6,3843
2024-11-12,KC,4-5,3.8,3.95,3.35,1193
2024-11-12,KC,5-6,6.15,6.5,5.75,1020
2024-11-12,SB,1-2,1.42,1.49,1.39,14017
2024-11-12,SB,2-3,0.76,0.77,0.72,7175
2024-11-12,SB,3-4,0.15,0.19,0.14,5128
2024-11-12,SB,4-5,-0.18,-0.15,-0.19,1099
2024-11-12,SB,5-6,0.99,1.03,0.97,438
2024-11-13,CC,1-2,192.0,248.0,150.0,3154
2024-11-13,CC,2-3,437.0,457.0,374.0,3790
2024-11-13,CC,3-4,393.0,450.0,326.0,3179
2024-11-13,CC,4-5,468.0,539.0,375.0,2565
2024-11-13,CC,5-6,617.0,715.0,551.0,1306
2024-11-13,CT,1-2,-2.2,-2.15,-2.39,19059
2024-11-13,CT,2-3,-1.28,-1.19,-1.42,6494
2024-11-13,CT,3-4,-1.19,-1.16,-1.28,3872
2024-11-13,CT,4-5,1.53,1.77,1.37,951
2024-11-13,CT,5-6,-0.81,-0.81,-0.89,81
2024-11-13,KC,1-2,0.45,0.6,-0.05,13055
2024-11-13,KC,2-3,1.3,1.7,1.25,9418
2024-11-13,KC,3-4,3.05,3.2,3.0,4538
2024-11-13,KC,4-5,3.8,4.05,3.7,1226
2024-11-13,KC,5-6,6.35,6.7,5.85,925
2024-11-13,SB,1-2,1.44,1.47,1.39,14029
2024-11-13,SB,2-3,0.72,0.79,0.7,7497
2024-11-13,SB,3-4,0.15,0.17,0.11,5820
2024-11-13,SB,4-5,-0.19,-0.16,-0.23,1604
2024-11-13,SB,5-6,0.96,1.02,0.93,499
2024-11-14,CC,1-2,180.0,222.0,122.0,2508
2024-11-14,CC,2-3,497.0,519.0,392.0,2712
2024-11-14,CC,3-4,474.0,503.0,369.0,2197
2024-11-14,CC,4-5,561.0,575.0,444.0,1863
2024-11-14,CC,5-6,694.0,717.0,604.0,631
2024-11-14,CT,1-2,-2.24,-2.11,-2.39,13369
2024-11-14,CT,2-3,-1.3,-1.19,-1.34,5551
2024-11-14,CT,3-4,-1.2,-1.14,-1.21,2371
2024-11-14,CT,4-5,1.43,1.76,1.4,1116
2024-11-14,CT,5-6,-0.74,-0.73,-0.77,13
2024-11-14,KC,1-2,-0.45,0.6,-0.75,8036
2024-11-14,KC,2-3,1.65,1.9,1.25,8671
2024-11-14,KC,3-4,3.25,3.55,3.05,2686
2024-11-14,KC,4-5,4.05,4.4,3.8,1176
2024-11-14,KC,5-6,6.65,6.75,6.35,755
2024-11-14,SB,1-2,1.5,1.55,1.41,7925
2024-11-14,SB,2-3,0.77,0.8,0.7,6237
2024-11-14,SB,3-4,0.19,0.2,0.12,5174
2024-11-14,SB,4-5,-0.15,-0.13,-0.22,2337
2024-11-14,SB,5-6,0.99,1.02,0.92,1498
2024-11-15,CC,1-2,103.0,132.0,71.0,2279
2024-11-15,CC,2-3,418.0,521.0,410.0,2668
2024-11-15,CC,3-4,439.0,512.0,424.0,2780
2024-11-15,CC,4-5,523.0,617.0,502.0,1707
2024-11-15,CC,5-6,672.0,769.0,660.0,884
2024-11-15,CT,1-2,-2.11,-2.09,-2.29,10503
2024-11-15,CT,2-3,-1.37,-1.3,-1.4,5355
2024-11-15,CT,3-4,-1.23,-1.19,-1.27,3021
2024-11-15,CT,4-5,0.95,1.36,0.91,1673
2024-11-15,CT,5-6,-0.98,-0.87,-1.0,103
2024-11-15,KC,1-2,-1.5,-0.2,-1.85,7773
2024-11-15,KC,2-3,1.85,2.25,1.65,6937
2024-11-15,KC,3-4,3.4,3.7,3.05,2860
2024-11-15,KC,4-5,4.05,4.3,3.9,814
2024-11-15,KC,5-6,6.5,6.75,6.4,652
2024-11-15,SB,1-2,1.48,1.53,1.44,9945
2024-11-15,SB,2-3,0.74,0.81,0.74,3505
2024-11-15,SB,3-4,0.14,0.2,0.13,3174
2024-11-15,SB,4-5,-0.17,-0.13,-0.18,957
2024-11-15,SB,5-6,1.0,1.02,0.97,760
2024-11-18,CC,1-2,89.0,225.0,40.0,2001
2024-11-18,CC,2-3,437.0,443.0,401.0,2789
2024-11-18,CC,3-4,413.0,439.0,395.0,2118
2024-11-18,CC,4-5,494.0,524.0,462.0,1623
2024-11-18,CC,5-6,662.0,707.0,627.0,643
2024-11-18,CT,1-2,-2.4,-2.06,-2.5,10225
2024-11-18,CT,2-3,-1.33,-1.29,-1.43,5142
2024-11-18,CT,3-4,-1.22,-1.16,-1.26,2230
2024-11-18,CT,4-5,0.95,1.09,0.88,809
2024-11-18,CT,5-6,-0.95,-0.9,-1.02,39
2024-11-18,KC,1-2,-1.45,-0.9,-1.75,5033
2024-11-18,KC,2-3,2.05,2.45,2.0,4838
2024-11-18,KC,3-4,3.45,3.9,3.4,2258
2024-11-18,KC,4-5,4.1,4.5,4.05,997
2024-11-18,KC,5-6,6.35,6.85,6.3,644
2024-11-18,SB,1-2,1.55,1.6,1.49,12527
2024-11-18,SB,2-3,0.81,0.83,0.76,7506
2024-11-18,SB,3-4,0.21,0.23,0.14,6771
2024-11-18,SB,4-5,-0.1,-0.09,-0.16,5475
2024-11-18,SB,5-6,1.1,1.13,1.01,3952
2024-11-19,CC,1-2,11.0,123.0,6.0,1484
2024-11-19,CC,2-3,442.0,455.0,407.0,1872
2024-11-19,CC,3-4,461.0,483.0,398.0,1372
2024-11-19,CC,4-5,554.0,574.0,468.0,1050
2024-11-19,CC,5-6,696.0,710.0,646.0,334
2024-11-19,CT,1-2,-2.36,-2.25,-2.47,10155
2024-11-19,CT,2-3,-1.25,-1.24,-1.36,4345
2024-11-19,CT,3-4,-1.18,-1.16,-1.25,2420
2024-11-19,CT,4-5,1.1,1.16,0.82,1247
2024-11-19,CT,5-6,-0.97,-0.97,-1.0,14
2024-11-19,KC,1-2,-1.55,3.1,-1.6,4467
2024-11-19,KC,2-3,2.0,2.3,1.85,3435
2024-11-19,KC,3-4,3.5,3.75,3.35,1455
2024-11-19,KC,4-5,4.1,4.35,4.0,845
2024-11-19,KC,5-6,6.55,6.85,6.3,630
2024-11-19,SB,1-2,1.48,1.58,1.46,10464
2024-11-19,SB,2-3,0.78,0.84,0.76,4021
2024-11-19,SB,3-4,0.17,0.23,0.16,3489
2024-11-19,SB,4-5,-0.12,-0.09,-0.14,1621
2024-11-19,SB,5-6,1.11,1.15,1.07,1610
2024-11-20,CC,1-2,-152.0,34.0,-178.0,1168
2024-11-20,CC,2-3,423.0,458.0,412.0,2243
2024-11-20,CC,3-4,418.0,476.0,402.0,1701
2024-11-20,CC,4-5,512.0,581.0,489.0,1242
2024-11-20,CC,5-6,694.0,755.0,682.0,599
2024-11-20,CT,1-2,-1.82,-1.45,-2.39,8696
2024-11-20,CT,2-3,-1.23,-1.18,-1.33,3144
2024-11-20,CT,3-4,-1.14,-1.11,-1.22,2202
2024-11-20,CT,4-5,1.39,1.48,1.14,988
2024-11-20,CT,5-6,-0.96,-0.95,-0.96,7
2024-11-20,KC,1-2,2.8,3.0,0.9,228
2024-11-20,KC,2-3,2.25,2.6,1.85,6056
2024-11-20,KC,3-4,3.95,4.2,3.5,2325
2024-11-20,KC,4-5,4.4,4.6,4.05,1316
2024-11-20,KC,5-6,6.6,6.7,6.35,642
2024-11-20,SB,1-2,1.44,1.49,1.42,5727
2024-11-20,SB,2-3,0.72,0.79,0.7,4705
2024-11-20,SB,3-4,0.14,0.17,0.13,4844
2024-11-20,SB,4-5,-0.15,-0.12,-0.16,858
2024-11-20,SB,5-6,1.04,1.11,1.03,383
2024-11-21,CC,1-2,-186.0,-51.0,-230.0,455
2024-11-21,CC,2-3,436.0,457.0,412.0,1916
2024-11-21,CC,3-4,453.0,468.0,410.0,1236
2024-11-21,CC,4-5,534.0,565.0,515.0,880
2024-11-21,CC,5-6,712.0,763.0,694.0,671
2024-11-21,CT,1-2,-1.24,0.49,-2.0,2330
2024-11-21,CT,2-3,-1.22,-1.16,-1.28,2717
2024-11-21,CT,3-4,-1.15,-1.1,-1.2,1446
2024-11-21,CT,4-5,1.34,1.5,1.1,740
2024-11-21,CT,5-6,-0.87,-0.85,-0.91,14
2024-11-21,KC,1-2,2.95,3.1,2.55,87
2024-11-21,KC,2-3,2.55,2.7,2.3,4345
2024-11-21,KC,3-4,4.6,4.9,4.1,2132
2024-11-21,KC,4-5,4.9,5.1,4.55,1122
2024-11-21,KC,5-6,6.9,7.0,6.6,1095
2024-11-21,SB,1-2,1.4,1.45,1.39,7315
2024-11-21,SB,2-3,0.69,0.72,0.67,5577
2024-11-21,SB,3-4,0.13,0.15,0.11,4417
2024-11-21,SB,4-5,-0.17,-0.14,-0.19,784
2024-11-21,SB,5-6,1.01,1.05,0.97,886
2024-11-22,CC,1-2,-188.0,-66.0,-250.0,319
2024-11-22,CC,2-3,452.0,485.0,400.0,2245
2024-11-22,CC,3-4,480.0,513.0,412.0,2027
2024-11-22,CC,4-5,577.0,605.0,485.0,1891
2024-11-22,CC,5-6,760.0,791.0,630.0,1087
2024-11-22,CT,1-2,0.88,1.0,-1.5,59
2024-11-22,CT,2-3,-1.12,-1.09,-1.26,3919
2024-11-22,CT,3-4,-1.11,-1.05,-1.18,2195
2024-11-22,CT,4-5,1.29,1.5,1.18,818
2024-11-22,CT,5-6,-0.81,-0.81,-0.87,29
2024-11-22,KC,1-2,3.15,3.7,2.55,35
2024-11-22,KC,2-3,2.5,2.65,2.3,4755
2024-11-22,KC,3-4,5.7,5.95,4.7,2887
2024-11-22,KC,4-5,5.6,5.75,5.0,1716
2024-11-22,KC,5-6,7.45,7.55,6.95,1075
2024-11-22,SB,1-2,1.33,1.42,1.32,8774
2024-11-22,SB,2-3,0.66,0.71,0.66,2954
2024-11-22,SB,3-4,0.12,0.15,0.11,2093
2024-11-22,SB,4-5,-0.18,-0.15,-0.18,666
2024-11-22,SB,5-6,0.99,1.02,0.97,396
2024-11-25,CC,1-2,-109.0,-116.0,-116.0,1
2024-11-25,CC,2-3,403.0,432.0,391.0,1866
2024-11-25,CC,3-4,435.0,455.0,406.0,1182
2024-11-25,CC,4-5,522.0,548.0,494.0,1079
2024-11-25,CC,5-6,714.0,733.0,665.0,922
2024-11-25,CT,1-2,1.48,1.5,0.15,51
2024-11-25,CT,2-3,-1.0,-0.98,-1.12,6380
2024-11-25,CT,3-4,-0.96,-0.94,-1.1,3052
2024-11-25,CT,4-5,1.41,1.5,1.26,2072
2024-11-25,CT,5-6,-0.94,-0.78,-0.95,93
2024-11-25,KC,1-2,3.55,3.7,2.8,79
2024-11-25,KC,2-3,2.55,3.05,2.35,5435
2024-11-25,KC,3-4,5.95,6.25,5.65,2255
2024-11-25,KC,4-5,5.95,6.1,5.6,1789
2024-11-25,KC,5-6,7.75,7.9,7.3,994
2024-11-25,SB,1-2,1.27,1.35,1.25,14172
2024-11-25,SB,2-3,0.65,0.68,0.64,3605
2024-11-25,SB,3-4,0.1,0.13,0.09,3775
2024-11-25,SB,4-5,-0.19,-0.17,-0.2,1071
2024-11-25,SB,5-6,0.93,1.01,0.92,1388
2024-11-26,CC,1-2,-203.0,-120.0,-249.0,4
2024-11-26,CC,2-3,403.0,422.0,389.0,1646
2024-11-26,CC,3-4,447.0,453.0,415.0,738
2024-11-26,CC,4-5,521.0,542.0,516.0,745
2024-11-26,CC,5-6,709.0,735.0,701.0,659
2024-11-26,CT,1-2,1.69,1.95,1.55,31
2024-11-26,CT,2-3,-1.11,-1.05,-1.17,3587
2024-11-26,CT,3-4,-0.98,-0.94,-1.05,1588
2024-11-26,CT,4-5,1.4,1.42,1.29,762
2024-11-26,CT,5-6,-0.89,-0.89,-0.96,20
2024-11-26,KC,1-2,3.3,3.7,3.3,20
2024-11-26,KC,2-3,2.55,2.7,2.25,3606
2024-11-26,KC,3-4,5.2,5.9,5.1,3086
2024-11-26,KC,4-5,5.35,5.8,5.3,1742
2024-11-26,KC,5-6,7.6,7.8,7.35,748
2024-11-26,SB,1-2,1.3,1.39,1.27,10991
2024-11-26,SB,2-3,0.69,0.75,0.65,6159
2024-11-26,SB,3-4,0.16,0.18,0.1,4725
2024-11-26,SB,4-5,-0.13,-0.11,-0.19,3808
2024-11-26,SB,5-6,1.01,1.04,0.92,4452
2024-11-27,CC,1-2,-224.0,-75.0,-249.0,2
2024-11-27,CC,2-3,393.0,404.0,380.0,1450
2024-11-27,CC,3-4,424.0,453.0,419.0,850
2024-11-27,CC,4-5,480.0,525.0,467.0,977
2024-11-27,CC,5-6,675.0,728.0,662.0,655
2024-11-27,CT,1-2,1.82,1.9,1.88,9
2024-11-27,CT,2-3,-1.09,-1.05,-1.16,2743
2024-11-27,CT,3-4,-0.99,-0.95,-1.03,1101
2024-11-27,CT,4-5,1.44,1.46,1.36,606
2024-11-27,CT,5-6,-0.88,-0.89,-0.89,2
2024-11-27,KC,1-2,3.1,3.7,3.0,33
2024-11-27,KC,2-3,2.35,2.9,2.15,5746
2024-11-27,KC,3-4,5.0,5.55,4.85,2988
2024-11-27,KC,4-5,5.5,5.8,5.3,1250
2024-11-27,KC,5-6,8.25,8.45,7.6,1087
2024-11-27,SB,1-2,1.33,1.39,1.31,11961
2024-11-27,SB,2-3,0.71,0.74,0.67,5578
2024-11-27,SB,3-4,0.18,0.19,0.16,6744
2024-11-27,SB,4-5,-0.09,-0.09,-0.13,4257
2024-11-27,SB,5-6,1.05,1.06,1.0,2008
2024-11-29,CC,1-2,-205.0,,,
2024-11-29,CC,2-3,395.0,413.0,378.0,1882
2024-11-29,CC,3-4,422.0,445.0,410.0,1076
2024-11-29,CC,4-5,484.0,505.0,473.0,936
2024-11-29,CC,5-6,707.0,723.0,688.0,498
2024-11-29,CT,1-2,1.42,1.8,1.46,4
2024-11-29,CT,2-3,-1.05,-1.01,-1.15,3108
2024-11-29,CT,3-4,-0.95,-0.91,-1.03,1982
2024-11-29,CT,4-5,1.35,1.48,1.28,979
2024-11-29,CT,5-6,-0.91,-0.84,-0.86,5
2024-11-29,KC,1-2,3.6,4.0,3.1,20
2024-11-29,KC,2-3,2.55,2.9,1.8,8343
2024-11-29,KC,3-4,4.65,5.4,4.55,2760
2024-11-29,KC,4-5,5.05,5.8,4.95,1774
2024-11-29,KC,5-6,7.85,8.7,7.7,769
2024-11-29,SB,1-2,1.25,1.33,1.25,9645
2024-11-29,SB,2-3,0.7,0.73,0.68,5458
2024-11-29,SB,3-4,0.17,0.19,0.15,5134
2024-11-29,SB,4-5,-0.1,-0.09,-0.12,3096
2024-11-29,SB,5-6,1.05,1.08,0.99,2254
2024-12-02,CC,1-2,-205.0,,,
2024-12-02,CC,2-3,422.0,433.0,392.0,2829
2024-12-02,CC,3-4,427.0,431.0,403.0,1157
2024-12-02,CC,4-5,470.0,491.0,457.0,1001
2024-12-02,CC,5-6,676.0,718.0,661.0,690
2024-12-02,CT,1-2,-1.16,-1.03,-1.28,5941
2024-12-02,CT,2-3,-0.92,-0.87,-1.1,3406
2024-12-02,CT,3-4,1.3,1.47,1.09,2175
2024-12-02,CT,4-5,-0.82,-0.75,-0.96,84
2024-12-02,CT,5-6,-0.6,-0.45,-0.51,6
2024-12-02,KC,1-2,3.15,4.0,2.8,28
2024-12-02,KC,2-3,1.8,2.5,1.7,7308
2024-12-02,KC,3-4,3.85,4.85,3.8,2576
2024-12-02,KC,4-5,4.3,5.1,4.25,1929
2024-12-02,KC,5-6,7.55,7.95,7.5,950
2024-12-02,SB,1-2,1.29,1.32,1.25,13241
2024-12-02,SB,2-3,0.69,0.72,0.67,6589
2024-12-02,SB,3-4,0.19,0.2,0.16,5329
2024-12-02,SB,4-5,-0.12,-0.09,-0.14,3592
2024-12-02,SB,5-6,1.04,1.06,0.98,1696
2024-12-03,CC,1-2,-205.0,,,
2024-12-03,CC,2-3,450.0,473.0,398.0,2647
2024-12-03,CC,3-4,419.0,435.0,382.0,1308
2024-12-03,CC,4-5,468.0,479.0,447.0,1025
2024-12-03,CC,5-6,666.0,684.0,657.0,382
2024-12-03,CT,1-2,-1.28,-1.12,-1.3,5838
2024-12-03,CT,2-3,-0.92,-0.87,-0.97,2897
2024-12-03,CT,3-4,1.31,1.44,1.25,1113
2024-12-03,CT,4-5,-0.77,-0.77,-0.8,21
2024-12-03,CT,5-6,-0.63,,,
2024-12-03,KC,1-2,2.2,3.3,0.85,36
2024-12-03,KC,2-3,1.85,2.2,1.7,5949
2024-12-03,KC,3-4,4.05,4.4,3.7,2408
2024-12-03,KC,4-5,4.55,4.85,4.2,1114
2024-12-03,KC,5-6,7.75,8.3,7.45,986
2024-12-03,SB,1-2,1.36,1.43,1.29,12760
2024-12-03,SB,2-3,0.7,0.75,0.69,6767
2024-12-03,SB,3-4,0.2,0.22,0.19,7998
2024-12-03,SB,4-5,-0.1,-0.08,-0.12,2260
2024-12-03,SB,5-6,1.07,1.09,1.04,2012
2024-12-04,CC,1-2,-205.0,,,
2024-12-04,CC,2-3,453.0,467.0,425.0,2107
2024-12-04,CC,3-4,454.0,456.0,409.0,968
2024-12-04,CC,4-5,492.0,497.0,453.0,510
2024-12-04,CC,5-6,681.0,685.0,666.0,262
2024-12-04,CT,1-2,-1.25,-1.11,-1.32,4541
2024-12-04,CT,2-3,-0.93,-0.88,-0.96,1756
2024-12-04,CT,3-4,1.35,1.46,1.29,914
2024-12-04,CT,4-5,-0.67,-0.58,-0.78,54
2024-12-04,CT,5-6,-0.57,,,
2024-12-04,KC,1-2,2.25,3.0,2.25,19
2024-12-04,KC,2-3,1.95,2.15,1.85,3432
2024-12-04,KC,3-4,4.5,4.85,4.2,2338
2024-12-04,KC,4-5,5.05,5.4,4.7,1359
2024-12-04,KC,5-6,7.95,8.15,7.7,835
2024-12-04,SB,1-2,1.36,1.4,1.33,10264
2024-12-04,SB,2-3,0.71,0.72,0.69,3933
2024-12-04,SB,3-4,0.2,0.21,0.18,4313
2024-12-04,SB,4-5,-0.1,-0.09,-0.11,1066
2024-12-04,SB,5-6,1.06,1.08,1.04,906
2024-12-05,CC,1-2,-205.0,,,
2024-12-05,CC,2-3,441.0,486.0,426.0,2424
2024-12-05,CC,3-4,445.0,475.0,433.0,970
2024-12-05,CC,4-5,508.0,523.0,485.0,658
2024-12-05,CC,5-6,704.0,723.0,672.0,246
2024-12-05,CT,1-2,-1.28,-1.16,-1.29,4145
2024-12-05,CT,2-3,-0.96,-0.87,-0.97,1601
2024-12-05,CT,3-4,1.34,1.5,1.33,1300
2024-12-05,CT,4-5,-0.81,-0.67,-0.86,64
2024-12-05,CT,5-6,-0.59,-0.52,-0.52,1
2024-12-05,KC,1-2,2.25,3.0,-1.0,4
2024-12-05,KC,2-3,2.2,2.45,1.85,4706
2024-12-05,KC,3-4,4.75,5.15,4.5,2323
2024-12-05,KC,4-5,5.45,5.8,4.95,1063
2024-12-05,KC,5-6,8.55,8.75,7.8,1385
2024-12-05,SB,1-2,1.35,1.38,1.31,10225
2024-12-05,SB,2-3,0.67,0.69,0.65,3051
2024-12-05,SB,3-4,0.16,0.19,0.14,2974
2024-12-05,SB,4-5,-0.11,-0.1,-0.13,1562
2024-12-05,SB,5-6,1.05,1.06,1.0,1368
2024-12-06,CC,1-2,-86.0,-75.0,-250.0,6
2024-12-06,CC,2-3,431.0,467.0,398.0,3008
2024-12-06,CC,3-4,461.0,468.0,434.0,1627
2024-12-06,CC,4-5,531.0,540.0,499.0,954
2024-12-06,CC,5-6,720.0,740.0,701.0,496
2024-12-06,CT,1-2,-1.24,-1.18,-1.33,6762
2024-12-06,CT,2-3,-1.06,-0.95,-1.07,2437
2024-12-06,CT,3-4,1.12,1.36,1.11,1828
2024-12-06,CT,4-5,-0.81,-0.81,-0.84,13
2024-12-06,CT,5-6,-0.67,-0.59,-0.65,5
2024-12-06,KC,1-2,2.25,,,
2024-12-06,KC,2-3,2.65,2.9,2.3,7993
2024-12-06,KC,3-4,5.65,6.05,5.0,3188
2024-12-06,KC,4-5,7.8,8.95,5.65,2738
2024-12-06,KC,5-6,10.95,12.5,8.65,1504
2024-12-06,SB,1-2,1.52,1.54,1.36,16912
2024-12-06,SB,2-3,0.76,0.78,0.68,10479
2024-12-06,SB,3-4,0.23,0.24,0.17,7548
2024-12-06,SB,4-5,-0.05,-0.05,-0.11,5709
2024-12-06,SB,5-6,1.19,1.2,1.05,3579
2024-12-09,CC,1-2,-104.0,,,
2024-12-09,CC,2-3,416.0,425.0,398.0,2787
2024-12-09,CC,3-4,447.0,491.0,432.0,1745
2024-12-09,CC,4-5,517.0,560.0,500.0,1175
2024-12-09,CC,5-6,708.0,760.0,687.0,458
2024-12-09,CT,1-2,-1.24,-1.11,-1.28,5790
2024-12-09,CT,2-3,-1.06,-1.01,-1.1,2156
2024-12-09,CT,3-4,1.11,1.27,1.1,1580
2024-12-09,CT,4-5,-0.8,-0.74,-0.81,63
2024-12-09,CT,5-6,-0.69,-0.61,-0.62,2
2024-12-09,KC,1-2,2.2,2.95,2.95,2
2024-12-09,KC,2-3,2.45,2.9,2.2,6918
2024-12-09,KC,3-4,5.4,6.55,5.15,3543
2024-12-09,KC,4-5,7.9,9.85,7.35,2586
2024-12-09,KC,5-6,12.05,12.7,10.9,1506
2024-12-09,SB,1-2,1.51,1.58,1.45,13925
2024-12-09,SB,2-3,0.75,0.79,0.73,6141
2024-12-09,SB,3-4,0.2,0.23,0.19,3901
2024-12-09,SB,4-5,-0.07,-0.05,-0.08,2421
2024-12-09,SB,5-6,1.14,1.19,1.13,797
2024-12-10,CC,1-2,-170.0,-75.0,-75.0,20
2024-12-10,CC,2-3,431.0,470.0,413.0,2589
2024-12-10,CC,3-4,492.0,509.0,445.0,1173
2024-12-10,CC,4-5,571.0,589.0,514.0,936
2024-12-10,CC,5-6,746.0,766.0,707.0,457
2024-12-10,CT,1-2,-1.21,-1.13,-1.25,4894
2024-12-10,CT,2-3,-1.06,-0.97,-1.08,2237
2024-12-10,CT,3-4,1.01,1.19,1.0,1496
2024-12-10,CT,4-5,-0.8,-0.75,-0.81,28
2024-12-10,CT,5-6,-0.64,,,
2024-12-10,KC,1-2,1.5,2.75,1.05,22
2024-12-10,KC,2-3,2.6,2.8,2.35,6741
2024-12-10,KC,3-4,5.15,6.0,4.95,2678
2024-12-10,KC,4-5,7.65,8.8,7.4,2501
2024-12-10,KC,5-6,13.4,13.65,11.9,1340
2024-12-10,SB,1-2,1.42,1.5,1.31,18713
2024-12-10,SB,2-3,0.65,0.74,0.64,10438
2024-12-10,SB,3-4,0.13,0.2,0.11,6437
2024-12-10,SB,4-5,-0.12,-0.07,-0.13,4759
2024-12-10,SB,5-6,1.04,1.15,1.03,3505
2024-12-11,CC,1-2,-119.0,-75.0,-75.0,1
2024-12-11,CC,2-3,414.0,456.0,409.0,3342
2024-12-11,CC,3-4,493.0,512.0,474.0,1377
2024-12-11,CC,4-5,578.0,589.0,559.0,895
2024-12-11,CC,5-6,738.0,760.0,714.0,315
2024-12-11,CT,1-2,-1.12,-1.06,-1.23,5672
2024-12-11,CT,2-3,-0.98,-0.95,-1.07,2484
2024-12-11,CT,3-4,1.07,1.13,0.94,2133
2024-12-11,CT,4-5,-0.7,-0.62,-0.77,46
2024-12-11,CT,5-6,-0.57,-0.59,-0.62,4
2024-12-11,KC,1-2,1.5,,,
2024-12-11,KC,2-3,2.4,2.8,2.25,6630
2024-12-11,KC,3-4,4.75,5.3,4.4,2640
2024-12-11,KC,4-5,7.0,7.85,6.6,1535
2024-12-11,KC,5-6,12.3,13.4,11.9,654
2024-12-11,SB,1-2,1.5,1.51,1.36,13224
2024-12-11,SB,2-3,0.7,0.72,0.63,6767
2024-12-11,SB,3-4,0.17,0.18,0.13,3537
2024-12-11,SB,4-5,-0.12,-0.1,-0.13,2020
2024-12-11,SB,5-6,1.06,1.09,1.03,595
2024-12-12,CC,1-2,-119.0,,,
2024-12-12,CC,2-3,413.0,434.0,399.0,1902
2024-12-12,CC,3-4,480.0,500.0,461.0,1145
2024-12-12,CC,4-5,571.0,586.0,555.0,853
2024-12-12,CC,5-6,721.0,741.0,707.0,311
2024-12-12,CT,1-2,-1.18,-1.03,-1.19,3774
2024-12-12,CT,2-3,-0.99,-0.93,-1.01,1559
2024-12-12,CT,3-4,0.99,1.12,0.97,1029
2024-12-12,CT,4-5,-0.73,-0.63,-0.73,50
2024-12-12,CT,5-6,-0.57,-0.56,-0.59,3
2024-12-12,KC,1-2,1.35,-1.0,-1.0,2
2024-12-12,KC,2-3,2.25,2.45,2.0,5445
2024-12-12,KC,3-4,4.55,5.15,4.0,2476
2024-12-12,KC,4-5,6.85,7.5,6.7,1476
2024-12-12,KC,5-6,12.85,13.35,12.4,768
2024-12-12,SB,1-2,1.39,1.52,1.31,16522
2024-12-12,SB,2-3,0.64,0.72,0.61,8696
2024-12-12,SB,3-4,0.12,0.19,0.09,7166
2024-12-12,SB,4-5,-0.13,-0.09,-0.16,3464
2024-12-12,SB,5-6,1.04,1.11,1.01,1556
2024-12-13,CC,1-2,-119.0,,,
2024-12-13,CC,2-3,433.0,442.0,399.0,2763
2024-12-13,CC,3-4,496.0,502.0,459.0,1077
2024-12-13,CC,4-5,574.0,580.0,547.0,608
2024-12-13,CC,5-6,736.0,749.0,702.0,262
2024-12-13,CT,1-2,-1.14,-1.11,-1.19,3297
2024-12-13,CT,2-3,-1.0,-0.96,-1.03,1405
2024-12-13,CT,3-4,0.92,1.06,0.9,824
2024-12-13,CT,4-5,-0.8,-0.74,-0.8,31
2024-12-13,CT,5-6,-0.55,-0.59,-0.59,11
2024-12-13,KC,1-2,1.35,,,
2024-12-13,KC,2-3,2.45,2.6,2.15,4499
2024-12-13,KC,3-4,4.6,4.9,4.05,1860
2024-12-13,KC,4-5,7.6,8.1,6.75,1167
2024-12-13,KC,5-6,14.15,15.45,12.6,736
2024-12-13,SB,1-2,1.46,1.46,1.35,8620
2024-12-13,SB,2-3,0.63,0.64,0.6,5177
2024-12-13,SB,3-4,0.11,0.14,0.09,4482
2024-12-13,SB,4-5,-0.15,-0.12,-0.16,2284
2024-12-13,SB,5-6,1.01,1.04,0.98,1093
2024-12-16,CC,1-2,428.0,442.0,405.0,3761
2024-12-16,CC,2-3,477.0,509.0,466.0,1270
2024-12-16,CC,3-4,602.0,617.0,560.0,788
2024-12-16,CC,4-5,801.0,816.0,724.0,488
2024-12-16,CC,5-6,591.0,605.0,540.0,176
2024-12-16,CT,1-2,-1.16,-1.09,-1.19,1984
2024-12-16,CT,2-3,-1.05,-0.96,-1.06,1195
2024-12-16,CT,3-4,0.94,1.02,0.91,544
2024-12-16,CT,4-5,-0.78,-0.73,-0.8,10
2024-12-16,CT,5-6,-0.56,-0.59,-0.59,3
2024-12-16,KC,1-2,1.35,2.15,2.15,1
2024-12-16,KC,2-3,2.75,3.0,2.45,3556
2024-12-16,KC,3-4,5.05,5.3,4.65,1632
2024-12-16,KC,4-5,8.65,9.05,7.8,855
2024-12-16,KC,5-6,15.35,15.95,14.55,558
2024-12-16,SB,1-2,1.48,1.52,1.36,9034
2024-12-16,SB,2-3,0.65,0.69,0.59,7264
2024-12-16,SB,3-4,0.13,0.15,0.08,4625
2024-12-16,SB,4-5,-0.14,-0.13,-0.17,1816
2024-12-16,SB,5-6,1.0,1.04,0.97,990
2024-12-17,CC,1-2,462.0,477.0,421.0,3439
2024-12-17,CC,2-3,515.0,540.0,461.0,1238
2024-12-17,CC,3-4,628.0,675.0,583.0,895
2024-12-17,CC,4-5,878.0,921.0,798.0,402
2024-12-17,CC,5-6,688.0,733.0,591.0,188
2024-12-17,CT,1-2,-1.13,-1.1,-1.2,2701
2024-12-17,CT,2-3,-1.02,-0.96,-1.11,2095
2024-12-17,CT,3-4,0.93,1.09,0.91,1099
2024-12-17,CT,4-5,-0.8,-0.73,-0.8,13
2024-12-17,CT,5-6,-0.6,-0.59,-0.59,5
2024-12-17,KC,1-2,0.5,1.0,1.0,1
2024-12-17,KC,2-3,3.05,3.7,2.45,5021
2024-12-17,KC,3-4,4.95,5.25,4.7,1956
2024-12-17,KC,4-5,8.85,9.0,8.35,650
2024-12-17,KC,5-6,15.4,15.95,15.05,602
2024-12-17,SB,1-2,1.31,1.49,1.29,18972
2024-12-17,SB,2-3,0.47,0.66,0.46,19778
2024-12-17,SB,3-4,0.04,0.14,0.03,15446
2024-12-17,SB,4-5,-0.2,-0.13,-0.21,5846
2024-12-17,SB,5-6,0.9,0.99,0.87,1501
2024-12-18,CC,1-2,661.0,714.0,457.0,5576
2024-12-18,CC,2-3,625.0,687.0,511.0,1658
2024-12-18,CC,3-4,702.0,789.0,667.0,1416
2024-12-18,CC,4-5,919.0,1131.0,874.0,719
2024-12-18,CC,5-6,734.0,872.0,716.0,357
2024-12-18,CT,1-2,-1.13,-1.04,-1.18,3266
2024-12-18,CT,2-3,-1.02,-0.95,-1.08,1749
2024-12-18,CT,3-4,0.84,0.99,0.82,1518
2024-12-18,CT,4-5,-0.79,-0.7,-0.8,22
2024-12-18,CT,5-6,-0.66,-0.66,-0.66,1
2024-12-18,KC,1-2,0.5,,,
2024-12-18,KC,2-3,5.25,5.6,3.3,5263
2024-12-18,KC,3-4,6.7,7.0,5.15,1717
2024-12-18,KC,4-5,9.3,10.25,8.75,697
2024-12-18,KC,5-6,16.05,16.85,15.3,393
2024-12-18,SB,1-2,1.37,1.38,1.27,15135
2024-12-18,SB,2-3,0.44,0.52,0.43,10270
2024-12-18,SB,3-4,0.03,0.06,0.02,6390
2024-12-18,SB,4-5,-0.21,-0.19,-0.22,2351
2024-12-18,SB,5-6,0.85,0.9,0.82,743
2024-12-19,CC,1-2,694.0,821.0,659.0,4184
2024-12-19,CC,2-3,652.0,694.0,589.0,2505
2024-12-19,CC,3-4,636.0,742.0,590.0,1666
2024-12-19,CC,4-5,789.0,964.0,759.0,938
2024-12-19,CC,5-6,616.0,764.0,598.0,333
2024-12-19,CT,1-2,-1.12,-1.06,-1.15,3333
2024-12-19,CT,2-3,-0.95,-0.94,-1.06,2279
2024-12-19,CT,3-4,0.86,0.89,0.75,1610
2024-12-19,CT,4-5,-0.85,-0.79,-0.93,188
2024-12-19,CT,5-6,-0.77,-0.72,-0.86,45
2024-12-19,KC,1-2,5.45,6.3,4.3,9202
2024-12-19,KC,2-3,7.3,7.9,6.4,3043
2024-12-19,KC,3-4,9.25,10.65,8.35,2168
2024-12-19,KC,4-5,15.1,16.85,14.55,1507
2024-12-19,KC,5-6,10.75,11.55,10.3,376
2024-12-19,SB,1-2,1.35,1.4,1.3,13681
2024-12-19,SB,2-3,0.42,0.49,0.41,10648
2024-12-19,SB,3-4,0.03,0.07,0.01,8484
2024-12-19,SB,4-5,-0.22,-0.17,-0.23,2562
2024-12-19,SB,5-6,0.78,0.88,0.76,1483
2024-12-20,CC,1-2,791.0,801.0,660.0,3304
2024-12-20,CC,2-3,588.0,657.0,560.0,1727
2024-12-20,CC,3-4,536.0,635.0,506.0,976
2024-12-20,CC,4-5,666.0,788.0,649.0,606
2024-12-20,CC,5-6,588.0,641.0,565.0,190
2024-12-20,CT,1-2,-1.11,-1.07,-1.17,2566
2024-12-20,CT,2-3,-0.95,-0.91,-1.0,1088
2024-12-20,CT,3-4,0.84,0.88,0.78,611
2024-12-20,CT,4-5,-0.86,-0.84,-0.96,17
2024-12-20,CT,5-6,-0.77,,,
2024-12-20,KC,1-2,5.7,5.9,4.25,4404
2024-12-20,KC,2-3,7.65,8.2,6.9,1864
2024-12-20,KC,3-4,8.9,9.95,8.55,1335
2024-12-20,KC,4-5,14.9,15.5,14.6,848
2024-12-20,KC,5-6,10.85,11.2,10.6,175
2024-12-20,SB,1-2,1.46,1.46,1.35,7844
2024-12-20,SB,2-3,0.45,0.47,0.41,4989
2024-12-20,SB,3-4,0.04,0.06,0.02,4472
2024-12-20,SB,4-5,-0.2,-0.19,-0.23,1731
2024-12-20,SB,5-6,0.77,0.8,0.74,566
2024-12-23,CC,1-2,855.0,946.0,781.0,2113
2024-12-23,CC,2-3,631.0,640.0,588.0,1097
2024-12-23,CC,3-4,515.0,547.0,500.0,516
2024-12-23,CC,4-5,642.0,675.0,634.0,327
2024-12-23,CC,5-6,559.0,598.0,547.0,150
2024-12-23,CT,1-2,-1.05,-0.92,-1.12,3762
2024-12-23,CT,2-3,-0.89,-0.82,-0.98,1397
2024-12-23,CT,3-4,0.99,1.06,0.84,1000
2024-12-23,CT,4-5,-0.8,-0.74,-0.93,33
2024-12-23,CT,5-6,-0.73,-0.73,-0.74,3
2024-12-23,KC,1-2,5.4,5.7,5.1,2798
2024-12-23,KC,2-3,7.75,8.25,7.45,1055
2024-12-23,KC,3-4,9.0,9.8,8.45,851
2024-12-23,KC,4-5,14.85,15.2,14.65,291
2024-12-23,KC,5-6,11.2,11.4,10.8,86
2024-12-23,SB,1-2,1.44,1.49,1.38,5901
2024-12-23,SB,2-3,0.43,0.48,0.41,3676
2024-12-23,SB,3-4,0.04,0.06,0.03,2563
2024-12-23,SB,4-5,-0.18,-0.18,-0.21,1189
2024-12-23,SB,5-6,0.79,0.8,0.77,575
2024-12-24,CC,1-2,819.0,899.0,781.0,844
2024-12-24,CC,2-3,586.0,663.0,575.0,639
2024-12-24,CC,3-4,501.0,528.0,483.0,335
2024-12-24,CC,4-5,633.0,653.0,612.0,108
2024-12-24,CC,5-6,548.0,568.0,557.0,6
2024-12-24,CT,1-2,-1.1,-1.05,-1.15,1789
2024-12-24,CT,2-3,-0.97,-0.87,-1.0,1256
2024-12-24,CT,3-4,0.94,1.03,0.92,543
2024-12-24,CT,4-5,-0.86,-0.82,-0.88,19
2024-12-24,CT,5-6,-0.75,-0.71,-0.73,8
2024-12-24,KC,1-2,5.25,5.4,4.8,1717
2024-12-24,KC,2-3,7.4,7.85,7.3,1230
2024-12-24,KC,3-4,8.5,8.95,8.3,742
2024-12-24,KC,4-5,14.65,15.05,14.55,275
2024-12-24,KC,5-6,11.0,11.1,10.85,22
2024-12-24,SB,1-2,1.4,1.46,1.39,3091
2024-12-24,SB,2-3,0.4,0.46,0.4,3283
2024-12-24,SB,3-4,0.04,0.07,0.04,1669
2024-12-24,SB,4-5,-0.18,-0.16,-0.19,887
2024-12-24,SB,5-6,0.83,0.84,0.79,598
2024-12-26,CC,1-2,772.0,817.0,665.0,2454
2024-12-26,CC,2-3,519.0,604.0,414.0,904
2024-12-26,CC,3-4,441.0,522.0,342.0,610
2024-12-26,CC,4-5,579.0,642.0,538.0,150
2024-12-26,CC,5-6,488.0,532.0,455.0,62
2024-12-26,CT,1-2,-1.11,-1.04,-1.12,1033
2024-12-26,CT,2-3,-1.02,-0.94,-1.04,1117
2024-12-26,CT,3-4,0.93,1.0,0.91,252
2024-12-26,CT,4-5,-0.85,-0.84,-0.88,4
2024-12-26,CT,5-6,-0.71,-0.71,-0.71,5
2024-12-26,KC,1-2,4.95,5.4,4.6,1756
2024-12-26,KC,2-3,6.35,7.75,5.95,1110
2024-12-26,KC,3-4,8.15,8.9,8.1,770
2024-12-26,KC,4-5,14.1,15.2,13.85,574
2024-12-26,KC,5-6,10.8,11.4,10.8,74
2024-12-26,SB,1-2,1.37,1.42,1.36,4094
2024-12-26,SB,2-3,0.37,0.41,0.36,6183
2024-12-26,SB,3-4,0.02,0.04,0.01,2437
2024-12-26,SB,4-5,-0.21,-0.18,-0.21,926
2024-12-26,SB,5-6,0.8,0.82,0.77,368
2024-12-27,CC,1-2,561.0,776.0,524.0,3253
2024-12-27,CC,2-3,431.0,568.0,416.0,1167
2024-12-27,CC,3-4,442.0,510.0,429.0,713
2024-12-27,CC,4-5,638.0,670.0,610.0,392
2024-12-27,CC,5-6,511.0,559.0,508.0,158
2024-12-27,CT,1-2,-1.07,-1.07,-1.13,744
2024-12-27,CT,2-3,-1.03,-0.99,-1.04,1112
2024-12-27,CT,3-4,0.97,1.0,0.9,247
2024-12-27,CT,4-5,-0.87,-0.87,-0.88,3
2024-12-27,CT,5-6,-0.68,-0.68,-0.71,3
2024-12-27,KC,1-2,5.05,5.2,4.2,2552
2024-12-27,KC,2-3,6.55,6.65,5.75,1345
2024-12-27,KC,3-4,7.35,8.15,7.3,745
2024-12-27,KC,4-5,13.3,13.95,13.2,445
2024-12-27,KC,5-6,10.4,11.0,10.25,92
2024-12-27,SB,1-2,1.45,1.45,1.36,6240
2024-12-27,SB,2-3,0.38,0.4,0.36,5828
2024-12-27,SB,3-4,0.05,0.06,0.01,4896
2024-12-27,SB,4-5,-0.22,-0.2,-0.23,908
2024-12-27,SB,5-6,0.8,0.82,0.78,138
2024-12-30,CC,1-2,783.0,810.0,533.0,3224
2024-12-30,CC,2-3,529.0,542.0,431.0,1982
2024-12-30,CC,3-4,521.0,540.0,424.0,1256
2024-12-30,CC,4-5,713.0,725.0,595.0,557
2024-12-30,CC,5-6,656.0,673.0,518.0,385
2024-12-30,CT,1-2,-1.11,-1.04,-1.12,1421
2024-12-30,CT,2-3,-1.0,-0.92,-1.03,1791
2024-12-30,CT,3-4,0.81,1.04,0.78,537
2024-12-30,CT,4-5,-0.82,-0.81,-0.89,17
2024-12-30,CT,5-6,-0.58,-0.57,-0.68,11
2024-12-30,KC,1-2,4.05,5.05,3.8,3177
2024-12-30,KC,2-3,5.2,6.5,4.8,2935
2024-12-30,KC,3-4,6.6,7.45,5.95,1618
2024-12-30,KC,4-5,12.95,13.5,12.75,991
2024-12-30,KC,5-6,10.15,10.5,9.7,152
2024-12-30,SB,1-2,1.34,1.45,1.33,7838
2024-12-30,SB,2-3,0.32,0.4,0.3,12649
2024-12-30,SB,3-4,0.02,0.08,0.02,4097
2024-12-30,SB,4-5,-0.22,-0.19,-0.23,1712
2024-12-30,SB,5-6,0.76,0.85,0.76,655
2024-12-31,CC,1-2,635.0,805.0,526.0,3780
2024-12-31,CC,2-3,619.0,635.0,482.0,1850
2024-12-31,CC,3-4,526.0,549.0,470.0,903
2024-12-31,CC,4-5,636.0,727.0,587.0,759
2024-12-31,CC,5-6,718.0,722.0,623.0,500
2024-12-31,CT,1-2,-1.09,-1.08,-1.14,1791
2024-12-31,CT,2-3,-1.01,-0.96,-1.03,1064
2024-12-31,CT,3-4,0.8,0.89,0.77,631
2024-12-31,CT,4-5,-0.74,-0.65,-0.8,33
2024-12-31,CT,5-6,-0.54,-0.55,-0.55,1
2024-12-31,KC,1-2,4.9,5.05,3.35,4606
2024-12-31,KC,2-3,6.4,6.75,4.7,2632
2024-12-31,KC,3-4,6.45,7.05,5.95,1379
2024-12-31,KC,4-5,12.65,13.0,12.4,633
2024-12-31,KC,5-6,10.1,10.8,9.5,186
2024-12-31,SB,1-2,1.41,1.42,1.32,8068
2024-12-31,SB,2-3,0.35,0.36,0.31,5206
2024-12-31,SB,3-4,0.03,0.05,0.02,2521
2024-12-31,SB,4-5,-0.23,-0.2,-0.23,1412
2024-12-31,SB,5-6,0.76,0.79,0.76,353
2025-01-02,CC,1-2,594.0,699.0,539.0,1822
2025-01-02,CC,2-3,501.0,586.0,479.0,1255
2025-01-02,CC,3-4,490.0,516.0,472.0,782
2025-01-02,CC,4-5,609.0,628.0,572.0,618
2025-01-02,CC,5-6,628.0,697.0,581.0,222
2025-01-02,CT,1-2,-1.16,-1.02,-1.16,3369
2025-01-02,CT,2-3,-1.02,-0.91,-1.05,2435
2025-01-02,CT,3-4,1.01,1.06,0.78,1156
2025-01-02,CT,4-5,-0.82,-0.65,-0.84,64
2025-01-02,CT,5-6,-0.61,-0.52,-0.72,10
2025-01-02,KC,1-2,4.75,5.1,4.0,3439
2025-01-02,KC,2-3,5.95,7.0,5.85,2632
2025-01-02,KC,3-4,6.35,7.2,6.25,1383
2025-01-02,KC,4-5,13.15,14.1,12.65,797
2025-01-02,KC,5-6,9.75,10.55,9.75,304
2025-01-02,SB,1-2,1.36,1.44,1.34,8698
2025-01-02,SB,2-3,0.44,0.47,0.33,8972
2025-01-02,SB,3-4,0.06,0.09,0.02,5544
2025-01-02,SB,4-5,-0.21,-0.18,-0.23,1644
2025-01-02,SB,5-6,0.83,0.86,0.76,1127
2025-01-03,CC,1-2,553.0,620.0,507.0,1582
2025-01-03,CC,2-3,482.0,522.0,474.0,669
2025-01-03,CC,3-4,503.0,539.0,491.0,509
2025-01-03,CC,4-5,644.0,656.0,612.0,300
2025-01-03,CC,5-6,636.0,650.0,615.0,105
2025-01-03,CT,1-2,-1.15,-1.12,-1.19,2730
2025-01-03,CT,2-3,-1.08,-1.0,-1.09,1840
2025-01-03,CT,3-4,0.83,1.1,0.81,1573
2025-01-03,CT,4-5,-0.83,-0.8,-0.89,35
2025-01-03,CT,5-6,-0.6,,,
2025-01-03,KC,1-2,3.75,4.85,3.5,2839
2025-01-03,KC,2-3,5.8,6.15,5.4,1581
2025-01-03,KC,3-4,6.9,7.2,6.4,1241
2025-01-03,KC,4-5,13.8,14.0,13.05,535
2025-01-03,KC,5-6,10.3,10.4,9.75,129
2025-01-03,SB,1-2,1.38,1.41,1.32,6090
2025-01-03,SB,2-3,0.44,0.46,0.39,6758
2025-01-03,SB,3-4,0.02,0.06,0.02,5219
2025-01-03,SB,4-5,-0.24,-0.2,-0.25,2962
2025-01-03,SB,5-6,0.79,0.82,0.75,857
2025-01-06,CC,1-2,546.0,633.0,536.0,2489
2025-01-06,CC,2-3,524.0,587.0,494.0,1071
2025-01-06,CC,3-4,523.0,564.0,498.0,868
2025-01-06,CC,4-5,653.0,678.0,624.0,420
2025-01-06,CC,5-6,648.0,674.0,625.0,237
2025-01-06,CT,1-2,-1.14,-1.06,-1.16,3537
2025-01-06,CT,2-3,-1.03,-0.98,-1.09,1942
2025-01-06,CT,3-4,0.95,0.98,0.81,856
2025-01-06,CT,4-5,-0.71,-0.67,-0.85,31
2025-01-06,CT,5-6,-0.61,-0.52,-0.52,1
2025-01-06,KC,1-2,3.1,4.45,2.95,4138
2025-01-06,KC,2-3,5.1,6.65,5.0,2908
2025-01-06,KC,3-4,6.35,7.7,6.15,1681
2025-01-06,KC,4-5,13.35,14.8,13.15,637
2025-01-06,KC,5-6,10.25,11.05,9.95,195
2025-01-06,SB,1-2,1.33,1.4,1.32,8566
2025-01-06,SB,2-3,0.36,0.45,0.36,6333
2025-01-06,SB,3-4,-0.02,0.03,-0.02,6618
2025-01-06,SB,4-5,-0.28,-0.23,-0.28,3649
2025-01-06,SB,5-6,0.74,0.8,0.72,836
2025-01-07,CC,1-2,532.0,569.0,522.0,1866
2025-01-07,CC,2-3,520.0,561.0,500.0,1124
2025-01-07,CC,3-4,543.0,578.0,507.0,786
2025-01-07,CC,4-5,655.0,668.0,627.0,425
2025-01-07,CC,5-6,642.0,651.0,619.0,283
2025-01-07,CT,1-2,-1.17,-1.06,-1.18,3489
2025-01-07,CT,2-3,-1.07,-0.96,-1.08,2598
2025-01-07,CT,3-4,0.87,1.06,0.85,1134
2025-01-07,CT,4-5,-0.77,-0.75,-0.85,50
2025-01-07,CT,5-6,-0.62,-0.69,-0.69,1
2025-01-07,KC,1-2,3.2,3.65,2.95,3543
2025-01-07,KC,2-3,4.9,5.65,4.75,2161
2025-01-07,KC,3-4,6.3,6.9,6.2,1055
2025-01-07,KC,4-5,13.3,14.35,13.1,573
2025-01-07,KC,5-6,10.2,10.7,9.9,167
2025-01-07,SB,1-2,1.34,1.36,1.28,15546
2025-01-07,SB,2-3,0.39,0.4,0.35,7952
2025-01-07,SB,3-4,-0.02,0.01,-0.03,5320
2025-01-07,SB,4-5,-0.28,-0.25,-0.29,2980
2025-01-07,SB,5-6,0.77,0.81,0.75,1108
2025-01-08,CC,1-2,473.0,649.0,450.0,3794
2025-01-08,CC,2-3,455.0,543.0,445.0,1511
2025-01-08,CC,3-4,517.0,558.0,502.0,1302
2025-01-08,CC,4-5,591.0,636.0,570.0,737
2025-01-08,CC,5-6,556.0,614.0,535.0,464
2025-01-08,CT,1-2,-1.14,-1.11,-1.19,3090
2025-01-08,CT,2-3,-1.03,-0.97,-1.06,3227
2025-01-08,CT,3-4,0.83,0.92,0.81,494
2025-01-08,CT,4-5,-0.76,-0.72,-0.8,20
2025-01-08,CT,5-6,-0.62,,,
2025-01-08,KC,1-2,3.45,3.8,2.85,6607
2025-01-08,KC,2-3,5.05,5.3,4.3,3018
2025-01-08,KC,3-4,6.35,6.85,6.1,1974
2025-01-08,KC,4-5,13.0,13.8,12.55,728
2025-01-08,KC,5-6,9.95,10.45,9.85,130
2025-01-08,SB,1-2,1.28,1.36,1.26,10821
2025-01-08,SB,2-3,0.36,0.42,0.35,7882
2025-01-08,SB,3-4,-0.04,-0.01,-0.05,5781
2025-01-08,SB,4-5,-0.29,-0.27,-0.3,3050
2025-01-08,SB,5-6,0.74,0.78,0.73,732
2025-01-09,CC,1-2,590.0,675.0,512.0,4200
2025-01-09,CC,2-3,550.0,605.0,496.0,2055
2025-01-09,CC,3-4,566.0,624.0,532.0,1403
2025-01-09,CC,4-5,641.0,674.0,603.0,656
2025-01-09,CC,5-6,621.0,646.0,589.0,337
2025-01-09,CT,1-2,-1.18,-1.1,-1.2,5173
2025-01-09,CT,2-3,-1.07,-1.02,-1.08,2763
2025-01-09,CT,3-4,0.85,0.9,0.75,823
2025-01-09,CT,4-5,-0.68,-0.65,-0.82,36
2025-01-09,CT,5-6,-0.55,-0.5,-0.55,16
2025-01-09,KC,1-2,3.8,4.1,3.3,4731
2025-01-09,KC,2-3,5.4,5.9,5.05,2290
2025-01-09,KC,3-4,6.5,6.85,6.15,1589
2025-01-09,KC,4-5,12.9,13.75,12.4,627
2025-01-09,KC,5-6,10.0,10.25,9.7,190
2025-01-09,SB,1-2,1.15,1.27,1.14,17950
2025-01-09,SB,2-3,0.35,0.39,0.32,10188
2025-01-09,SB,3-4,-0.04,-0.04,-0.07,4934
2025-01-09,SB,4-5,-0.3,-0.29,-0.32,3303
2025-01-09,SB,5-6,0.72,0.74,0.66,1043
2025-01-10,CC,1-2,560.0,603.0,525.0,2367
2025-01-10,CC,2-3,515.0,547.0,510.0,936
2025-01-10,CC,3-4,546.0,562.0,536.0,524
2025-01-10,CC,4-5,610.0,633.0,597.0,205
2025-01-10,CC,5-6,582.0,602.0,572.0,102
2025-01-10,CT,1-2,-1.25,-1.13,-1.26,6907
2025-01-10,CT,2-3,-1.11,-1.0,-1.15,4513
2025-01-10,CT,3-4,0.51,0.92,0.5,1522
2025-01-10,CT,4-5,-0.83,-0.63,-0.9,110
2025-01-10,CT,5-6,-0.65,-0.63,-0.69,3
2025-01-10,KC,1-2,4.05,4.2,3.4,4590
2025-01-10,KC,2-3,6.2,6.4,5.2,1825
2025-01-10,KC,3-4,7.25,7.5,6.3,1256
2025-01-10,KC,4-5,13.75,13.95,12.95,458
2025-01-10,KC,5-6,10.55,10.65,9.95,101
2025-01-10,SB,1-2,1.15,1.22,1.1,10941
2025-01-10,SB,2-3,0.37,0.4,0.34,7620
2025-01-10,SB,3-4,-0.03,-0.01,-0.05,5128
2025-01-10,SB,4-5,-0.29,-0.27,-0.3,1854
2025-01-10,SB,5-6,0.72,0.76,0.7,496
2025-01-13,CC,1-2,612.0,650.0,525.0,1569
2025-01-13,CC,2-3,538.0,569.0,517.0,1018
2025-01-13,CC,3-4,551.0,571.0,528.0,859
2025-01-13,CC,4-5,626.0,638.0,602.0,291
2025-01-13,CC,5-6,618.0,626.0,595.0,143
2025-01-13,CT,1-2,-1.23,-1.1,-1.26,6345
2025-01-13,CT,2-3,-1.06,-1.0,-1.13,4398
2025-01-13,CT,3-4,0.44,0.59,0.35,1762
2025-01-13,CT,4-5,-0.83,-0.78,-0.9,40
2025-01-13,CT,5-6,-0.65,-0.65,-0.72,12
2025-01-13,KC,1-2,4.05,4.5,3.4,6391
2025-01-13,KC,2-3,5.8,6.45,5.6,3148
2025-01-13,KC,3-4,7.25,7.75,6.85,1460
2025-01-13,KC,4-5,13.0,14.3,12.8,978
2025-01-13,KC,5-6,10.1,10.8,9.4,421
2025-01-13,SB,1-2,0.98,1.14,0.96,17723
2025-01-13,SB,2-3,0.32,0.4,0.31,15288
2025-01-13,SB,3-4,-0.07,-0.03,-0.08,6282
2025-01-13,SB,4-5,-0.31,-0.28,-0.32,4193
2025-01-13,SB,5-6,0.67,0.72,0.66,1146
2025-01-14,CC,1-2,608.0,666.0,588.0,2078
2025-01-14,CC,2-3,559.0,581.0,539.0,1127
2025-01-14,CC,3-4,552.0,593.0,544.0,929
2025-01-14,CC,4-5,654.0,670.0,628.0,278
2025-01-14,CC,5-6,647.0,663.0,627.0,166
2025-01-14,CT,1-2,-1.2,-1.15,-1.23,4365
2025-01-14,CT,2-3,-1.02,-0.95,-1.05,3975
2025-01-14,CT,3-4,0.43,0.53,0.39,1050
2025-01-14,CT,4-5,-0.86,-0.82,-0.89,79
2025-01-14,CT,5-6,-0.66,-0.65,-0.65,1
2025-01-14,KC,1-2,3.95,4.2,3.5,4065
2025-01-14,KC,2-3,6.0,6.2,5.6,2025
2025-01-14,KC,3-4,7.65,7.95,6.95,1057
2025-01-14,KC,4-5,13.35,13.55,12.6,397
2025-01-14,KC,5-6,10.1,10.25,9.8,66
2025-01-14,SB,1-2,0.93,0.99,0.87,22738
2025-01-14,SB,2-3,0.26,0.32,0.25,23156
2025-01-14,SB,3-4,-0.13,-0.07,-0.13,11116
2025-01-14,SB,4-5,-0.36,-0.3,-0.37,6283
2025-01-14,SB,5-6,0.61,0.68,0.6,1843
2025-01-15,CC,1-2,585.0,632.0,578.0,1816
2025-01-15,CC,2-3,538.0,564.0,527.0,1148
2025-01-15,CC,3-4,553.0,561.0,534.0,699
2025-01-15,CC,4-5,677.0,683.0,633.0,272
2025-01-15,CC,5-6,641.0,655.0,625.0,113
2025-01-15,CT,1-2,-1.15,-1.1,-1.21,3959
2025-01-15,CT,2-3,-1.0,-0.92,-1.03,3238
2025-01-15,CT,3-4,0.48,0.48,0.4,1474
2025-01-15,CT,4-5,-0.9,-0.87,-0.98,107
2025-01-15,CT,5-6,-0.6,-0.57,-0.63,10
2025-01-15,KC,1-2,4.4,4.7,3.85,3513
2025-01-15,KC,2-3,6.65,7.15,6.1,1653
2025-01-15,KC,3-4,8.35,8.8,7.45,730
2025-01-15,KC,4-5,14.0,14.55,13.1,450
2025-01-15,KC,5-6,10.3,10.35,9.8,153
2025-01-15,SB,1-2,0.94,0.97,0.87,17181
2025-01-15,SB,2-3,0.24,0.3,0.24,15783
2025-01-15,SB,3-4,-0.16,-0.1,-0.17,11111
2025-01-15,SB,4-5,-0.39,-0.35,-0.4,7103
2025-01-15,SB,5-6,0.55,0.62,0.54,1773
2025-01-16,CC,1-2,403.0,604.0,377.0,4628
2025-01-16,CC,2-3,464.0,529.0,457.0,1650
2025-01-16,CC,3-4,501.0,561.0,492.0,1196
2025-01-16,CC,4-5,640.0,684.0,633.0,564
2025-01-16,CC,5-6,603.0,642.0,597.0,122
2025-01-16,CT,1-2,-1.12,-1.1,-1.2,3901
2025-01-16,CT,2-3,-1.03,-0.98,-1.05,2557
2025-01-16,CT,3-4,0.35,0.49,0.25,2092
2025-01-16,CT,4-5,-1.02,-0.86,-1.03,153
2025-01-16,CT,5-6,-0.62,-0.51,-0.59,54
2025-01-16,KC,1-2,4.0,4.5,3.85,4311
2025-01-16,KC,2-3,6.6,7.15,6.15,1832
2025-01-16,KC,3-4,8.6,8.85,7.95,982
2025-01-16,KC,4-5,14.35,14.5,13.6,638
2025-01-16,KC,5-6,10.05,10.4,9.8,318
2025-01-16,SB,1-2,1.19,1.21,0.94,18519
2025-01-16,SB,2-3,0.28,0.34,0.24,12017
2025-01-16,SB,3-4,-0.13,-0.08,-0.17,8815
2025-01-16,SB,4-5,-0.37,-0.34,-0.39,4692
2025-01-16,SB,5-6,0.58,0.62,0.55,2105
2025-01-17,CC,1-2,339.0,408.0,308.0,4223
2025-01-17,CC,2-3,494.0,511.0,445.0,1815
2025-01-17,CC,3-4,571.0,587.0,495.0,1584
2025-01-17,CC,4-5,790.0,807.0,640.0,1210
2025-01-17,CC,5-6,747.0,767.0,607.0,650
2025-01-17,CT,1-2,-1.03,-1.01,-1.16,7468
2025-01-17,CT,2-3,-0.99,-0.95,-1.06,3049
2025-01-17,CT,3-4,0.5,0.51,0.26,1950
2025-01-17,CT,4-5,-1.0,-0.96,-1.04,35
2025-01-17,CT,5-6,-0.61,-0.62,-0.62,1
2025-01-17,KC,1-2,3.75,4.2,3.6,4666
2025-01-17,KC,2-3,6.35,6.65,6.2,1473
2025-01-17,KC,3-4,8.8,8.95,8.3,759
2025-01-17,KC,4-5,14.5,14.65,14.15,474
2025-01-17,KC,5-6,10.05,10.25,9.9,197
2025-01-17,SB,1-2,1.12,1.2,1.04,12562
2025-01-17,SB,2-3,0.31,0.32,0.25,12947
2025-01-17,SB,3-4,-0.08,-0.07,-0.15,9755
2025-01-17,SB,4-5,-0.36,-0.35,-0.4,6733
2025-01-17,SB,5-6,0.56,0.58,0.53,1203
2025-01-21,CC,1-2,335.0,419.0,309.0,3192
2025-01-21,CC,2-3,472.0,529.0,458.0,1475
2025-01-21,CC,3-4,568.0,615.0,551.0,1036
2025-01-21,CC,4-5,806.0,865.0,763.0,575
2025-01-21,CC,5-6,776.0,809.0,745.0,198
2025-01-21,CT,1-2,-1.12,-1.02,-1.17,4861
2025-01-21,CT,2-3,-1.03,-0.96,-1.05,2077
2025-01-21,CT,3-4,0.44,0.57,0.37,1423
2025-01-21,CT,4-5,-1.12,-0.92,-1.19,292
2025-01-21,CT,5-6,-0.66,-0.53,-0.66,26
2025-01-21,KC,1-2,3.85,4.3,3.7,4907
2025-01-21,KC,2-3,6.25,6.55,6.2,1406
2025-01-21,KC,3-4,8.5,9.0,8.35,748
2025-01-21,KC,4-5,13.95,14.6,13.85,687
2025-01-21,KC,5-6,9.85,10.5,9.8,439
2025-01-21,SB,1-2,0.96,1.09,0.93,31177
2025-01-21,SB,2-3,0.24,0.32,0.18,25992
2025-01-21,SB,3-4,-0.15,-0.08,-0.17,10291
2025-01-21,SB,4-5,-0.39,-0.35,-0.4,7080
2025-01-21,SB,5-6,0.53,0.59,0.52,1692
2025-01-22,CC,1-2,207.0,327.0,200.0,4498
2025-01-22,CC,2-3,415.0,472.0,409.0,1784
2025-01-22,CC,3-4,559.0,593.0,555.0,989
2025-01-22,CC,4-5,790.0,828.0,781.0,496
2025-01-22,CC,5-6,813.0,841.0,754.0,288
2025-01-22,CT,1-2,-1.14,-1.06,-1.16,5908
2025-01-22,CT,2-3,-1.09,-1.0,-1.1,2675
2025-01-22,CT,3-4,0.23,0.41,0.2,1297
2025-01-22,CT,4-5,-1.11,-1.04,-1.15,57
2025-01-22,CT,5-6,-0.67,-0.65,-0.69,8
2025-01-22,KC,1-2,4.0,4.25,3.7,5256
2025-01-22,KC,2-3,6.7,6.85,6.15,2579
2025-01-22,KC,3-4,9.15,9.5,8.6,816
2025-01-22,KC,4-5,14.25,14.8,14.0,790
2025-01-22,KC,5-6,10.15,10.35,9.95,594
2025-01-22,SB,1-2,1.08,1.09,0.94,23089
2025-01-22,SB,2-3,0.26,0.27,0.21,13242
2025-01-22,SB,3-4,-0.13,-0.11,-0.16,6952
2025-01-22,SB,4-5,-0.38,-0.36,-0.4,4315
2025-01-22,SB,5-6,0.59,0.61,0.53,1303
2025-01-23,CC,1-2,191.0,236.0,152.0,3328
2025-01-23,CC,2-3,351.0,426.0,335.0,3547
2025-01-23,CC,3-4,519.0,569.0,504.0,1373
2025-01-23,CC,4-5,744.0,815.0,733.0,690
2025-01-23,CC,5-6,763.0,842.0,756.0,180
2025-01-23,CT,1-2,-1.07,-1.05,-1.16,4415
2025-01-23,CT,2-3,-1.1,-1.05,-1.13,2288
2025-01-23,CT,3-4,0.18,0.28,0.17,1381
2025-01-23,CT,4-5,-1.03,-0.97,-1.15,191
2025-01-23,CT,5-6,-0.77,-0.68,-0.9,89
2025-01-23,KC,1-2,3.85,4.2,3.55,7300
2025-01-23,KC,2-3,6.55,6.85,6.2,2031
2025-01-23,KC,3-4,9.15,9.75,8.9,849
2025-01-23,KC,4-5,14.05,14.9,13.9,630
2025-01-23,KC,5-6,10.25,10.7,10.2,199
2025-01-23,SB,1-2,1.37,1.4,1.06,29891
2025-01-23,SB,2-3,0.29,0.32,0.24,13178
2025-01-23,SB,3-4,-0.12,-0.09,-0.14,7592
2025-01-23,SB,4-5,-0.38,-0.35,-0.39,4393
2025-01-23,SB,5-6,0.63,0.64,0.6,760
2025-01-24,CC,1-2,182.0,275.0,163.0,2715
2025-01-24,CC,2-3,343.0,379.0,321.0,2086
2025-01-24,CC,3-4,486.0,539.0,484.0,1503
2025-01-24,CC,4-5,778.0,784.0,732.0,627
2025-01-24,CC,5-6,751.0,770.0,731.0,208
2025-01-24,CT,1-2,-1.06,-1.03,-1.12,5841
2025-01-24,CT,2-3,-1.1,-1.01,-1.11,3622
2025-01-24,CT,3-4,0.27,0.42,0.17,1945
2025-01-24,CT,4-5,-1.02,-0.98,-1.09,169
2025-01-24,CT,5-6,-0.73,-0.68,-0.8,22
2025-01-24,KC,1-2,4.5,4.75,3.8,6014
2025-01-24,KC,2-3,6.65,7.0,6.3,1794
2025-01-24,KC,3-4,9.2,9.5,8.9,897
2025-01-24,KC,4-5,14.2,14.4,13.8,511
2025-01-24,KC,5-6,10.6,10.75,10.25,152
2025-01-24,SB,1-2,1.4,1.52,1.3,24109
2025-01-24,SB,2-3,0.36,0.38,0.27,16356
2025-01-24,SB,3-4,-0.09,-0.08,-0.12,6730
2025-01-24,SB,4-5,-0.38,-0.36,-0.38,3852
2025-01-24,SB,5-6,0.65,0.67,0.62,961
2025-01-27,CC,1-2,153.0,249.0,141.0,3913
2025-01-27,CC,2-3,347.0,360.0,325.0,1054
2025-01-27,CC,3-4,481.0,495.0,474.0,998
2025-01-27,CC,4-5,787.0,792.0,771.0,359
2025-01-27,CC,5-6,731.0,763.0,711.0,138
2025-01-27,CT,1-2,-1.09,-1.04,-1.12,4726
2025-01-27,CT,2-3,-1.15,-1.07,-1.16,2115
2025-01-27,CT,3-4,0.16,0.36,0.14,1200
2025-01-27,CT,4-5,-1.12,-0.91,-1.12,146
2025-01-27,CT,5-6,-0.7,-0.57,-0.69,31
2025-01-27,KC,1-2,5.05,5.9,4.6,8547
2025-01-27,KC,2-3,6.7,7.15,6.55,2258
2025-01-27,KC,3-4,9.1,9.5,8.75,999
2025-01-27,KC,4-5,14.15,14.6,13.85,633
2025-01-27,KC,5-6,10.5,11.05,10.35,95
2025-01-27,SB,1-2,1.43,1.58,1.38,19244
2025-01-27,SB,2-3,0.36,0.41,0.34,14467
2025-01-27,SB,3-4,-0.09,-0.05,-0.1,8334
2025-01-27,SB,4-5,-0.38,-0.35,-0.38,5789
2025-01-27,SB,5-6,0.68,0.7,0.64,1584
2025-01-28,CC,1-2,183.0,211.0,146.0,2526
2025-01-28,CC,2-3,344.0,378.0,333.0,1336
2025-01-28,CC,3-4,465.0,492.0,461.0,1294
2025-01-28,CC,4-5,788.0,806.0,764.0,555
2025-01-28,CC,5-6,772.0,777.0,717.0,410
2025-01-28,CT,1-2,-1.13,-1.05,-1.14,8004
2025-01-28,CT,2-3,-1.14,-1.11,-1.17,1549
2025-01-28,CT,3-4,0.17,0.2,0.12,1183
2025-01-28,CT,4-5,-1.14,-1.1,-1.15,46
2025-01-28,CT,5-6,-0.74,,,
2025-01-28,KC,1-2,5.6,5.8,4.85,7037
2025-01-28,KC,2-3,6.8,7.3,6.55,2516
2025-01-28,KC,3-4,9.15,9.5,8.5,921
2025-01-28,KC,4-5,14.1,14.35,13.9,517
2025-01-28,KC,5-6,10.95,11.2,10.5,251
2025-01-28,SB,1-2,1.43,1.49,1.35,13618
2025-01-28,SB,2-3,0.33,0.38,0.3,10860
2025-01-28,SB,3-4,-0.1,-0.08,-0.12,7728
2025-01-28,SB,4-5,-0.39,-0.37,-0.4,8883
2025-01-28,SB,5-6,0.68,0.7,0.65,1103
2025-01-29,CC,1-2,202.0,272.0,180.0,3539
2025-01-29,CC,2-3,386.0,401.0,347.0,1444
2025-01-29,CC,3-4,475.0,497.0,465.0,1191
2025-01-29,CC,4-5,801.0,825.0,777.0,412
2025-01-29,CC,5-6,801.0,816.0,772.0,226
2025-01-29,CT,1-2,-1.14,-1.12,-1.21,9393
2025-01-29,CT,2-3,-1.16,-1.12,-1.17,1696
2025-01-29,CT,3-4,0.04,0.19,0.03,1317
2025-01-29,CT,4-5,-1.19,-1.08,-1.2,75
2025-01-29,CT,5-6,-0.73,-0.74,-0.75,3
2025-01-29,KC,1-2,5.2,5.75,5.0,9832
2025-01-29,KC,2-3,6.9,7.3,6.65,2781
2025-01-29,KC,3-4,9.3,9.55,8.85,998
2025-01-29,KC,4-5,14.4,14.65,13.95,750
2025-01-29,KC,5-6,11.75,11.9,11.05,283
2025-01-29,SB,1-2,1.46,1.49,1.38,16060
2025-01-29,SB,2-3,0.35,0.38,0.33,10874
2025-01-29,SB,3-4,-0.08,-0.07,-0.09,6053
2025-01-29,SB,4-5,-0.39,-0.37,-0.39,4646
2025-01-29,SB,5-6,0.72,0.73,0.67,1077
2025-01-30,CC,1-2,157.0,202.0,146.0,3511
2025-01-30,CC,2-3,357.0,391.0,355.0,2285
2025-01-30,CC,3-4,410.0,476.0,388.0,2298
2025-01-30,CC,4-5,760.0,804.0,736.0,1043
2025-01-30,CC,5-6,726.0,812.0,683.0,599
2025-01-30,CT,1-2,-1.27,-1.14,-1.3,9704
2025-01-30,CT,2-3,-1.2,-1.15,-1.22,3651
2025-01-30,CT,3-4,-0.14,0.05,-0.15,2472
2025-01-30,CT,4-5,-1.18,-1.14,-1.2,155
2025-01-30,CT,5-6,-0.77,-0.77,-0.79,6
2025-01-30,KC,1-2,5.25,5.75,5.05,9733
2025-01-30,KC,2-3,6.85,7.05,6.5,3650
2025-01-30,KC,3-4,9.6,10.25,8.95,1160
2025-01-30,KC,4-5,14.7,15.1,14.15,844
2025-01-30,KC,5-6,11.75,11.95,11.3,324
2025-01-30,SB,1-2,1.48,1.53,1.45,16436
2025-01-30,SB,2-3,0.34,0.39,0.33,12198
2025-01-30,SB,3-4,-0.1,-0.06,-0.11,10017
2025-01-30,SB,4-5,-0.39,-0.36,-0.39,6666
2025-01-30,SB,5-6,0.74,0.75,0.71,1001
2025-01-31,CC,1-2,132.0,166.0,86.0,6964
2025-01-31,CC,2-3,285.0,363.0,255.0,2958
2025-01-31,CC,3-4,353.0,402.0,321.0,1868
2025-01-31,CC,4-5,711.0,763.0,684.0,1021
2025-01-31,CC,5-6,695.0,727.0,674.0,664
2025-01-31,CT,1-2,-1.16,-1.15,-1.36,11457
2025-01-31,CT,2-3,-1.19,-1.15,-1.22,4084
2025-01-31,CT,3-4,-0.48,-0.1,-0.5,3071
2025-01-31,CT,4-5,-1.21,-1.13,-1.24,204
2025-01-31,CT,5-6,-0.84,-0.83,-0.87,16
2025-01-31,KC,1-2,6.5,6.9,5.25,10353
2025-01-31,KC,2-3,7.3,7.55,6.65,3702
2025-01-31,KC,3-4,9.5,10.25,9.15,1684
2025-01-31,KC,4-5,14.5,14.9,14.3,732
2025-01-31,KC,5-6,11.95,12.0,11.5,325
2025-01-31,SB,1-2,1.47,1.5,1.42,12924
2025-01-31,SB,2-3,0.34,0.37,0.3,12668
2025-01-31,SB,3-4,-0.1,-0.08,-0.14,9174
2025-01-31,SB,4-5,-0.38,-0.37,-0.4,5247
2025-01-31,SB,5-6,0.73,0.76,0.7,581
2025-02-03,CC,1-2,90.0,182.0,82.0,3563
2025-02-03,CC,2-3,296.0,315.0,272.0,1819
2025-02-03,CC,3-4,355.0,377.0,350.0,1492
2025-02-03,CC,4-5,717.0,748.0,700.0,666
2025-02-03,CC,5-6,694.0,719.0,679.0,216
2025-02-03,CT,1-2,-1.07,-1.0,-1.29,14174
2025-02-03,CT,2-3,-1.11,-1.06,-1.25,6341
2025-02-03,CT,3-4,-0.27,-0.22,-0.5,3963
2025-02-03,CT,4-5,-1.18,-1.1,-1.25,399
2025-02-03,CT,5-6,-0.83,-0.79,-0.88,12
2025-02-03,KC,1-2,6.55,7.95,6.1,10806
2025-02-03,KC,2-3,8.15,8.5,7.15,3619
2025-02-03,KC,3-4,10.05,10.6,9.3,1950
2025-02-03,KC,4-5,15.4,15.7,14.6,986
2025-02-03,KC,5-6,11.8,12.25,11.5,414
2025-02-03,SB,1-2,1.43,1.51,1.37,16791
2025-02-03,SB,2-3,0.33,0.38,0.32,11899
2025-02-03,SB,3-4,-0.1,-0.06,-0.1,8711
2025-02-03,SB,4-5,-0.39,-0.36,-0.39,5410
2025-02-03,SB,5-6,0.7,0.76,0.67,1010
2025-02-04,CC,1-2,48.0,131.0,39.0,3775
2025-02-04,CC,2-3,265.0,295.0,249.0,2594
2025-02-04,CC,3-4,368.0,369.0,333.0,1151
2025-02-04,CC,4-5,718.0,735.0,694.0,591
2025-02-04,CC,5-6,687.0,704.0,671.0,158
2025-02-04,CT,1-2,-1.11,-1.01,-1.13,19311
2025-02-04,CT,2-3,-1.05,-1.0,-1.12,4276
2025-02-04,CT,3-4,-0.27,-0.17,-0.32,3423
2025-02-04,CT,4-5,-1.14,-1.07,-1.18,200
2025-02-04,CT,5-6,-0.82,-0.79,-0.87,14
2025-02-04,KC,1-2,5.95,6.95,5.45,10119
2025-02-04,KC,2-3,8.05,8.75,7.9,3686
2025-02-04,KC,3-4,9.75,11.1,9.5,1966
2025-02-04,KC,4-5,15.7,16.4,15.3,842
2025-02-04,KC,5-6,12.2,13.0,11.65,333
2025-02-04,SB,1-2,1.51,1.53,1.4,21630
2025-02-04,SB,2-3,0.36,0.38,0.32,6063
2025-02-04,SB,3-4,-0.06,-0.06,-0.11,4592
2025-02-04,SB,4-5,-0.36,-0.35,-0.39,4953
2025-02-04,SB,5-6,0.73,0.74,0.69,610
2025-02-05,CC,1-2,-3.0,67.0,-10.0,4215
2025-02-05,CC,2-3,227.0,256.0,225.0,3342
2025-02-05,CC,3-4,350.0,365.0,339.0,887
2025-02-05,CC,4-5,703.0,718.0,694.0,928
2025-02-05,CC,5-6,646.0,683.0,634.0,460
2025-02-05,CT,1-2,-1.16,-1.08,-1.19,15049
2025-02-05,CT,2-3,-1.14,-0.99,-1.15,4492
2025-02-05,CT,3-4,-0.38,-0.24,-0.41,2525
2025-02-05,CT,4-5,-1.08,-0.92,-1.13,510
2025-02-05,CT,5-6,-0.82,-0.78,-0.83,6
2025-02-05,KC,1-2,7.1,7.7,5.85,11162
2025-02-05,KC,2-3,9.25,10.45,8.0,3853
2025-02-05,KC,3-4,11.15,12.1,9.55,2711
2025-02-05,KC,4-5,18.05,19.25,15.55,1734
2025-02-05,KC,5-6,14.3,14.8,12.25,522
2025-02-05,SB,1-2,1.63,1.64,1.52,19771
2025-02-05,SB,2-3,0.37,0.38,0.35,5290
2025-02-05,SB,3-4,-0.06,-0.05,-0.08,4092
2025-02-05,SB,4-5,-0.35,-0.34,-0.36,2186
2025-02-05,SB,5-6,0.73,0.75,0.72,493
2025-02-06,CC,1-2,-33.0,75.0,-59.0,6786
2025-02-06,CC,2-3,232.0,266.0,210.0,3468
2025-02-06,CC,3-4,339.0,384.0,335.0,1839
2025-02-06,CC,4-5,698.0,750.0,696.0,1463
2025-02-06,CC,5-6,651.0,692.0,611.0,454
2025-02-06,CT,1-2,-1.19,-1.13,-1.21,13381
2025-02-06,CT,2-3,-1.15,-1.08,-1.18,3995
2025-02-06,CT,3-4,-0.52,-0.38,-0.55,3920
2025-02-06,CT,4-5,-1.07,-1.0,-1.09,330
2025-02-06,CT,5-6,-0.76,-0.74,-0.84,32
2025-02-06,KC,1-2,6.85,7.7,6.45,12917
2025-02-06,KC,2-3,8.35,10.0,7.8,6335
2025-02-06,KC,3-4,9.95,12.55,9.55,4809
2025-02-06,KC,4-5,15.35,19.35,14.75,3596
2025-02-06,KC,5-6,14.0,16.3,13.3,968
2025-02-06,SB,1-2,1.51,1.78,1.5,42609
2025-02-06,SB,2-3,0.37,0.41,0.36,12664
2025-02-06,SB,3-4,-0.07,-0.03,-0.08,7636
2025-02-06,SB,4-5,-0.36,-0.33,-0.36,4073
2025-02-06,SB,5-6,0.7,0.78,0.69,1894
2025-02-07,CC,1-2,-95.0,-2.0,-108.0,7402
2025-02-07,CC,2-3,267.0,284.0,216.0,3743
2025-02-07,CC,3-4,332.0,357.0,309.0,1968
2025-02-07,CC,4-5,673.0,720.0,633.0,2306
2025-02-07,CC,5-6,611.0,666.0,591.0,589
2025-02-07,CT,1-2,-1.19,-1.11,-1.2,23442
2025-02-07,CT,2-3,-1.14,-1.11,-1.18,4432
2025-02-07,CT,3-4,-0.65,-0.38,-0.72,2938
2025-02-07,CT,4-5,-1.02,-0.93,-1.09,526
2025-02-07,CT,5-6,-0.72,-0.6,-0.75,70
2025-02-07,KC,1-2,7.65,9.25,6.65,15654
2025-02-07,KC,2-3,9.9,10.7,8.3,4828
2025-02-07,KC,3-4,10.1,10.85,9.75,3435
2025-02-07,KC,4-5,15.35,16.15,14.75,1818
2025-02-07,KC,5-6,13.7,14.65,13.0,779
2025-02-07,SB,1-2,1.5,1.61,1.48,41203
2025-02-07,SB,2-3,0.36,0.4,0.35,9463
2025-02-07,SB,3-4,-0.11,-0.06,-0.11,6364
2025-02-07,SB,4-5,-0.36,-0.35,-0.37,3013
2025-02-07,SB,5-6,0.63,0.71,0.62,1851
2025-02-10,CC,1-2,-164.0,-95.0,-178.0,5486
2025-02-10,CC,2-3,215.0,254.0,205.0,3071
2025-02-10,CC,3-4,326.0,331.0,309.0,1345
2025-02-10,CC,4-5,657.0,664.0,639.0,1196
2025-02-10,CC,5-6,592.0,611.0,586.0,200
2025-02-10,CT,1-2,-1.17,-1.11,-1.18,21806
2025-02-10,CT,2-3,-1.09,-1.05,-1.14,4888
2025-02-10,CT,3-4,-0.57,-0.48,-0.74,2738
2025-02-10,CT,4-5,-1.01,-0.95,-1.06,239
2025-02-10,CT,5-6,-0.73,-0.72,-0.73,4
2025-02-10,KC,1-2,7.95,9.4,7.05,18718
2025-02-10,KC,2-3,13.05,13.3,10.4,6136
2025-02-10,KC,3-4,10.6,11.3,10.05,3585
2025-02-10,KC,4-5,14.75,15.75,14.3,1951
2025-02-10,KC,5-6,13.65,14.45,13.3,545
2025-02-10,SB,1-2,1.53,1.65,1.48,57034
2025-02-10,SB,2-3,0.36,0.42,0.36,13032
2025-02-10,SB,3-4,-0.12,-0.07,-0.12,6218
2025-02-10,SB,4-5,-0.35,-0.34,-0.36,2840
2025-02-10,SB,5-6,0.66,0.69,0.63,853
2025-02-11,CC,1-2,-171.0,-135.0,-184.0,3074
2025-02-11,CC,2-3,222.0,244.0,211.0,1968
2025-02-11,CC,3-4,357.0,363.0,329.0,1296
2025-02-11,CC,4-5,732.0,741.0,660.0,1003
2025-02-11,CC,5-6,661.0,669.0,596.0,385
2025-02-11,CT,1-2,-1.05,-1.01,-1.19,26387
2025-02-11,CT,2-3,-1.02,-1.0,-1.12,7503
2025-02-11,CT,3-4,-0.42,-0.33,-0.57,3808
2025-02-11,CT,4-5,-1.0,-0.93,-1.04,273
2025-02-11,CT,5-6,-0.66,-0.61,-0.71,55
2025-02-11,KC,1-2,9.05,10.2,7.5,15377
2025-02-11,KC,2-3,12.25,13.6,12.0,6135
2025-02-11,KC,3-4,10.1,10.95,9.7,3401
2025-02-11,KC,4-5,14.0,14.9,13.8,1846
2025-02-11,KC,5-6,13.05,14.0,12.95,314
2025-02-11,SB,1-2,1.59,1.68,1.56,59057
2025-02-11,SB,2-3,0.36,0.39,0.35,14322
2025-02-11,SB,3-4,-0.09,-0.07,-0.12,9129
2025-02-11,SB,4-5,-0.34,-0.33,-0.35,3689
2025-02-11,SB,5-6,0.71,0.72,0.65,1364
2025-02-12,CC,1-2,-125.0,-88.0,-165.0,2559
2025-02-12,CC,2-3,211.0,234.0,208.0,2012
2025-02-12,CC,3-4,317.0,354.0,309.0,1425
2025-02-12,CC,4-5,670.0,736.0,662.0,942
2025-02-12,CC,5-6,626.0,684.0,614.0,462
2025-02-12,CT,1-2,-1.1,-0.95,-1.14,20044
2025-02-12,CT,2-3,-0.92,-0.89,-1.02,7512
2025-02-12,CT,3-4,-0.23,-0.17,-0.38,3573
2025-02-12,CT,4-5,-1.0,-0.94,-1.02,197
2025-02-12,CT,5-6,-0.61,-0.6,-0.67,52
2025-02-12,KC,1-2,11.6,12.05,8.8,10584
2025-02-12,KC,2-3,12.9,13.05,12.0,6593
2025-02-12,KC,3-4,11.4,11.7,10.05,2614
2025-02-12,KC,4-5,15.15,15.55,13.8,1606
2025-02-12,KC,5-6,14.3,14.55,13.0,668
2025-02-12,SB,1-2,1.42,1.58,1.39,53339
2025-02-12,SB,2-3,0.34,0.39,0.33,15048
2025-02-12,SB,3-4,-0.1,-0.07,-0.11,5991
2025-02-12,SB,4-5,-0.34,-0.32,-0.35,4414
2025-02-12,SB,5-6,0.75,0.75,0.68,828
2025-02-13,CC,1-2,-157.0,-64.0,-175.0,3117
2025-02-13,CC,2-3,236.0,250.0,209.0,1753
2025-02-13,CC,3-4,341.0,358.0,302.0,1993
2025-02-13,CC,4-5,693.0,707.0,677.0,1030
2025-02-13,CC,5-6,675.0,685.0,630.0,408
2025-02-13,CT,1-2,-1.15,-1.05,-1.16,16926
2025-02-13,CT,2-3,-0.9,-0.8,-1.0,6424
2025-02-13,CT,3-4,-0.27,-0.14,-0.36,2591
2025-02-13,CT,4-5,-1.03,-0.99,-1.05,212
2025-02-13,CT,5-6,-0.64,-0.58,-0.65,24
2025-02-13,KC,1-2,13.8,14.45,11.1,10373
2025-02-13,KC,2-3,16.9,17.45,12.8,6618
2025-02-13,KC,3-4,16.1,16.7,11.25,4538
2025-02-13,KC,4-5,18.5,19.85,14.7,2592
2025-02-13,KC,5-6,15.9,16.4,13.75,1563
2025-02-13,SB,1-2,1.33,1.45,1.3,54781
2025-02-13,SB,2-3,0.39,0.41,0.34,14735
2025-02-13,SB,3-4,-0.06,-0.05,-0.11,8428
2025-02-13,SB,4-5,-0.3,-0.29,-0.34,4346
2025-02-13,SB,5-6,0.79,0.8,0.74,1189
2025-02-14,CC,1-2,-166.0,-135.0,-176.0,1232
2025-02-14,CC,2-3,204.0,262.0,200.0,2096
2025-02-14,CC,3-4,319.0,355.0,318.0,1692
2025-02-14,CC,4-5,677.0,691.0,665.0,806
2025-02-14,CC,5-6,641.0,679.0,633.0,250
2025-02-14,CT,1-2,-1.2,-1.1,-1.23,10385
2025-02-14,CT,2-3,-0.8,-0.78,-0.9,4514
2025-02-14,CT,3-4,-0.28,-0.17,-0.32,1384
2025-02-14,CT,4-5,-1.03,-0.94,-1.05,296
2025-02-14,CT,5-6,-0.65,-0.62,-0.65,15
2025-02-14,KC,1-2,12.35,14.7,10.6,8350
2025-02-14,KC,2-3,14.0,16.9,13.3,5538
2025-02-14,KC,3-4,13.6,15.95,12.3,2842
2025-02-14,KC,4-5,15.8,18.0,14.95,1693
2025-02-14,KC,5-6,13.05,14.95,12.3,766
2025-02-14,SB,1-2,1.26,1.36,1.23,24597
2025-02-14,SB,2-3,0.38,0.42,0.38,18185
2025-02-14,SB,3-4,-0.03,-0.01,-0.06,9327
2025-02-14,SB,4-5,-0.27,-0.26,-0.31,3649
2025-02-14,SB,5-6,0.83,0.84,0.79,1471
2025-02-18,CC,1-2,-190.0,-150.0,-192.0,2081
2025-02-18,CC,2-3,221.0,247.0,199.0,1939
2025-02-18,CC,3-4,342.0,349.0,320.0,1416
2025-02-18,CC,4-5,688.0,700.0,670.0,809
2025-02-18,CC,5-6,666.0,669.0,634.0,219
2025-02-18,CT,1-2,-1.31,-1.14,-1.34,14970
2025-02-18,CT,2-3,-0.87,-0.78,-0.89,7004
2025-02-18,CT,3-4,-0.18,-0.13,-0.31,3743
2025-02-18,CT,4-5,-0.99,-0.97,-1.02,281
2025-02-18,CT,5-6,-0.66,-0.65,-0.7,19
2025-02-18,KC,1-2,13.75,15.75,12.3,9028
2025-02-18,KC,2-3,14.95,15.2,12.55,6622
2025-02-18,KC,3-4,13.5,14.15,12.25,3453
2025-02-18,KC,4-5,15.3,18.05,14.6,2702
2025-02-18,KC,5-6,12.35,13.15,12.0,859
2025-02-18,SB,1-2,1.36,1.43,1.26,21403
2025-02-18,SB,2-3,0.38,0.43,0.38,16416
2025-02-18,SB,3-4,-0.05,-0.01,-0.06,9827
2025-02-18,SB,4-5,-0.28,-0.25,-0.29,5602
2025-02-18,SB,5-6,0.84,0.87,0.83,1476
2025-02-19,CC,1-2,-182.0,-150.0,-190.0,1185
2025-02-19,CC,2-3,223.0,240.0,221.0,1259
2025-02-19,CC,3-4,339.0,356.0,326.0,661
2025-02-19,CC,4-5,665.0,686.0,652.0,668
2025-02-19,CC,5-6,637.0,658.0,628.0,198
2025-02-19,CT,1-2,-1.44,-1.25,-1.58,11840
2025-02-19,CT,2-3,-0.99,-0.86,-1.01,7313
2025-02-19,CT,3-4,-0.6,-0.17,-0.61,3739
2025-02-19,CT,4-5,-1.14,-1.0,-1.17,488
2025-02-19,CT,5-6,-0.8,-0.69,-0.88,149
2025-02-19,KC,1-2,6.0,13.95,3.85,5000
2025-02-19,KC,2-3,14.6,15.55,14.15,5323
2025-02-19,KC,3-4,14.25,14.8,13.7,2237
2025-02-19,KC,4-5,15.65,16.25,14.95,1679
2025-02-19,KC,5-6,12.5,13.0,11.85,478
2025-02-19,SB,1-2,1.3,1.41,1.29,12503
2025-02-19,SB,2-3,0.4,0.42,0.38,13429
2025-02-19,SB,3-4,-0.02,-0.01,-0.05,10662
2025-02-19,SB,4-5,-0.27,-0.24,-0.29,6908
2025-02-19,SB,5-6,0.87,0.88,0.84,1410
2025-02-20,CC,1-2,-192.0,-175.0,-194.0,1973
2025-02-20,CC,2-3,198.0,221.0,178.0,2615
2025-02-20,CC,3-4,314.0,339.0,309.0,1140
2025-02-20,CC,4-5,639.0,676.0,636.0,879
2025-02-20,CC,5-6,611.0,638.0,610.0,260
2025-02-20,CT,1-2,-1.5,-1.41,-1.57,8465
2025-02-20,CT,2-3,-1.0,-0.95,-1.04,4383
2025-02-20,CT,3-4,-0.69,-0.49,-0.73,2101
2025-02-20,CT,4-5,-1.04,-1.02,-1.14,290
2025-02-20,CT,5-6,-0.78,-0.75,-0.85,66
2025-02-20,KC,1-2,5.85,9.6,2.8,656
2025-02-20,KC,2-3,10.35,14.4,9.9,6667
2025-02-20,KC,3-4,11.5,14.45,11.0,3416
2025-02-20,KC,4-5,14.5,16.4,14.3,1504
2025-02-20,KC,5-6,11.05,12.65,10.75,810
2025-02-20,SB,1-2,1.3,1.36,1.26,11878
2025-02-20,SB,2-3,0.46,0.47,0.4,18474
2025-02-20,SB,3-4,0.01,0.02,-0.02,11874
2025-02-20,SB,4-5,-0.23,-0.22,-0.26,7270
2025-02-20,SB,5-6,0.93,0.94,0.86,2653
2025-02-21,CC,1-2,-206.0,-130.0,-212.0,1010
2025-02-21,CC,2-3,100.0,207.0,77.0,5926
2025-02-21,CC,3-4,205.0,321.0,181.0,3653
2025-02-21,CC,4-5,540.0,643.0,491.0,2909
2025-02-21,CC,5-6,479.0,619.0,472.0,1036
2025-02-21,CT,1-2,-1.26,-1.25,-1.79,4459
2025-02-21,CT,2-3,-0.97,-0.95,-1.03,4325
2025-02-21,CT,3-4,-0.84,-0.66,-0.87,2103
2025-02-21,CT,4-5,-1.08,-1.04,-1.1,166
2025-02-21,CT,5-6,-0.81,-0.78,-0.83,17
2025-02-21,KC,1-2,10.75,13.4,8.8,68
2025-02-21,KC,2-3,10.35,10.6,8.55,4537
2025-02-21,KC,3-4,10.9,12.15,10.0,2212
2025-02-21,KC,4-5,13.05,14.55,12.6,1807
2025-02-21,KC,5-6,10.3,11.1,9.7,872
2025-02-21,SB,1-2,1.39,1.4,1.31,11162
2025-02-21,SB,2-3,0.45,0.47,0.44,11750
2025-02-21,SB,3-4,0.02,0.02,-0.02,7942
2025-02-21,SB,4-5,-0.23,-0.22,-0.26,7843
2025-02-21,SB,5-6,1.02,1.03,0.93,3457
2025-02-24,CC,1-2,-130.0,-105.0,-212.0,24
2025-02-24,CC,2-3,108.0,134.0,89.0,3756
2025-02-24,CC,3-4,186.0,224.0,173.0,2699
2025-02-24,CC,4-5,516.0,579.0,505.0,1514
2025-02-24,CC,5-6,454.0,517.0,436.0,660
2025-02-24,CT,1-2,-1.37,-1.1,-1.7,170
2025-02-24,CT,2-3,-0.92,-0.88,-0.99,4308
2025-02-24,CT,3-4,-0.7,-0.65,-0.85,2046
2025-02-24,CT,4-5,-0.98,-0.96,-1.09,553
2025-02-24,CT,5-6,-0.77,-0.76,-0.83,40
2025-02-24,KC,1-2,9.0,10.65,9.0,71
2025-02-24,KC,2-3,9.9,10.55,9.2,3260
2025-02-24,KC,3-4,10.05,10.8,9.55,2137
2025-02-24,KC,4-5,12.6,13.25,12.05,1503
2025-02-24,KC,5-6,10.25,11.25,10.05,561
2025-02-24,SB,1-2,1.52,1.53,1.37,16759
2025-02-24,SB,2-3,0.36,0.46,0.35,16373
2025-02-24,SB,3-4,-0.07,0.01,-0.07,12564
2025-02-24,SB,4-5,-0.3,-0.22,-0.3,7073
2025-02-24,SB,5-6,0.97,1.05,0.94,3128
2025-02-25,CC,1-2,-130.0,,,
2025-02-25,CC,2-3,157.0,178.0,115.0,2437
2025-02-25,CC,3-4,210.0,228.0,173.0,1663
2025-02-25,CC,4-5,515.0,528.0,500.0,1192
2025-02-25,CC,5-6,456.0,470.0,422.0,494
2025-02-25,CT,1-2,-1.41,-1.35,-1.37,24
2025-02-25,CT,2-3,-0.93,-0.9,-0.96,3045
2025-02-25,CT,3-4,-0.78,-0.67,-0.81,1658
2025-02-25,CT,4-5,-0.99,-0.96,-1.02,184
2025-02-25,CT,5-6,-0.77,-0.76,-0.82,45
2025-02-25,KC,1-2,4.6,8.15,3.75,191
2025-02-25,KC,2-3,9.0,9.6,8.05,4925
2025-02-25,KC,3-4,8.85,9.85,8.15,3037
2025-02-25,KC,4-5,11.95,12.4,11.55,1559
2025-02-25,KC,5-6,10.15,10.45,9.75,983
2025-02-25,SB,1-2,1.49,1.61,1.37,18011
2025-02-25,SB,2-3,0.42,0.44,0.35,15109
2025-02-25,SB,3-4,-0.01,,-0.07,10851
2025-02-25,SB,4-5,-0.23,-0.23,-0.3,7053
2025-02-25,SB,5-6,1.06,1.08,0.94,3235
2025-02-26,CC,1-2,-130.0,,,
2025-02-26,CC,2-3,146.0,179.0,134.0,1491
2025-02-26,CC,3-4,236.0,252.0,210.0,984
2025-02-26,CC,4-5,553.0,576.0,514.0,927
2025-02-26,CC,5-6,475.0,496.0,449.0,592
2025-02-26,CT,1-2,-1.5,-1.3,-1.3,7
2025-02-26,CT,2-3,-1.0,-0.91,-1.03,4391
2025-02-26,CT,3-4,-0.88,-0.79,-0.89,1641
2025-02-26,CT,4-5,-1.01,-0.98,-1.05,272
2025-02-26,CT,5-6,-0.85,-0.79,-0.89,73
2025-02-26,KC,1-2,4.25,5.75,3.3,33
2025-02-26,KC,2-3,9.6,9.9,8.7,2902
2025-02-26,KC,3-4,9.1,9.45,8.45,1948
2025-02-26,KC,4-5,11.8,12.4,11.55,1027
2025-02-26,KC,5-6,10.2,10.5,9.85,567
2025-02-26,SB,1-2,1.05,1.48,1.0,18514
2025-02-26,SB,2-3,0.36,0.44,0.35,13477
2025-02-26,SB,3-4,-0.05,,-0.07,8401
2025-02-26,SB,4-5,-0.29,-0.23,-0.3,7297
2025-02-26,SB,5-6,1.01,1.08,0.99,2715
2025-02-27,CC,1-2,-125.0,,,
2025-02-27,CC,2-3,150.0,167.0,134.0,1344
2025-02-27,CC,3-4,244.0,266.0,226.0,790
2025-02-27,CC,4-5,551.0,578.0,531.0,941
2025-02-27,CC,5-6,468.0,502.0,448.0,331
2025-02-27,CT,1-2,-1.4,,,
2025-02-27,CT,2-3,-1.08,-0.97,-1.09,3999
2025-02-27,CT,3-4,-0.99,-0.87,-1.0,2992
2025-02-27,CT,4-5,-1.03,-0.98,-1.05,168
2025-02-27,CT,5-6,-0.84,-0.83,-0.86,32
2025-02-27,KC,1-2,5.15,6.0,5.0,12
2025-02-27,KC,2-3,8.85,10.5,8.3,2975
2025-02-27,KC,3-4,8.8,9.8,8.35,1870
2025-02-27,KC,4-5,11.3,12.25,10.8,1500
2025-02-27,KC,5-6,10.35,10.7,10.0,817
2025-02-27,SB,1-2,0.8,1.16,0.75,12633
2025-02-27,SB,2-3,0.32,0.39,0.28,26294
2025-02-27,SB,3-4,-0.1,-0.02,-0.11,10665
2025-02-27,SB,4-5,-0.34,-0.26,-0.35,5987
2025-02-27,SB,5-6,0.87,1.03,0.86,1989
2025-02-28,CC,1-2,-110.0,-103.0,-103.0,2
2025-02-28,CC,2-3,133.0,159.0,126.0,1790
2025-02-28,CC,3-4,235.0,260.0,229.0,897
2025-02-28,CC,4-5,536.0,566.0,528.0,818
2025-02-28,CC,5-6,448.0,475.0,416.0,352
2025-02-28,CT,1-2,-1.37,-1.15,-1.3,43
2025-02-28,CT,2-3,-1.14,-1.07,-1.17,8347
2025-02-28,CT,3-4,-1.49,-0.99,-1.5,5145
2025-02-28,CT,4-5,-1.15,-1.02,-1.15,583
2025-02-28,CT,5-6,-0.89,-0.84,-0.89,41
2025-02-28,KC,1-2,6.0,7.2,4.25,24
2025-02-28,KC,2-3,8.3,9.15,8.05,3374
2025-02-28,KC,3-4,8.75,9.55,8.4,1828
2025-02-28,KC,4-5,11.5,12.05,10.8,1118
2025-02-28,KC,5-6,10.15,10.7,10.1,348
2025-02-28,SB,1-2,0.99,1.0,0.68,2231
2025-02-28,SB,2-3,0.4,0.41,0.3,15611
2025-02-28,SB,3-4,-0.1,-0.08,-0.12,9508
2025-02-28,SB,4-5,-0.37,-0.32,-0.37,6217
2025-02-28,SB,5-6,0.85,0.9,0.83,1885
2025-03-03,CC,1-2,-130.0,,,
2025-03-03,CC,2-3,72.0,143.0,30.0,3960
2025-03-03,CC,3-4,165.0,243.0,132.0,2355
2025-03-03,CC,4-5,418.0,545.0,373.0,1930
2025-03-03,CC,5-6,325.0,436.0,295.0,614
2025-03-03,CT,1-2,-1.11,-1.05,-1.16,5815
2025-03-03,CT,2-3,-1.47,-1.32,-1.49,3848
2025-03-03,CT,3-4,-1.1,-1.04,-1.14,300
2025-03-03,CT,4-5,-0.89,-0.8,-0.89,62
2025-03-03,CT,5-6,-0.64,-0.57,-0.58,2
2025-03-03,KC,1-2,6.05,7.2,5.0,11
2025-03-03,KC,2-3,8.45,9.3,8.3,3456
2025-03-03,KC,3-4,8.8,9.5,8.55,1930
2025-03-03,KC,4-5,11.65,12.25,11.1,1171
2025-03-03,KC,5-6,10.9,11.25,10.25,572
2025-03-03,SB,1-2,0.36,0.39,0.33,14912
2025-03-03,SB,2-3,-0.12,-0.08,-0.13,9585
2025-03-03,SB,3-4,-0.39,-0.36,-0.4,7779
2025-03-03,SB,4-5,0.76,0.85,0.76,2956
2025-03-03,SB,5-6,0.36,0.43,0.35,2536
2025-03-04,CC,1-2,-151.0,,,
2025-03-04,CC,2-3,27.0,57.0,-2.0,4757
2025-03-04,CC,3-4,142.0,198.0,96.0,2994
2025-03-04,CC,4-5,425.0,485.0,372.0,2362
2025-03-04,CC,5-6,394.0,431.0,288.0,915
2025-03-04,CT,1-2,-1.28,-1.11,-1.32,14425
2025-03-04,CT,2-3,-2.0,-1.4,-2.69,10600
2025-03-04,CT,3-4,-1.19,-1.1,-1.25,1167
2025-03-04,CT,4-5,-0.93,-0.86,-0.98,102
2025-03-04,CT,5-6,-0.71,-0.65,-0.74,30
2025-03-04,KC,1-2,5.35,7.0,4.4,19
2025-03-04,KC,2-3,10.7,11.15,8.55,6413
2025-03-04,KC,3-4,10.15,10.3,8.55,2292
2025-03-04,KC,4-5,11.8,12.0,11.3,1200
2025-03-04,KC,5-6,11.25,11.4,10.45,523
2025-03-04,SB,1-2,0.36,0.38,0.31,12595
2025-03-04,SB,2-3,-0.1,-0.09,-0.13,6853
2025-03-04,SB,3-4,-0.37,-0.36,-0.41,5972
2025-03-04,SB,4-5,0.76,0.79,0.75,1890
2025-03-04,SB,5-6,0.38,0.39,0.35,1414
2025-03-05,CC,1-2,-151.0,,,
2025-03-05,CC,2-3,-53.0,40.0,-62.0,3803
2025-03-05,CC,3-4,86.0,168.0,80.0,2409
2025-03-05,CC,4-5,312.0,422.0,300.0,1982
2025-03-05,CC,5-6,321.0,403.0,310.0,828
2025-03-05,CT,1-2,-1.2,-1.17,-1.35,6968
2025-03-05,CT,2-3,-1.97,-1.7,-2.14,4278
2025-03-05,CT,3-4,-1.15,-1.13,-1.21,607
2025-03-05,CT,4-5,-0.88,-0.87,-0.95,36
2025-03-05,CT,5-6,-0.65,-0.62,-0.71,9
2025-03-05,KC,1-2,5.55,7.0,4.7,10
2025-03-05,KC,2-3,10.4,11.7,9.65,5718
2025-03-05,KC,3-4,10.05,10.7,9.65,2478
2025-03-05,KC,4-5,11.8,12.3,11.6,1400
2025-03-05,KC,5-6,11.5,11.7,11.15,664
2025-03-05,SB,1-2,0.31,0.38,0.3,11326
2025-03-05,SB,2-3,-0.1,-0.06,-0.11,7090
2025-03-05,SB,3-4,-0.36,-0.34,-0.37,2799
2025-03-05,SB,4-5,0.82,0.84,0.78,1638
2025-03-05,SB,5-6,0.41,0.43,0.38,860
2025-03-06,CC,1-2,-151.0,,,
2025-03-06,CC,2-3,-17.0,-6.0,-64.0,2530
2025-03-06,CC,3-4,102.0,115.0,77.0,1855
2025-03-06,CC,4-5,306.0,339.0,300.0,1392
2025-03-06,CC,5-6,305.0,330.0,300.0,320
2025-03-06,CT,1-2,-1.12,-1.06,-1.23,6118
2025-03-06,CT,2-3,-1.76,-1.46,-1.95,4661
2025-03-06,CT,3-4,-1.06,-1.0,-1.17,849
2025-03-06,CT,4-5,-0.79,-0.67,-0.91,274
2025-03-06,CT,5-6,-0.53,-0.47,-0.64,83
2025-03-06,KC,1-2,5.85,5.25,5.25,4
2025-03-06,KC,2-3,9.6,10.5,9.0,5228
2025-03-06,KC,3-4,9.6,10.15,9.5,1844
2025-03-06,KC,4-5,11.4,12.05,11.3,1486
2025-03-06,KC,5-6,11.15,11.55,11.05,395
2025-03-06,SB,1-2,0.33,0.35,0.28,15768
2025-03-06,SB,2-3,-0.11,-0.08,-0.12,5443
2025-03-06,SB,3-4,-0.37,-0.34,-0.38,4999
2025-03-06,SB,4-5,0.81,0.85,0.78,1779
2025-03-06,SB,5-6,0.4,0.42,0.37,1700
2025-03-07,CC,1-2,-151.0,,,
2025-03-07,CC,2-3,-9.0,19.0,-37.0,3132
2025-03-07,CC,3-4,100.0,156.0,94.0,1859
2025-03-07,CC,4-5,314.0,365.0,308.0,1378
2025-03-07,CC,5-6,357.0,392.0,312.0,412
2025-03-07,CT,1-2,-1.08,-1.07,-1.2,3622
2025-03-07,CT,2-3,-1.31,-1.25,-1.79,5205
2025-03-07,CT,3-4,-1.04,-1.0,-1.11,432
2025-03-07,CT,4-5,-0.76,-0.72,-0.84,68
2025-03-07,CT,5-6,-0.51,-0.46,-0.58,51
2025-03-07,KC,1-2,5.8,5.1,5.05,11
2025-03-07,KC,2-3,10.15,10.5,8.75,3822
2025-03-07,KC,3-4,9.35,9.7,9.2,1945
2025-03-07,KC,4-5,11.3,11.6,11.05,1264
2025-03-07,KC,5-6,11.1,11.35,10.55,541
2025-03-07,SB,1-2,0.32,0.37,0.31,10815
2025-03-07,SB,2-3,-0.08,-0.05,-0.09,7600
2025-03-07,SB,3-4,-0.35,-0.33,-0.37,3538
2025-03-07,SB,4-5,0.86,0.89,0.82,1898
2025-03-07,SB,5-6,0.42,0.43,0.4,1153
2025-03-10,CC,1-2,-151.0,,,
2025-03-10,CC,2-3,10.0,29.0,-46.0,2639
2025-03-10,CC,3-4,101.0,117.0,79.0,1583
2025-03-10,CC,4-5,324.0,345.0,244.0,1702
2025-03-10,CC,5-6,342.0,372.0,287.0,633
2025-03-10,CT,1-2,-1.21,-1.05,-1.22,6222
2025-03-10,CT,2-3,-1.45,-1.12,-1.63,4820
2025-03-10,CT,3-4,-1.1,-1.0,-1.11,448
2025-03-10,CT,4-5,-0.75,-0.69,-0.8,102
2025-03-10,CT,5-6,-0.44,-0.36,-0.52,44
2025-03-10,KC,1-2,5.35,6.5,4.05,4
2025-03-10,KC,2-3,9.3,10.5,9.0,3565
2025-03-10,KC,3-4,9.05,9.7,9.0,1844
2025-03-10,KC,4-5,11.5,11.55,11.05,826
2025-03-10,KC,5-6,11.0,11.25,10.85,185
2025-03-10,SB,1-2,0.27,0.36,0.26,22474
2025-03-10,SB,2-3,-0.07,-0.02,-0.08,12380
2025-03-10,SB,3-4,-0.32,-0.29,-0.34,6203
2025-03-10,SB,4-5,0.9,0.95,0.86,1848
2025-03-10,SB,5-6,0.46,0.48,0.42,1245
2025-03-11,CC,1-2,-151.0,,,
2025-03-11,CC,2-3,2.0,13.0,-25.0,1575
2025-03-11,CC,3-4,111.0,120.0,87.0,895
2025-03-11,CC,4-5,333.0,342.0,300.0,921
2025-03-11,CC,5-6,349.0,368.0,328.0,214
2025-03-11,CT,1-2,-1.19,-1.17,-1.25,4144
2025-03-11,CT,2-3,-1.66,-1.34,-1.7,4198
2025-03-11,CT,3-4,-1.08,-1.01,-1.09,346
2025-03-11,CT,4-5,-0.71,-0.62,-0.74,109
2025-03-11,CT,5-6,-0.39,-0.35,-0.46,88
2025-03-11,KC,1-2,5.7,5.8,3.6,9
2025-03-11,KC,2-3,9.35,9.5,8.75,4164
2025-03-11,KC,3-4,9.15,9.35,8.8,2326
2025-03-11,KC,4-5,11.75,12.05,11.25,856
2025-03-11,KC,5-6,11.0,11.4,10.85,722
2025-03-11,SB,1-2,0.26,0.29,0.25,14603
2025-03-11,SB,2-3,-0.09,-0.06,-0.09,8618
2025-03-11,SB,3-4,-0.33,-0.3,-0.34,4694
2025-03-11,SB,4-5,0.87,0.92,0.86,1923
2025-03-11,SB,5-6,0.45,0.48,0.44,661
2025-03-12,CC,1-2,-151.0,,,
2025-03-12,CC,2-3,11.0,26.0,-9.0,1896
2025-03-12,CC,3-4,160.0,174.0,107.0,1711
2025-03-12,CC,4-5,399.0,410.0,329.0,1211
2025-03-12,CC,5-6,379.0,390.0,347.0,304
2025-03-12,CT,1-2,-1.18,-1.11,-1.23,5621
2025-03-12,CT,2-3,-1.49,-1.43,-1.68,4906
2025-03-12,CT,3-4,-0.99,-0.98,-1.08,378
2025-03-12,CT,4-5,-0.63,-0.63,-0.72,135
2025-03-12,CT,5-6,-0.27,-0.25,-0.42,103
2025-03-12,KC,1-2,5.45,5.95,5.9,5
2025-03-12,KC,2-3,8.2,9.4,8.0,7357
2025-03-12,KC,3-4,8.6,9.4,8.5,2362
2025-03-12,KC,4-5,12.15,12.3,11.65,1347
2025-03-12,KC,5-6,10.9,11.25,10.7,421
2025-03-12,SB,1-2,0.23,0.28,0.23,13204
2025-03-12,SB,2-3,-0.09,-0.04,-0.09,7905
2025-03-12,SB,3-4,-0.32,-0.29,-0.33,5147
2025-03-12,SB,4-5,0.9,0.95,0.87,2126
2025-03-12,SB,5-6,0.48,0.51,0.44,1068
2025-03-13,CC,1-2,-141.0,-100.0,-100.0,1
2025-03-13,CC,2-3,18.0,30.0,-10.0,2404
2025-03-13,CC,3-4,122.0,187.0,112.0,1735
2025-03-13,CC,4-5,361.0,431.0,342.0,1108
2025-03-13,CC,5-6,346.0,393.0,340.0,307
2025-03-13,CT,1-2,-1.17,-1.07,-1.18,4676
2025-03-13,CT,2-3,-1.5,-1.26,-1.53,4232
2025-03-13,CT,3-4,-1.0,-0.97,-1.05,464
2025-03-13,CT,4-5,-0.66,-0.62,-0.69,67
2025-03-13,CT,5-6,-0.29,-0.19,-0.29,40
2025-03-13,KC,1-2,4.9,5.7,3.85,48
2025-03-13,KC,2-3,7.05,8.3,6.9,7752
2025-03-13,KC,3-4,7.45,8.75,7.25,3041
2025-03-13,KC,4-5,11.3,12.0,11.2,1017
2025-03-13,KC,5-6,10.25,10.95,10.25,427
2025-03-13,SB,1-2,0.27,0.28,0.24,15050
2025-03-13,SB,2-3,-0.07,-0.06,-0.09,8961
2025-03-13,SB,3-4,-0.29,-0.28,-0.32,4097
2025-03-13,SB,4-5,0.94,0.95,0.89,1649
2025-03-13,SB,5-6,0.54,0.54,0.46,1088
2025-03-14,CC,1-2,-139.0,,,
2025-03-14,CC,2-3,4.0,25.0,-8.0,1896
2025-03-14,CC,3-4,98.0,136.0,86.0,2216
2025-03-14,CC,4-5,298.0,372.0,271.0,1400
2025-03-14,CC,5-6,280.0,348.0,263.0,555
2025-03-14,CT,1-2,-1.23,-1.09,-1.25,7118
2025-03-14,CT,2-3,-1.38,-1.19,-1.5,4097
2025-03-14,CT,3-4,-0.99,-0.95,-1.04,458
2025-03-14,CT,4-5,-0.62,-0.62,-0.72,148
2025-03-14,CT,5-6,-0.19,-0.16,-0.32,61
2025-03-14,KC,1-2,4.9,5.85,5.85,1
2025-03-14,KC,2-3,6.3,7.1,5.85,5154
2025-03-14,KC,3-4,6.95,7.5,6.55,2468
2025-03-14,KC,4-5,10.1,11.05,9.75,1542
2025-03-14,KC,5-6,9.7,10.5,9.35,537
2025-03-14,SB,1-2,0.26,0.28,0.22,9831
2025-03-14,SB,2-3,-0.1,-0.07,-0.1,6471
2025-03-14,SB,3-4,-0.31,-0.28,-0.32,2827
2025-03-14,SB,4-5,0.94,0.96,0.93,1482
2025-03-14,SB,5-6,0.54,0.55,0.53,736
2025-03-17,CC,1-2,-25.0,15.0,-36.0,2016
2025-03-17,CC,2-3,83.0,109.0,78.0,1948
2025-03-17,CC,3-4,277.0,314.0,275.0,1066
2025-03-17,CC,4-5,273.0,294.0,269.0,154
2025-03-17,CC,5-6,78.0,91.0,77.0,44
2025-03-17,CT,1-2,-1.26,-1.19,-1.3,4524
2025-03-17,CT,2-3,-1.62,-1.33,-1.65,4814
2025-03-17,CT,3-4,-0.99,-0.93,-1.0,311
2025-03-17,CT,4-5,-0.59,-0.58,-0.67,134
2025-03-17,CT,5-6,-0.19,-0.05,-0.24,53
2025-03-17,KC,1-2,5.95,5.95,5.8,12
2025-03-17,KC,2-3,6.65,7.05,6.0,3726
2025-03-17,KC,3-4,6.85,7.2,6.45,1850
2025-03-17,KC,4-5,10.25,10.75,9.55,750
2025-03-17,KC,5-6,9.45,9.8,9.2,323
2025-03-17,SB,1-2,0.4,0.4,0.27,24849
2025-03-17,SB,2-3,-0.01,-0.01,-0.1,16021
2025-03-17,SB,3-4,-0.22,-0.21,-0.32,11786
2025-03-17,SB,4-5,1.07,1.08,0.94,4550
2025-03-17,SB,5-6,0.64,0.64,0.55,3116
2025-03-18,CC,1-2,-24.0,-8.0,-34.0,1659
2025-03-18,CC,2-3,85.0,104.0,77.0,1787
2025-03-18,CC,3-4,289.0,298.0,270.0,950
2025-03-18,CC,4-5,289.0,298.0,266.0,176
2025-03-18,CC,5-6,83.0,96.0,78.0,39
2025-03-18,CT,1-2,-1.41,-1.26,-1.44,5845
2025-03-18,CT,2-3,-1.68,-1.57,-1.71,3628
2025-03-18,CT,3-4,-1.1,-0.98,-1.15,452
2025-03-18,CT,4-5,-0.72,-0.58,-0.78,74
2025-03-18,CT,5-6,-0.29,-0.22,-0.36,63
2025-03-18,KC,1-2,3.35,5.0,3.0,22
2025-03-18,KC,2-3,6.45,6.9,6.1,3073
2025-03-18,KC,3-4,6.7,7.1,6.6,1996
2025-03-18,KC,4-5,9.9,10.3,9.6,618
2025-03-18,KC,5-6,9.45,9.6,9.25,152
2025-03-18,SB,1-2,0.34,0.4,0.32,16219
2025-03-18,SB,2-3,-0.05,-0.01,-0.06,9312
2025-03-18,SB,3-4,-0.25,-0.22,-0.26,6676
2025-03-18,SB,4-5,1.07,1.09,1.03,2967
2025-03-18,SB,5-6,0.64,0.65,0.6,2350
2025-03-19,CC,1-2,-23.0,-8.0,-33.0,2082
2025-03-19,CC,2-3,99.0,111.0,88.0,1432
2025-03-19,CC,3-4,293.0,309.0,271.0,832
2025-03-19,CC,4-5,296.0,316.0,282.0,421
2025-03-19,CC,5-6,77.0,90.0,74.0,109
2025-03-19,CT,1-2,-1.49,-1.41,-1.55,6689
2025-03-19,CT,2-3,-1.68,-1.62,-1.76,4324
2025-03-19,CT,3-4,-1.11,-1.08,-1.14,246
2025-03-19,CT,4-5,-0.75,-0.71,-0.79,72
2025-03-19,CT,5-6,-0.32,-0.26,-0.39,52
2025-03-19,KC,1-2,3.55,3.0,2.9,15
2025-03-19,KC,2-3,6.95,7.35,6.15,3843
2025-03-19,KC,3-4,7.1,7.55,6.6,2356
2025-03-19,KC,4-5,10.0,10.55,9.65,555
2025-03-19,KC,5-6,9.7,10.0,9.35,265
2025-03-19,SB,1-2,0.33,0.36,0.28,12987
2025-03-19,SB,2-3,-0.07,-0.02,-0.09,6834
2025-03-19,SB,3-4,-0.28,-0.25,-0.29,4443
2025-03-19,SB,4-5,1.01,1.07,1.01,2469
2025-03-19,SB,5-6,0.6,0.65,0.59,2160
2025-03-20,CC,1-2,-31.0,-20.0,-34.0,2174
2025-03-20,CC,2-3,102.0,121.0,88.0,1257
2025-03-20,CC,3-4,302.0,328.0,272.0,1003
2025-03-20,CC,4-5,297.0,320.0,272.0,319
2025-03-20,CC,5-6,71.0,89.0,68.0,111
2025-03-20,CT,1-2,-1.49,-1.46,-1.57,5003
2025-03-20,CT,2-3,-1.79,-1.62,-1.8,3095
2025-03-20,CT,3-4,-1.14,-1.06,-1.15,224
2025-03-20,CT,4-5,-0.76,-0.71,-0.82,119
2025-03-20,CT,5-6,-0.43,-0.25,-0.47,77
2025-03-20,KC,1-2,6.8,7.1,6.5,4248
2025-03-20,KC,2-3,7.2,7.35,6.9,1827
2025-03-20,KC,3-4,10.15,10.55,9.65,477
2025-03-20,KC,4-5,9.85,10.0,9.5,235
2025-03-20,KC,5-6,13.7,13.8,13.2,147
2025-03-20,SB,1-2,0.35,0.37,0.3,10191
2025-03-20,SB,2-3,-0.05,-0.03,-0.08,6499
2025-03-20,SB,3-4,-0.26,-0.24,-0.29,5574
2025-03-20,SB,4-5,1.07,1.07,1.01,2117
2025-03-20,SB,5-6,0.63,0.65,0.59,1444
2025-03-21,CC,1-2,-56.0,-27.0,-70.0,3189
2025-03-21,CC,2-3,71.0,104.0,68.0,2171
2025-03-21,CC,3-4,294.0,318.0,266.0,1654
2025-03-21,CC,4-5,259.0,302.0,242.0,369
2025-03-21,CC,5-6,53.0,73.0,48.0,195
2025-03-21,CT,1-2,-1.52,-1.44,-1.52,3642
2025-03-21,CT,2-3,-1.87,-1.68,-1.88,2785
2025-03-21,CT,3-4,-1.19,-1.11,-1.19,818
2025-03-21,CT,4-5,-0.78,-0.73,-0.8,77
2025-03-21,CT,5-6,-0.51,-0.45,-0.55,38
2025-03-21,KC,1-2,6.1,6.9,6.0,4969
2025-03-21,KC,2-3,6.5,7.4,6.3,2450
2025-03-21,KC,3-4,9.95,10.55,9.55,794
2025-03-21,KC,4-5,9.75,10.0,9.65,349
2025-03-21,KC,5-6,13.5,14.05,13.45,237
2025-03-21,SB,1-2,0.33,0.37,0.31,10999
2025-03-21,SB,2-3,-0.09,-0.04,-0.09,6792
2025-03-21,SB,3-4,-0.29,-0.24,-0.29,4424
2025-03-21,SB,4-5,1.08,1.1,1.05,3903
2025-03-21,SB,5-6,0.64,0.67,0.61,2743
2025-03-24,CC,1-2,-3.0,14.0,-50.0,2833
2025-03-24,CC,2-3,89.0,110.0,72.0,1375
2025-03-24,CC,3-4,309.0,330.0,284.0,1157
2025-03-24,CC,4-5,308.0,325.0,249.0,556
2025-03-24,CC,5-6,62.0,73.0,55.0,151
2025-03-24,CT,1-2,-1.61,-1.52,-1.63,6318
2025-03-24,CT,2-3,-1.9,-1.83,-2.0,3051
2025-03-24,CT,3-4,-1.16,-1.13,-1.18,260
2025-03-24,CT,4-5,-0.74,-0.72,-0.76,37
2025-03-24,CT,5-6,-0.47,-0.46,-0.53,21
2025-03-24,KC,1-2,6.0,6.9,5.75,4611
2025-03-24,KC,2-3,6.65,6.95,6.35,2250
2025-03-24,KC,3-4,9.5,10.2,9.3,852
2025-03-24,KC,4-5,9.5,9.9,9.45,234
2025-03-24,KC,5-6,13.5,13.85,13.3,167
2025-03-24,SB,1-2,0.3,0.36,0.29,17892
2025-03-24,SB,2-3,-0.12,-0.08,-0.13,12622
2025-03-24,SB,3-4,-0.34,-0.27,-0.34,6452
2025-03-24,SB,4-5,1.0,1.08,0.99,3029
2025-03-24,SB,5-6,0.59,0.64,0.59,1425
2025-03-25,CC,1-2,14.0,25.0,-14.0,2478
2025-03-25,CC,2-3,95.0,116.0,83.0,981
2025-03-25,CC,3-4,307.0,328.0,299.0,675
2025-03-25,CC,4-5,297.0,317.0,294.0,136
2025-03-25,CC,5-6,60.0,68.0,56.0,39
2025-03-25,CT,1-2,-1.61,-1.56,-1.68,6715
2025-03-25,CT,2-3,-2.05,-1.77,-2.06,3476
2025-03-25,CT,3-4,-1.22,-1.11,-1.23,834
2025-03-25,CT,4-5,-0.75,-0.68,-0.75,96
2025-03-25,CT,5-6,-0.49,-0.46,-0.5,12
2025-03-25,KC,1-2,5.9,6.3,5.55,5561
2025-03-25,KC,2-3,6.2,6.75,6.15,2629
2025-03-25,KC,3-4,9.05,9.6,9.05,1416
2025-03-25,KC,4-5,9.05,9.7,9.05,642
2025-03-25,KC,5-6,12.8,13.85,12.7,422
2025-03-25,SB,1-2,0.32,0.34,0.29,13023
2025-03-25,SB,2-3,-0.13,-0.11,-0.13,8247
2025-03-25,SB,3-4,-0.33,-0.32,-0.35,4876
2025-03-25,SB,4-5,1.02,1.04,1.0,951
2025-03-25,SB,5-6,0.61,0.62,0.59,642
2025-03-26,CC,1-2,58.0,81.0,1.0,3564
2025-03-26,CC,2-3,113.0,126.0,98.0,960
2025-03-26,CC,3-4,311.0,334.0,304.0,595
2025-03-26,CC,4-5,293.0,314.0,289.0,179
2025-03-26,CC,5-6,65.0,69.0,58.0,100
2025-03-26,CT,1-2,-1.54,-1.49,-1.63,7449
2025-03-26,CT,2-3,-2.07,-1.95,-2.08,3402
2025-03-26,CT,3-4,-1.17,-1.13,-1.23,724
2025-03-26,CT,4-5,-0.69,-0.64,-0.76,83
2025-03-26,CT,5-6,-0.4,-0.38,-0.44,25
2025-03-26,KC,1-2,5.85,7.0,5.65,5413
2025-03-26,KC,2-3,5.65,6.65,5.25,3402
2025-03-26,KC,3-4,8.2,9.35,7.6,2168
2025-03-26,KC,4-5,8.7,9.25,8.3,755
2025-03-26,KC,5-6,12.25,13.1,12.15,430
2025-03-26,SB,1-2,0.29,0.33,0.28,13482
2025-03-26,SB,2-3,-0.14,-0.11,-0.15,13608
2025-03-26,SB,3-4,-0.35,-0.32,-0.36,5269
2025-03-26,SB,4-5,0.96,1.03,0.95,3285
2025-03-26,SB,5-6,0.59,0.62,0.57,1428
2025-03-27,CC,1-2,11.0,80.0,7.0,2311
2025-03-27,CC,2-3,102.0,124.0,91.0,852
2025-03-27,CC,3-4,295.0,311.0,291.0,593
2025-03-27,CC,4-5,272.0,299.0,265.0,286
2025-03-27,CC,5-6,62.0,75.0,61.0,52
2025-03-27,CT,1-2,-1.27,-1.26,-1.54,10718
2025-03-27,CT,2-3,-1.95,-1.93,-2.1,6300
2025-03-27,CT,3-4,-1.15,-1.05,-1.18,1613
2025-03-27,CT,4-5,-0.68,-0.63,-0.72,116
2025-03-27,CT,5-6,-0.42,-0.39,-0.47,19
2025-03-27,KC,1-2,3.85,6.0,3.75,10315
2025-03-27,KC,2-3,4.65,5.7,4.4,4393
2025-03-27,KC,3-4,7.45,8.35,7.35,1722
2025-03-27,KC,4-5,8.05,8.9,8.0,715
2025-03-27,KC,5-6,11.5,12.4,11.25,405
2025-03-27,SB,1-2,0.26,0.29,0.25,17673
2025-03-27,SB,2-3,-0.15,-0.13,-0.16,10756
2025-03-27,SB,3-4,-0.36,-0.34,-0.36,6097
2025-03-27,SB,4-5,0.92,0.95,0.91,1719
2025-03-27,SB,5-6,0.56,0.59,0.55,1074
2025-03-28,CC,1-2,30.0,37.0,-9.0,2019
2025-03-28,CC,2-3,106.0,122.0,97.0,837
2025-03-28,CC,3-4,317.0,326.0,295.0,599
2025-03-28,CC,4-5,300.0,300.0,265.0,164
2025-03-28,CC,5-6,68.0,70.0,58.0,36
2025-03-28,CT,1-2,-1.2,-1.19,-1.31,10235
2025-03-28,CT,2-3,-1.99,-1.92,-2.07,2780
2025-03-28,CT,3-4,-1.14,-1.11,-1.17,867
2025-03-28,CT,4-5,-0.64,-0.63,-0.7,116
2025-03-28,CT,5-6,-0.36,-0.32,-0.46,60
2025-03-28,KC,1-2,3.55,4.15,2.85,7606
2025-03-28,KC,2-3,4.8,5.2,4.35,2958
2025-03-28,KC,3-4,7.1,7.45,7.05,1423
2025-03-28,KC,4-5,7.7,8.1,7.7,592
2025-03-28,KC,5-6,11.05,11.65,10.95,367
2025-03-28,SB,1-2,0.21,0.27,0.19,24205
2025-03-28,SB,2-3,-0.17,-0.13,-0.17,9361
2025-03-28,SB,3-4,-0.37,-0.35,-0.37,7261
2025-03-28,SB,4-5,0.93,0.94,0.92,1284
2025-03-28,SB,5-6,0.55,0.57,0.54,720
2025-03-31,CC,1-2,14.0,50.0,,3124
2025-03-31,CC,2-3,90.0,119.0,87.0,1781
2025-03-31,CC,3-4,289.0,320.0,286.0,1333
2025-03-31,CC,4-5,284.0,305.0,277.0,181
2025-03-31,CC,5-6,68.0,75.0,63.0,56
2025-03-31,CT,1-2,-1.16,-1.14,-1.36,12655
2025-03-31,CT,2-3,-1.93,-1.89,-2.08,4792
2025-03-31,CT,3-4,-1.13,-1.12,-1.16,668
2025-03-31,CT,4-5,-0.67,-0.64,-0.73,119
2025-03-31,CT,5-6,-0.38,-0.35,-0.47,31
2025-03-31,KC,1-2,4.35,4.5,3.5,5349
2025-03-31,KC,2-3,5.05,5.3,4.55,2348
2025-03-31,KC,3-4,7.15,7.35,7.0,1325
2025-03-31,KC,4-5,7.85,7.9,7.65,670
2025-03-31,KC,5-6,10.85,11.55,10.7,183
2025-03-31,SB,1-2,0.21,0.25,0.19,19753
2025-03-31,SB,2-3,-0.18,-0.13,-0.19,11995
2025-03-31,SB,3-4,-0.37,-0.33,-0.38,4927
2025-03-31,SB,4-5,0.9,0.97,0.9,2271
2025-03-31,SB,5-6,0.53,0.59,0.53,1199
2025-04-01,CC,1-2,10.0,30.0,-14.0,4008
2025-04-01,CC,2-3,84.0,106.0,69.0,2915
2025-04-01,CC,3-4,315.0,331.0,279.0,1766
2025-04-01,CC,4-5,326.0,336.0,288.0,838
2025-04-01,CC,5-6,86.0,96.0,67.0,155
2025-04-01,CT,1-2,-0.93,-0.9,-1.2,14423
2025-04-01,CT,2-3,-1.63,-1.56,-2.0,5831
2025-04-01,CT,3-4,-1.13,-1.07,-1.16,1882
2025-04-01,CT,4-5,-0.69,-0.61,-0.72,445
2025-04-01,CT,5-6,-0.23,-0.19,-0.39,220
2025-04-01,KC,1-2,3.85,4.75,3.5,7834
2025-04-01,KC,2-3,4.85,5.25,4.5,2578
2025-04-01,KC,3-4,7.55,7.9,7.05,1231
2025-04-01,KC,4-5,7.9,8.05,7.8,518
2025-04-01,KC,5-6,10.9,11.1,10.6,248
2025-04-01,SB,1-2,0.22,0.24,0.2,13673
2025-04-01,SB,2-3,-0.18,-0.16,-0.21,17628
2025-04-01,SB,3-4,-0.36,-0.34,-0.38,10270
2025-04-01,SB,4-5,0.93,0.94,0.9,4287
2025-04-01,SB,5-6,0.56,0.58,0.53,2611
2025-04-02,CC,1-2,-53.0,18.0,-75.0,6595
2025-04-02,CC,2-3,100.0,120.0,82.0,3823
2025-04-02,CC,3-4,493.0,523.0,328.0,3248
2025-04-02,CC,4-5,504.0,522.0,330.0,1799
2025-04-02,CC,5-6,135.0,146.0,87.0,334
2025-04-02,CT,1-2,-0.91,-0.75,-0.97,15935
2025-04-02,CT,2-3,-1.68,-1.5,-1.73,3915
2025-04-02,CT,3-4,-1.18,-1.06,-1.2,1591
2025-04-02,CT,4-5,-0.7,-0.61,-0.75,322
2025-04-02,CT,5-6,-0.28,-0.23,-0.3,73
2025-04-02,KC,1-2,3.45,4.25,3.2,6756
2025-04-02,KC,2-3,4.6,5.05,4.5,1981
2025-04-02,KC,3-4,6.95,7.75,6.85,1194
2025-04-02,KC,4-5,7.65,8.0,7.6,429
2025-04-02,KC,5-6,10.9,11.05,10.7,98
2025-04-02,SB,1-2,0.2,0.24,0.18,21400
2025-04-02,SB,2-3,-0.17,-0.16,-0.2,10334
2025-04-02,SB,3-4,-0.32,-0.31,-0.38,6256
2025-04-02,SB,4-5,0.96,0.97,0.89,5160
2025-04-02,SB,5-6,0.59,0.6,0.53,2548
2025-04-03,CC,1-2,6.0,113.0,-45.0,8185
2025-04-03,CC,2-3,198.0,226.0,111.0,5209
2025-04-03,CC,3-4,602.0,662.0,485.0,2973
2025-04-03,CC,4-5,554.0,600.0,486.0,1456
2025-04-03,CC,5-6,154.0,170.0,124.0,274
2025-04-03,CT,1-2,-0.91,-0.96,-1.32,14075
2025-04-03,CT,2-3,-1.84,-1.73,-2.27,7752
2025-04-03,CT,3-4,-1.19,-1.09,-1.22,1450
2025-04-03,CT,4-5,-0.74,-0.69,-0.85,379
2025-04-03,CT,5-6,-0.44,-0.34,-0.47,143
2025-04-03,KC,1-2,3.5,4.05,3.2,7750
2025-04-03,KC,2-3,4.75,5.5,4.6,3253
2025-04-03,KC,3-4,7.05,7.5,6.9,2089
2025-04-03,KC,4-5,7.6,7.9,7.5,481
2025-04-03,KC,5-6,10.7,11.15,10.55,172
2025-04-03,SB,1-2,0.14,0.2,0.13,25520
2025-04-03,SB,2-3,-0.2,-0.16,-0.21,10900
2025-04-03,SB,3-4,-0.35,-0.32,-0.37,7819
2025-04-03,SB,4-5,0.9,0.95,0.88,5063
2025-04-03,SB,5-6,0.53,0.59,0.52,1885
2025-04-04,CC,1-2,-4.0,49.0,-23.0,4286
2025-04-04,CC,2-3,165.0,199.0,134.0,3548
2025-04-04,CC,3-4,485.0,591.0,474.0,2014
2025-04-04,CC,4-5,380.0,548.0,372.0,892
2025-04-04,CC,5-6,99.0,154.0,96.0,328
2025-04-04,CT,1-2,-1.2,-1.08,-1.43,20549
2025-04-04,CT,2-3,-1.6,-1.5,-2.49,14599
2025-04-04,CT,3-4,-1.23,-1.13,-1.28,3088
2025-04-04,CT,4-5,-0.9,-0.75,-0.97,857
2025-04-04,CT,5-6,-0.69,-0.46,-0.74,298
2025-04-04,KC,1-2,2.4,4.3,2.15,12342
2025-04-04,KC,2-3,4.15,5.05,4.05,4656
2025-04-04,KC,3-4,6.4,7.3,6.3,2328
2025-04-04,KC,4-5,7.15,7.75,7.1,735
2025-04-04,KC,5-6,11.2,11.25,10.7,311
2025-04-04,SB,1-2,0.16,0.19,0.12,48029
2025-04-04,SB,2-3,-0.17,-0.16,-0.21,10341
2025-04-04,SB,3-4,-0.35,-0.34,-0.37,4718
2025-04-04,SB,4-5,0.87,0.9,0.87,4042
2025-04-04,SB,5-6,0.52,0.53,0.49,1946
2025-04-07,CC,1-2,57.0,250.0,10.0,6044
2025-04-07,CC,2-3,187.0,258.0,145.0,3566
2025-04-07,CC,3-4,424.0,544.0,413.0,2581
2025-04-07,CC,4-5,327.0,436.0,312.0,1200
2025-04-07,CC,5-6,67.0,125.0,62.0,247
2025-04-07,CT,1-2,-0.9,-0.85,-1.3,25402
2025-04-07,CT,2-3,-1.34,-1.3,-1.99,9590
2025-04-07,CT,3-4,-1.14,-1.1,-1.26,1852
2025-04-07,CT,4-5,-0.85,-0.72,-0.99,532
2025-04-07,CT,5-6,-0.55,-0.47,-0.73,102
2025-04-07,KC,1-2,2.85,3.75,1.35,17388
2025-04-07,KC,2-3,4.2,4.65,3.3,5693
2025-04-07,KC,3-4,4.95,6.45,4.65,4980
2025-04-07,KC,4-5,6.0,7.25,5.85,2005
2025-04-07,KC,5-6,9.35,11.2,8.7,521
2025-04-07,SB,1-2,0.19,0.21,0.15,51365
2025-04-07,SB,2-3,-0.13,-0.13,-0.18,9464
2025-04-07,SB,3-4,-0.35,-0.32,-0.36,6310
2025-04-07,SB,4-5,0.86,0.91,0.85,3749
2025-04-07,SB,5-6,0.51,0.55,0.49,1642
2025-04-08,CC,1-2,34.0,135.0,30.0,5115
2025-04-08,CC,2-3,223.0,236.0,152.0,3189
2025-04-08,CC,3-4,344.0,438.0,321.0,2755
2025-04-08,CC,4-5,212.0,322.0,191.0,1159
2025-04-08,CC,5-6,29.0,77.0,20.0,662
2025-04-08,CT,1-2,-0.78,-0.64,-0.91,25698
2025-04-08,CT,2-3,-1.42,-1.25,-1.62,7874
2025-04-08,CT,3-4,-1.1,-1.09,-1.2,1689
2025-04-08,CT,4-5,-0.86,-0.75,-0.91,427
2025-04-08,CT,5-6,-0.49,-0.4,-0.6,96
2025-04-08,KC,1-2,1.55,2.95,1.3,14853
2025-04-08,KC,2-3,4.45,4.9,3.85,3108
2025-04-08,KC,3-4,4.8,5.45,4.6,3014
2025-04-08,KC,4-5,5.95,6.35,5.7,1107
2025-04-08,KC,5-6,8.65,9.45,8.2,218
2025-04-08,SB,1-2,0.17,0.25,0.15,58127
2025-04-08,SB,2-3,-0.17,-0.12,-0.19,12286
2025-04-08,SB,3-4,-0.38,-0.33,-0.38,7243
2025-04-08,SB,4-5,0.82,0.88,0.82,3937
2025-04-08,SB,5-6,0.47,0.52,0.47,2424
2025-04-09,CC,1-2,130.0,189.0,18.0,4048
2025-04-09,CC,2-3,364.0,369.0,207.0,2638
2025-04-09,CC,3-4,554.0,564.0,323.0,2199
2025-04-09,CC,4-5,331.0,397.0,139.0,1075
2025-04-09,CC,5-6,74.0,82.0,21.0,434
2025-04-09,CT,1-2,-0.68,-0.29,-0.79,31245
2025-04-09,CT,2-3,-1.16,-1.11,-1.67,11890
2025-04-09,CT,3-4,-1.1,-1.0,-1.22,2754
2025-04-09,CT,4-5,-0.81,-0.67,-0.95,731
2025-04-09,CT,5-6,-0.47,-0.43,-0.63,185
2025-04-09,KC,1-2,1.15,1.7,1.05,15032
2025-04-09,KC,2-3,4.05,4.6,3.8,5983
2025-04-09,KC,3-4,4.45,4.8,4.2,5084
2025-04-09,KC,4-5,5.55,5.85,5.1,1492
2025-04-09,KC,5-6,7.35,8.4,7.1,415
2025-04-09,SB,1-2,0.18,0.25,0.14,71763
2025-04-09,SB,2-3,-0.15,-0.13,-0.18,14722
2025-04-09,SB,3-4,-0.38,-0.35,-0.39,12169
2025-04-09,SB,4-5,0.82,0.87,0.81,5478
2025-04-09,SB,5-6,0.43,0.49,0.43,4752
2025-04-10,CC,1-2,14.0,98.0,8.0,5274
2025-04-10,CC,2-3,267.0,364.0,250.0,3233
2025-04-10,CC,3-4,492.0,584.0,469.0,3050
2025-04-10,CC,4-5,277.0,366.0,255.0,1272
2025-04-10,CC,5-6,74.0,94.0,58.0,527
2025-04-10,CT,1-2,-0.53,-0.44,-0.75,27065
2025-04-10,CT,2-3,-1.28,-1.04,-1.36,7112
2025-04-10,CT,3-4,-1.12,-1.04,-1.13,1131
2025-04-10,CT,4-5,-0.8,-0.71,-0.85,460
2025-04-10,CT,5-6,-0.33,-0.26,-0.46,208
2025-04-10,KC,1-2,1.25,1.9,1.1,13104
2025-04-10,KC,2-3,4.15,4.95,4.0,3211
2025-04-10,KC,3-4,4.8,5.15,4.55,2756
2025-04-10,KC,4-5,5.35,6.0,5.25,655
2025-04-10,KC,5-6,7.5,7.85,7.3,211
2025-04-10,SB,1-2,0.21,0.28,0.17,72247
2025-04-10,SB,2-3,-0.12,-0.11,-0.15,15057
2025-04-10,SB,3-4,-0.36,-0.34,-0.37,8105
2025-04-10,SB,4-5,0.85,0.88,0.84,5012
2025-04-10,SB,5-6,0.44,0.48,0.44,3897
2025-04-11,CC,1-2,71.0,116.0,16.0,2800
2025-04-11,CC,2-3,307.0,325.0,246.0,1596
2025-04-11,CC,3-4,583.0,619.0,469.0,1532
2025-04-11,CC,4-5,374.0,391.0,282.0,551
2025-04-11,CC,5-6,88.0,94.0,71.0,261
2025-04-11,CT,1-2,-1.12,-0.34,-1.19,21524
2025-04-11,CT,2-3,-1.5,-1.25,-1.6,6109
2025-04-11,CT,3-4,-1.11,-1.06,-1.14,1445
2025-04-11,CT,4-5,-0.86,-0.75,-0.88,283
2025-04-11,CT,5-6,-0.39,-0.34,-0.46,57
2025-04-11,KC,1-2,4.1,5.15,1.2,15501
2025-04-11,KC,2-3,5.8,8.25,4.05,5456
2025-04-11,KC,3-4,6.55,8.95,4.85,3732
2025-04-11,KC,4-5,5.7,6.35,5.1,1670
2025-04-11,KC,5-6,7.85,8.25,7.05,695
2025-04-11,SB,1-2,0.17,0.25,0.15,51973
2025-04-11,SB,2-3,-0.14,-0.12,-0.16,12686
2025-04-11,SB,3-4,-0.36,-0.34,-0.38,7937
2025-04-11,SB,4-5,0.82,0.85,0.81,3772
2025-04-11,SB,5-6,0.41,0.45,0.4,3624
2025-04-14,CC,1-2,88.0,104.0,44.0,2238
2025-04-14,CC,2-3,219.0,316.0,209.0,2292
2025-04-14,CC,3-4,423.0,610.0,395.0,1392
2025-04-14,CC,4-5,291.0,387.0,276.0,578
2025-04-14,CC,5-6,77.0,102.0,72.0,209
2025-04-14,CT,1-2,-1.26,-1.08,-1.31,9417
2025-04-14,CT,2-3,-1.59,-1.48,-1.79,8985
2025-04-14,CT,3-4,-1.15,-1.1,-1.16,1817
2025-04-14,CT,4-5,-0.87,-0.82,-0.89,498
2025-04-14,CT,5-6,-0.39,-0.34,-0.47,184
2025-04-14,KC,1-2,1.9,4.5,1.65,7035
2025-04-14,KC,2-3,5.6,8.1,5.4,4264
2025-04-14,KC,3-4,7.35,8.75,6.75,2255
2025-04-14,KC,4-5,6.15,6.8,5.8,1126
2025-04-14,KC,5-6,7.6,8.5,7.2,683
2025-04-14,SB,1-2,0.18,0.21,0.16,16241
2025-04-14,SB,2-3,-0.17,-0.13,-0.17,9226
2025-04-14,SB,3-4,-0.39,-0.36,-0.39,7200
2025-04-14,SB,4-5,0.79,0.84,0.79,2788
2025-04-14,SB,5-6,0.37,0.42,0.36,2136
2025-04-15,CC,1-2,76.0,100.0,66.0,1015
2025-04-15,CC,2-3,215.0,264.0,207.0,1524
2025-04-15,CC,3-4,397.0,453.0,384.0,2008
2025-04-15,CC,4-5,229.0,307.0,221.0,997
2025-04-15,CC,5-6,67.0,93.0,65.0,311
2025-04-15,CT,1-2,-1.04,-1.0,-1.27,9430
2025-04-15,CT,2-3,-1.48,-1.39,-1.63,6466
2025-04-15,CT,3-4,-1.14,-1.09,-1.17,1223
2025-04-15,CT,4-5,-0.93,-0.84,-0.97,426
2025-04-15,CT,5-6,-0.54,-0.38,-0.61,250
2025-04-15,KC,1-2,2.25,3.05,1.65,6579
2025-04-15,KC,2-3,5.8,6.25,5.5,3788
2025-04-15,KC,3-4,7.3,7.9,6.9,1567
2025-04-15,KC,4-5,6.55,6.75,6.25,431
2025-04-15,KC,5-6,7.9,8.25,7.45,203
2025-04-15,SB,1-2,0.11,0.19,0.1,28678
2025-04-15,SB,2-3,-0.18,-0.16,-0.18,9315
2025-04-15,SB,3-4,-0.4,-0.37,-0.4,8187
2025-04-15,SB,4-5,0.77,0.8,0.76,4544
2025-04-15,SB,5-6,0.32,0.38,0.32,4667
2025-04-16,CC,1-2,90.0,110.0,66.0,1309
2025-04-16,CC,2-3,259.0,287.0,177.0,2140
2025-04-16,CC,3-4,406.0,428.0,311.0,1716
2025-04-16,CC,4-5,224.0,264.0,186.0,1117
2025-04-16,CC,5-6,85.0,97.0,71.0,548
2025-04-16,CT,1-2,-0.58,-0.53,-1.13,6578
2025-04-16,CT,2-3,-1.54,-1.32,-1.56,4010
2025-04-16,CT,3-4,-1.12,-1.11,-1.15,1174
2025-04-16,CT,4-5,-0.91,-0.86,-0.94,257
2025-04-16,CT,5-6,-0.58,-0.5,-0.59,128
2025-04-16,KC,1-2,2.25,2.55,1.8,3533
2025-04-16,KC,2-3,6.1,6.7,5.75,2422
2025-04-16,KC,3-4,7.5,7.9,7.05,1066
2025-04-16,KC,4-5,6.35,6.7,6.2,667
2025-04-16,KC,5-6,8.55,9.15,7.85,595
2025-04-16,SB,1-2,0.14,0.19,0.11,21494
2025-04-16,SB,2-3,-0.14,-0.12,-0.18,8939
2025-04-16,SB,3-4,-0.37,-0.36,-0.4,5636
2025-04-16,SB,4-5,0.83,0.84,0.76,2224
2025-04-16,SB,5-6,0.37,0.37,0.31,1833
2025-04-17,CC,1-2,70.0,117.0,61.0,1640
2025-04-17,CC,2-3,217.0,288.0,205.0,2128
2025-04-17,CC,3-4,390.0,473.0,375.0,1904
2025-04-17,CC,4-5,250.0,301.0,243.0,961
2025-04-17,CC,5-6,101.0,114.0,92.0,168
2025-04-17,CT,1-2,-0.81,-0.6,-0.87,4090
2025-04-17,CT,2-3,-1.31,-1.29,-1.54,3309
2025-04-17,CT,3-4,-1.11,-1.06,-1.12,1450
2025-04-17,CT,4-5,-0.89,-0.84,-0.94,426
2025-04-17,CT,5-6,-0.58,-0.48,-0.63,170
2025-04-17,KC,1-2,2.9,3.0,2.25,3903
2025-04-17,KC,2-3,6.55,6.8,6.2,1986
2025-04-17,KC,3-4,7.35,8.0,7.2,1023
2025-04-17,KC,4-5,6.3,6.65,6.1,468
2025-04-17,KC,5-6,8.55,9.15,8.35,452
2025-04-17,SB,1-2,0.12,0.14,0.1,9309
2025-04-17,SB,2-3,-0.12,-0.11,-0.16,5470
2025-04-17,SB,3-4,-0.37,-0.35,-0.38,4014
2025-04-17,SB,4-5,0.87,0.88,0.83,2383
2025-04-17,SB,5-6,0.39,0.41,0.36,1754
2025-04-21,CC,1-2,109.0,170.0,79.0,1745
2025-04-21,CC,2-3,259.0,288.0,218.0,1588
2025-04-21,CC,3-4,455.0,467.0,420.0,733
2025-04-21,CC,4-5,333.0,351.0,287.0,484
2025-04-21,CC,5-6,134.0,140.0,105.0,115
2025-04-21,CT,1-2,-1.05,-0.52,-1.14,5266
2025-04-21,CT,2-3,-1.48,-1.28,-1.49,4032
2025-04-21,CT,3-4,-1.13,-1.08,-1.14,988
2025-04-21,CT,4-5,-0.9,-0.87,-0.95,287
2025-04-21,CT,5-6,-0.56,-0.53,-0.65,70
2025-04-21,KC,1-2,2.25,3.25,1.85,3114
2025-04-21,KC,2-3,6.1,6.65,5.95,2605
2025-04-21,KC,3-4,7.0,7.65,6.85,903
2025-04-21,KC,4-5,5.8,6.5,5.7,311
2025-04-21,KC,5-6,8.2,8.45,8.05,207
2025-04-21,SB,1-2,0.07,0.12,0.06,7668
2025-04-21,SB,2-3,-0.15,-0.11,-0.16,4741
2025-04-21,SB,3-4,-0.39,-0.35,-0.39,2218
2025-04-21,SB,4-5,0.82,0.88,0.81,769
2025-04-21,SB,5-6,0.37,0.4,0.35,319
2025-04-22,CC,1-2,193.0,224.0,142.0,1545
2025-04-22,CC,2-3,329.0,348.0,225.0,2575
2025-04-22,CC,3-4,566.0,586.0,411.0,1334
2025-04-22,CC,4-5,400.0,420.0,301.0,992
2025-04-22,CC,5-6,155.0,160.0,122.0,199
2025-04-22,CT,1-2,-0.18,-0.09,-1.08,6483
2025-04-22,CT,2-3,-1.49,-1.37,-1.52,5480
2025-04-22,CT,3-4,-1.11,-1.08,-1.15,1191
2025-04-22,CT,4-5,-0.88,-0.83,-0.92,261
2025-04-22,CT,5-6,-0.48,-0.46,-0.59,68
2025-04-22,KC,1-2,4.9,5.85,2.1,197
2025-04-22,KC,2-3,6.25,6.6,5.8,3727
2025-04-22,KC,3-4,7.15,7.6,6.85,1514
2025-04-22,KC,4-5,5.85,6.2,5.7,360
2025-04-22,KC,5-6,8.15,8.45,7.95,415
2025-04-22,SB,1-2,0.03,0.08,0.02,15701
2025-04-22,SB,2-3,-0.15,-0.13,-0.16,9313
2025-04-22,SB,3-4,-0.38,-0.37,-0.39,5708
2025-04-22,SB,4-5,0.81,0.83,0.8,2096
2025-04-22,SB,5-6,0.38,0.39,0.34,1155
2025-04-23,CC,1-2,223.0,399.0,178.0,730
2025-04-23,CC,2-3,294.0,377.0,257.0,1961
2025-04-23,CC,3-4,536.0,597.0,469.0,1315
2025-04-23,CC,4-5,397.0,421.0,301.0,705
2025-04-23,CC,5-6,134.0,151.0,113.0,219
2025-04-23,CT,1-2,-0.28,0.1,-1.3,1603
2025-04-23,CT,2-3,-0.94,-0.65,-1.48,9686
2025-04-23,CT,3-4,-1.07,-1.0,-1.12,2034
2025-04-23,CT,4-5,-0.84,-0.82,-0.89,715
2025-04-23,CT,5-6,-0.4,-0.38,-0.48,151
2025-04-23,KC,1-2,6.65,7.55,6.45,70
2025-04-23,KC,2-3,7.15,7.55,6.45,3496
2025-04-23,KC,3-4,8.25,9.05,7.3,1772
2025-04-23,KC,4-5,6.15,6.55,5.8,699
2025-04-23,KC,5-6,8.55,8.85,8.05,402
2025-04-23,SB,1-2,0.06,0.12,0.02,15402
2025-04-23,SB,2-3,-0.15,-0.13,-0.17,7473
2025-04-23,SB,3-4,-0.38,-0.37,-0.4,8125
2025-04-23,SB,4-5,0.78,0.82,0.77,2721
2025-04-23,SB,5-6,0.35,0.38,0.34,1701
2025-04-24,CC,1-2,260.0,300.0,160.0,65
2025-04-24,CC,2-3,315.0,350.0,280.0,2184
2025-04-24,CC,3-4,574.0,604.0,509.0,867
2025-04-24,CC,4-5,414.0,441.0,356.0,422
2025-04-24,CC,5-6,146.0,152.0,133.0,111
2025-04-24,CT,1-2,-1.87,-2.25,-2.5,16
2025-04-24,CT,2-3,-1.2,-0.91,-1.24,8614
2025-04-24,CT,3-4,-1.05,-1.01,-1.09,1422
2025-04-24,CT,4-5,-0.82,-0.81,-0.87,493
2025-04-24,CT,5-6,-0.35,-0.33,-0.44,131
2025-04-24,KC,1-2,9.2,9.75,6.35,216
2025-04-24,KC,2-3,7.5,7.8,6.9,3605
2025-04-24,KC,3-4,9.45,9.8,7.95,2241
2025-04-24,KC,4-5,7.1,7.3,6.25,1017
2025-04-24,KC,5-6,8.85,9.05,8.45,598
2025-04-24,SB,1-2,0.07,0.1,0.05,11276
2025-04-24,SB,2-3,-0.13,-0.12,-0.15,6657
2025-04-24,SB,3-4,-0.37,-0.36,-0.38,5013
2025-04-24,SB,4-5,0.74,0.78,0.74,3862
2025-04-24,SB,5-6,0.33,0.36,0.32,1843
2025-04-25,CC,1-2,260.0,,,
2025-04-25,CC,2-3,401.0,409.0,316.0,2864
2025-04-25,CC,3-4,607.0,643.0,548.0,1002
2025-04-25,CC,4-5,450.0,476.0,398.0,647
2025-04-25,CC,5-6,167.0,190.0,149.0,181
2025-04-25,CT,1-2,-1.95,-2.0,-2.0,1
2025-04-25,CT,2-3,-1.17,-0.98,-1.2,7208
2025-04-25,CT,3-4,-1.05,-1.0,-1.11,1484
2025-04-25,CT,4-5,-0.84,-0.78,-0.86,253
2025-04-25,CT,5-6,-0.4,-0.32,-0.44,63
2025-04-25,KC,1-2,8.4,9.75,8.05,29
2025-04-25,KC,2-3,7.25,8.35,7.05,4778
2025-04-25,KC,3-4,8.75,10.4,8.2,2524
2025-04-25,KC,4-5,6.7,7.8,6.3,1275
2025-04-25,KC,5-6,9.0,9.25,8.65,671
2025-04-25,SB,1-2,0.0,0.1,-0.01,19741
2025-04-25,SB,2-3,-0.1,-0.1,-0.14,6748
2025-04-25,SB,3-4,-0.33,-0.33,-0.37,5401
2025-04-25,SB,4-5,0.8,0.8,0.73,2728
2025-04-25,SB,5-6,0.36,0.37,0.31,1670
2025-04-28,CC,1-2,275.0,300.0,300.0,1
2025-04-28,CC,2-3,323.0,376.0,311.0,2191
2025-04-28,CC,3-4,515.0,598.0,479.0,1043
2025-04-28,CC,4-5,378.0,440.0,356.0,700
2025-04-28,CC,5-6,138.0,163.0,117.0,247
2025-04-28,CT,1-2,-1.17,,,
2025-04-28,CT,2-3,-1.46,-1.0,-1.5,7815
2025-04-28,CT,3-4,-1.12,-1.06,-1.14,1492
2025-04-28,CT,4-5,-0.86,-0.84,-0.89,530
2025-04-28,CT,5-6,-0.47,-0.43,-0.5,84
2025-04-28,KC,1-2,11.5,14.25,8.5,95
2025-04-28,KC,2-3,8.15,8.25,6.85,3684
2025-04-28,KC,3-4,9.65,9.95,8.0,2345
2025-04-28,KC,4-5,7.15,7.35,6.3,1222
2025-04-28,KC,5-6,9.2,9.25,8.75,247
2025-04-28,SB,1-2,-0.01,0.03,-0.05,21816
2025-04-28,SB,2-3,-0.14,-0.11,-0.15,7039
2025-04-28,SB,3-4,-0.37,-0.34,-0.38,6770
2025-04-28,SB,4-5,0.73,0.8,0.72,3678
2025-04-28,SB,5-6,0.31,0.36,0.3,1826
2025-04-29,CC,1-2,255.0,300.0,,14
2025-04-29,CC,2-3,354.0,382.0,326.0,1698
2025-04-29,CC,3-4,522.0,560.0,502.0,930
2025-04-29,CC,4-5,391.0,423.0,373.0,558
2025-04-29,CC,5-6,140.0,159.0,125.0,148
2025-04-29,CT,1-2,-0.14,-0.17,-0.5,4
2025-04-29,CT,2-3,-1.78,-1.45,-1.92,9311
2025-04-29,CT,3-4,-1.17,-1.1,-1.18,2098
2025-04-29,CT,4-5,-0.9,-0.86,-0.92,610
2025-04-29,CT,5-6,-0.55,-0.44,-0.56,112
2025-04-29,KC,1-2,12.85,14.0,8.0,16
2025-04-29,KC,2-3,7.8,8.8,7.45,3656
2025-04-29,KC,3-4,9.45,10.75,9.3,2885
2025-04-29,KC,4-5,7.35,7.6,7.0,957
2025-04-29,KC,5-6,9.35,9.5,9.2,246
2025-04-29,SB,1-2,0.08,0.12,-0.02,13270
2025-04-29,SB,2-3,-0.15,-0.13,-0.17,9446
2025-04-29,SB,3-4,-0.38,-0.36,-0.39,6147
2025-04-29,SB,4-5,0.65,0.74,0.63,6764
2025-04-29,SB,5-6,0.25,0.31,0.23,5223
2025-04-30,CC,1-2,240.0,,,
2025-04-30,CC,2-3,309.0,354.0,291.0,2843
2025-04-30,CC,3-4,481.0,517.0,401.0,1966
2025-04-30,CC,4-5,386.0,406.0,292.0,1084
2025-04-30,CC,5-6,139.0,142.0,102.0,303
2025-04-30,CT,1-2,-0.25,,-0.5,9
2025-04-30,CT,2-3,-1.77,-1.63,-1.82,6937
2025-04-30,CT,3-4,-1.23,-1.12,-1.23,1999
2025-04-30,CT,4-5,-0.92,-0.89,-0.93,396
2025-04-30,CT,5-6,-0.57,-0.51,-0.58,42
2025-04-30,KC,1-2,12.85,,,
2025-04-30,KC,2-3,7.4,8.25,7.2,2902
2025-04-30,KC,3-4,9.4,9.9,9.3,1308
2025-04-30,KC,4-5,7.0,7.75,6.65,682
2025-04-30,KC,5-6,8.95,9.7,8.75,202
2025-04-30,SB,1-2,0.21,0.23,0.05,1926
2025-04-30,SB,2-3,-0.17,-0.13,-0.2,14897
2025-04-30,SB,3-4,-0.4,-0.35,-0.41,11238
2025-04-30,SB,4-5,0.65,0.67,0.64,3426
2025-04-30,SB,5-6,0.23,0.27,0.23,2113
2025-05-01,CC,1-2,230.0,,,
2025-05-01,CC,2-3,324.0,327.0,280.0,2184
2025-05-01,CC,3-4,479.0,497.0,436.0,860
2025-05-01,CC,4-5,389.0,400.0,361.0,295
2025-05-01,CC,5-6,132.0,135.0,120.0,73
2025-05-01,CT,1-2,-1.77,-1.65,-1.84,4402
2025-05-01,CT,2-3,-1.22,-1.17,-1.24,1213
2025-05-01,CT,3-4,-0.93,-0.89,-0.94,282
2025-05-01,CT,4-5,-0.62,-0.55,-0.63,92
2025-05-01,CT,5-6,2.39,2.77,2.37,60
2025-05-01,KC,1-2,11.05,11.1,11.1,1
2025-05-01,KC,2-3,7.15,7.6,6.3,3938
2025-05-01,KC,3-4,8.85,9.45,8.3,1883
2025-05-01,KC,4-5,6.65,7.05,6.45,713
2025-05-01,KC,5-6,8.85,9.35,8.55,275
2025-05-01,SB,1-2,-0.17,-0.15,-0.2,16339
2025-05-01,SB,2-3,-0.4,-0.39,-0.42,11182
2025-05-01,SB,3-4,0.66,0.67,0.63,3129
2025-05-01,SB,4-5,0.25,0.27,0.22,2052
2025-05-01,SB,5-6,-0.07,-0.05,-0.08,1333
2025-05-02,CC,1-2,250.0,,,
2025-05-02,CC,2-3,297.0,330.0,287.0,1413
2025-05-02,CC,3-4,469.0,546.0,447.0,949
2025-05-02,CC,4-5,387.0,438.0,364.0,551
2025-05-02,CC,5-6,135.0,149.0,124.0,188
2025-05-02,CT,1-2,-1.3,-1.25,-1.76,9869
2025-05-02,CT,2-3,-1.14,-1.13,-1.2,2730
2025-05-02,CT,3-4,-0.93,-0.86,-0.95,1384
2025-05-02,CT,4-5,-0.51,-0.44,-0.59,151
2025-05-02,CT,5-6,3.24,3.2,2.82,92
2025-05-02,KC,1-2,10.0,,,
2025-05-02,KC,2-3,6.7,7.25,6.3,2165
2025-05-02,KC,3-4,8.55,9.2,8.35,1245
2025-05-02,KC,4-5,6.75,7.1,6.5,473
2025-05-02,KC,5-6,8.5,8.8,8.4,240
2025-05-02,SB,1-2,-0.15,-0.15,-0.18,9047
2025-05-02,SB,2-3,-0.39,-0.38,-0.41,6593
2025-05-02,SB,3-4,0.68,0.69,0.63,4342
2025-05-02,SB,4-5,0.24,0.27,0.23,2900
2025-05-02,SB,5-6,-0.09,-0.06,-0.1,2391
2025-05-05,CC,1-2,240.0,,,
2025-05-05,CC,2-3,293.0,313.0,275.0,1683
2025-05-05,CC,3-4,430.0,494.0,412.0,845
2025-05-05,CC,4-5,350.0,406.0,331.0,482
2025-05-05,CC,5-6,137.0,158.0,125.0,286
2025-05-05,CT,1-2,-1.56,-1.2,-1.61,4958
2025-05-05,CT,2-3,-1.16,-1.14,-1.19,1301
2025-05-05,CT,3-4,-0.92,-0.89,-0.93,425
2025-05-05,CT,4-5,-0.52,-0.46,-0.54,104
2025-05-05,CT,5-6,3.28,3.3,3.08,42
2025-05-05,KC,1-2,10.7,9.0,9.0,1
2025-05-05,KC,2-3,6.45,7.0,6.3,1614
2025-05-05,KC,3-4,8.35,8.75,8.3,777
2025-05-05,KC,4-5,6.6,6.85,6.45,392
2025-05-05,KC,5-6,8.6,8.85,8.4,127
2025-05-05,SB,1-2,-0.15,-0.13,-0.16,9323
2025-05-05,SB,2-3,-0.37,-0.36,-0.39,3925
2025-05-05,SB,3-4,0.71,0.72,0.67,2127
2025-05-05,SB,4-5,0.29,0.3,0.25,1894
2025-05-05,SB,5-6,-0.06,-0.06,-0.09,843
2025-05-06,CC,1-2,250.0,300.0,300.0,13
2025-05-06,CC,2-3,310.0,338.0,277.0,2111
2025-05-06,CC,3-4,464.0,480.0,404.0,1387
2025-05-06,CC,4-5,394.0,404.0,316.0,980
2025-05-06,CC,5-6,151.0,158.0,114.0,336
2025-05-06,CT,1-2,-1.69,-1.38,-1.75,6284
2025-05-06,CT,2-3,-1.15,-1.12,-1.17,1281
2025-05-06,CT,3-4,-0.93,-0.88,-0.93,298
2025-05-06,CT,4-5,-0.56,-0.48,-0.57,59
2025-05-06,CT,5-6,3.04,3.12,2.98,9
2025-05-06,KC,1-2,11.25,14.85,11.0,13
2025-05-06,KC,2-3,6.1,6.65,6.05,2449
2025-05-06,KC,3-4,8.3,9.0,8.2,1085
2025-05-06,KC,4-5,6.8,7.1,6.6,649
2025-05-06,KC,5-6,8.65,8.75,8.55,201
2025-05-06,SB,1-2,-0.14,-0.13,-0.16,8221
2025-05-06,SB,2-3,-0.38,-0.37,-0.4,9815
2025-05-06,SB,3-4,0.68,0.72,0.67,3106
2025-05-06,SB,4-5,0.28,0.3,0.26,1845
2025-05-06,SB,5-6,-0.06,-0.05,-0.07,1018
2025-05-07,CC,1-2,200.0,,,
2025-05-07,CC,2-3,307.0,352.0,281.0,2426
2025-05-07,CC,3-4,509.0,548.0,461.0,1574
2025-05-07,CC,4-5,456.0,467.0,373.0,791
2025-05-07,CC,5-6,171.0,174.0,131.0,239
2025-05-07,CT,1-2,-1.87,-1.41,-1.97,7772
2025-05-07,CT,2-3,-1.2,-1.06,-1.2,2798
2025-05-07,CT,3-4,-0.91,-0.85,-0.93,888
2025-05-07,CT,4-5,-0.51,-0.42,-0.55,360
2025-05-07,CT,5-6,3.07,3.51,3.0,182
2025-05-07,KC,1-2,12.1,11.8,11.0,22
2025-05-07,KC,2-3,5.4,6.25,5.25,4127
2025-05-07,KC,3-4,7.55,8.45,7.3,2579
2025-05-07,KC,4-5,6.7,7.25,6.6,775
2025-05-07,KC,5-6,8.65,8.95,8.6,128
2025-05-07,SB,1-2,-0.15,-0.13,-0.16,14076
2025-05-07,SB,2-3,-0.4,-0.38,-0.4,7451
2025-05-07,SB,3-4,0.61,0.68,0.6,6601
2025-05-07,SB,4-5,0.23,0.28,0.23,3505
2025-05-07,SB,5-6,-0.09,-0.06,-0.09,1404
2025-05-08,CC,1-2,200.0,,,
2025-05-08,CC,2-3,382.0,398.0,287.0,2401
2025-05-08,CC,3-4,594.0,624.0,498.0,1780
2025-05-08,CC,4-5,510.0,541.0,433.0,1730
2025-05-08,CC,5-6,165.0,182.0,146.0,306
2025-05-08,CT,1-2,-2.06,-1.75,-2.16,7153
2025-05-08,CT,2-3,-1.24,-1.16,-1.24,2540
2025-05-08,CT,3-4,-0.91,-0.87,-0.92,773
2025-05-08,CT,4-5,-0.59,-0.49,-0.61,203
2025-05-08,CT,5-6,2.94,3.44,2.9,213
2025-05-08,KC,1-2,10.45,11.25,11.0,14
2025-05-08,KC,2-3,5.55,5.7,5.3,2837
2025-05-08,KC,3-4,7.55,7.75,7.2,1712
2025-05-08,KC,4-5,6.7,6.9,6.55,789
2025-05-08,KC,5-6,8.75,9.0,8.6,153
2025-05-08,SB,1-2,-0.14,-0.12,-0.16,13184
2025-05-08,SB,2-3,-0.36,-0.34,-0.39,4951
2025-05-08,SB,3-4,0.67,0.69,0.59,4214
2025-05-08,SB,4-5,0.27,0.28,0.23,1204
2025-05-08,SB,5-6,-0.06,-0.06,-0.09,840
2025-05-09,CC,1-2,200.0,,,
2025-05-09,CC,2-3,358.0,431.0,345.0,1920
2025-05-09,CC,3-4,587.0,681.0,562.0,1207
2025-05-09,CC,4-5,538.0,592.0,483.0,1127
2025-05-09,CC,5-6,176.0,196.0,158.0,136
2025-05-09,CT,1-2,-2.06,-1.91,-2.13,5961
2025-05-09,CT,2-3,-1.26,-1.17,-1.26,1447
2025-05-09,CT,3-4,-0.92,-0.89,-0.92,262
2025-05-09,CT,4-5,-0.65,-0.57,-0.66,79
2025-05-09,CT,5-6,2.89,2.89,2.88,4
2025-05-09,KC,1-2,9.4,9.05,9.05,7
2025-05-09,KC,2-3,5.3,5.6,5.15,3121
2025-05-09,KC,3-4,7.4,7.7,7.15,2154
2025-05-09,KC,4-5,6.6,6.85,6.4,720
2025-05-09,KC,5-6,8.8,9.05,8.55,271
2025-05-09,SB,1-2,-0.14,-0.11,-0.14,13563
2025-05-09,SB,2-3,-0.35,-0.33,-0.36,6544
2025-05-09,SB,3-4,0.7,0.71,0.66,4949
2025-05-09,SB,4-5,0.29,0.3,0.27,2035
2025-05-09,SB,5-6,-0.04,-0.03,-0.06,1119
2025-05-12,CC,1-2,250.0,300.0,299.0,7
2025-05-12,CC,2-3,385.0,419.0,310.0,1972
2025-05-12,CC,3-4,574.0,616.0,520.0,1406
2025-05-12,CC,4-5,524.0,551.0,472.0,1176
2025-05-12,CC,5-6,180.0,192.0,159.0,244
2025-05-12,CT,1-2,-2.22,-1.63,-2.25,9004
2025-05-12,CT,2-3,-1.25,-1.16,-1.29,3034
2025-05-12,CT,3-4,-0.91,-0.79,-0.93,954
2025-05-12,CT,4-5,-0.54,-0.4,-0.65,510
2025-05-12,CT,5-6,2.74,3.2,2.69,90
2025-05-12,KC,1-2,9.5,,,
2025-05-12,KC,2-3,4.5,5.3,4.45,7771
2025-05-12,KC,3-4,6.6,7.45,6.45,2238
2025-05-12,KC,4-5,6.4,6.65,6.3,960
2025-05-12,KC,5-6,8.55,8.85,8.5,193
2025-05-12,SB,1-2,-0.17,-0.12,-0.17,11972
2025-05-12,SB,2-3,-0.37,-0.33,-0.38,4761
2025-05-12,SB,3-4,0.7,0.72,0.68,3209
2025-05-12,SB,4-5,0.29,0.31,0.28,1935
2025-05-12,SB,5-6,-0.03,-0.01,-0.04,1520
2025-05-13,CC,1-2,220.0,300.0,300.0,1
2025-05-13,CC,2-3,421.0,461.0,350.0,3097
2025-05-13,CC,3-4,827.0,882.0,572.0,3341
2025-05-13,CC,4-5,759.0,800.0,526.0,2726
2025-05-13,CC,5-6,237.0,291.0,182.0,696
2025-05-13,CT,1-2,-2.49,-2.18,-2.49,7867
2025-05-13,CT,2-3,-1.31,-1.21,-1.32,2725
2025-05-13,CT,3-4,-0.91,-0.88,-0.92,324
2025-05-13,CT,4-5,-0.58,-0.48,-0.58,84
2025-05-13,CT,5-6,2.69,2.79,2.54,43
2025-05-13,KC,1-2,8.5,10.0,8.15,25
2025-05-13,KC,2-3,4.1,4.75,3.95,7551
2025-05-13,KC,3-4,5.95,6.65,5.6,3554
2025-05-13,KC,4-5,6.1,6.45,5.85,1406
2025-05-13,KC,5-6,8.45,8.6,8.35,348
2025-05-13,SB,1-2,-0.19,-0.15,-0.19,17380
2025-05-13,SB,2-3,-0.37,-0.36,-0.38,8733
2025-05-13,SB,3-4,0.76,0.76,0.69,3299
2025-05-13,SB,4-5,0.32,0.33,0.28,2128
2025-05-13,SB,5-6,-0.01,-0.01,-0.05,1257
2025-05-14,CC,1-2,210.0,,,
2025-05-14,CC,2-3,432.0,465.0,411.0,3278
2025-05-14,CC,3-4,675.0,821.0,635.0,2620
2025-05-14,CC,4-5,686.0,756.0,650.0,1677
2025-05-14,CC,5-6,244.0,248.0,218.0,358
2025-05-14,CT,1-2,-2.77,-2.46,-2.84,8646
2025-05-14,CT,2-3,-1.35,-1.27,-1.36,1999
2025-05-14,CT,3-4,-0.93,-0.9,-0.93,611
2025-05-14,CT,4-5,-0.6,-0.56,-0.61,63
2025-05-14,CT,5-6,2.59,2.61,2.53,7
2025-05-14,KC,1-2,9.15,10.25,8.55,31
2025-05-14,KC,2-3,3.0,4.1,2.75,9418
2025-05-14,KC,3-4,4.35,5.95,4.3,4810
2025-05-14,KC,4-5,5.5,6.1,5.45,1539
2025-05-14,KC,5-6,8.0,8.5,7.85,293
2025-05-14,SB,1-2,-0.18,-0.16,-0.2,10586
2025-05-14,SB,2-3,-0.38,-0.36,-0.38,5919
2025-05-14,SB,3-4,0.72,0.76,0.71,3769
2025-05-14,SB,4-5,0.28,0.32,0.28,1225
2025-05-14,SB,5-6,-0.05,-0.02,-0.05,796
2025-05-15,CC,1-2,437.0,497.0,397.0,3093
2025-05-15,CC,2-3,688.0,724.0,544.0,2190
2025-05-15,CC,3-4,696.0,730.0,607.0,1595
2025-05-15,CC,4-5,249.0,277.0,211.0,369
2025-05-15,CC,5-6,164.0,192.0,134.0,225
2025-05-15,CT,1-2,-2.75,-2.62,-2.95,5663
2025-05-15,CT,2-3,-1.33,-1.3,-1.37,1720
2025-05-15,CT,3-4,-0.94,-0.9,-0.97,668
2025-05-15,CT,4-5,-0.64,-0.6,-0.69,93
2025-05-15,CT,5-6,2.43,2.57,2.5,66
2025-05-15,KC,1-2,9.95,10.0,8.85,16
2025-05-15,KC,2-3,3.65,4.05,2.8,4283
2025-05-15,KC,3-4,5.8,6.15,4.3,2950
2025-05-15,KC,4-5,6.35,6.6,5.45,1236
2025-05-15,KC,5-6,8.3,8.4,7.85,323
2025-05-15,SB,1-2,-0.16,-0.14,-0.18,13902
2025-05-15,SB,2-3,-0.39,-0.36,-0.39,6890
2025-05-15,SB,3-4,0.66,0.72,0.66,2965
2025-05-15,SB,4-5,0.23,0.29,0.23,1875
2025-05-15,SB,5-6,-0.07,-0.04,-0.07,937
2025-05-16,CC,1-2,518.0,549.0,436.0,3768
2025-05-16,CC,2-3,674.0,758.0,583.0,2766
2025-05-16,CC,3-4,771.0,964.0,692.0,2790
2025-05-16,CC,4-5,329.0,370.0,258.0,979
2025-05-16,CC,5-6,210.0,234.0,170.0,401
2025-05-16,CT,1-2,-2.78,-2.54,-2.79,4779
2025-05-16,CT,2-3,-1.39,-1.3,-1.4,1328
2025-05-16,CT,3-4,-0.96,-0.91,-0.97,409
2025-05-16,CT,4-5,-0.65,-0.6,-0.66,42
2025-05-16,CT,5-6,2.47,2.59,2.4,9
2025-05-16,KC,1-2,10.6,11.95,9.05,112
2025-05-16,KC,2-3,3.15,3.8,2.95,3476
2025-05-16,KC,3-4,5.0,5.55,4.9,1666
2025-05-16,KC,4-5,5.8,6.2,5.7,600
2025-05-16,KC,5-6,8.0,8.3,7.85,187
2025-05-16,SB,1-2,-0.17,-0.15,-0.19,8401
2025-05-16,SB,2-3,-0.38,-0.37,-0.4,5861
2025-05-16,SB,3-4,0.65,0.67,0.65,2288
2025-05-16,SB,4-5,0.23,0.25,0.22,1098
2025-05-16,SB,5-6,-0.08,-0.06,-0.08,479
2025-05-19,CC,1-2,595.0,600.0,478.0,3207
2025-05-19,CC,2-3,734.0,771.0,622.0,1791
2025-05-19,CC,3-4,737.0,773.0,660.0,1205
2025-05-19,CC,4-5,291.0,327.0,265.0,421
2025-05-19,CC,5-6,190.0,213.0,166.0,144
2025-05-19,CT,1-2,-2.7,-2.61,-2.79,5556
2025-05-19,CT,2-3,-1.35,-1.29,-1.38,1652
2025-05-19,CT,3-4,-0.95,-0.91,-0.97,542
2025-05-19,CT,4-5,-0.54,-0.54,-0.63,126
2025-05-19,CT,5-6,2.73,3.02,2.57,84
2025-05-19,KC,1-2,1.45,1.85,1.3,26
2025-05-19,KC,2-3,3.25,3.55,3.05,2874
2025-05-19,KC,3-4,5.6,5.9,5.0,1795
2025-05-19,KC,4-5,6.15,6.4,5.75,740
2025-05-19,KC,5-6,8.15,8.4,7.95,168
2025-05-19,SB,1-2,-0.2,-0.17,-0.2,10403
2025-05-19,SB,2-3,-0.4,-0.37,-0.4,5823
2025-05-19,SB,3-4,0.62,0.68,0.62,2145
2025-05-19,SB,4-5,0.22,0.25,0.21,1565
2025-05-19,SB,5-6,-0.08,-0.07,-0.08,580
2025-05-20,CC,1-2,514.0,608.0,486.0,3659
2025-05-20,CC,2-3,646.0,791.0,615.0,2180
2025-05-20,CC,3-4,642.0,789.0,624.0,1853
2025-05-20,CC,4-5,290.0,338.0,274.0,502
2025-05-20,CC,5-6,194.0,214.0,181.0,209
2025-05-20,CT,1-2,-2.62,-2.58,-2.76,5739
2025-05-20,CT,2-3,-1.36,-1.31,-1.38,1654
2025-05-20,CT,3-4,-0.95,-0.9,-0.97,670
2025-05-20,CT,4-5,-0.51,-0.45,-0.57,214
2025-05-20,CT,5-6,3.0,3.04,2.87,188
2025-05-20,KC,1-2,2.9,3.6,2.9,3122
2025-05-20,KC,2-3,5.05,6.0,5.0,1469
2025-05-20,KC,3-4,5.65,6.5,5.6,630
2025-05-20,KC,4-5,7.9,8.55,7.85,123
2025-05-20,KC,5-6,11.1,11.95,11.1,76
2025-05-20,SB,1-2,-0.19,-0.17,-0.2,7907
2025-05-20,SB,2-3,-0.41,-0.38,-0.41,5641
2025-05-20,SB,3-4,0.61,0.64,0.61,1816
2025-05-20,SB,4-5,0.22,0.24,0.21,814
2025-05-20,SB,5-6,-0.08,-0.06,-0.09,931
2025-05-21,CC,1-2,505.0,525.0,477.0,2600
2025-05-21,CC,2-3,608.0,647.0,551.0,1808
2025-05-21,CC,3-4,646.0,687.0,590.0,1529
2025-05-21,CC,4-5,304.0,312.0,253.0,491
2025-05-21,CC,5-6,196.0,205.0,166.0,201
2025-05-21,CT,1-2,-2.64,-2.52,-2.7,4974
2025-05-21,CT,2-3,-1.38,-1.34,-1.38,1030
2025-05-21,CT,3-4,-0.94,-0.92,-0.97,301
2025-05-21,CT,4-5,-0.5,-0.49,-0.51,19
2025-05-21,CT,5-6,2.89,,,
2025-05-21,KC,1-2,2.85,3.25,2.75,2880
2025-05-21,KC,2-3,5.05,5.25,4.85,2090
2025-05-21,KC,3-4,5.75,6.05,5.6,657
2025-05-21,KC,4-5,7.85,8.0,7.8,136
2025-05-21,KC,5-6,10.95,11.3,10.95,113
2025-05-21,SB,1-2,-0.16,-0.16,-0.19,8557
2025-05-21,SB,2-3,-0.39,-0.38,-0.41,4014
2025-05-21,SB,3-4,0.64,0.65,0.61,1506
2025-05-21,SB,4-5,0.25,0.25,0.22,2111
2025-05-21,SB,5-6,-0.07,-0.06,-0.09,1018
2025-05-22,CC,1-2,473.0,509.0,444.0,2290
2025-05-22,CC,2-3,533.0,594.0,507.0,1780
2025-05-22,CC,3-4,586.0,647.0,572.0,1275
2025-05-22,CC,4-5,276.0,303.0,261.0,316
2025-05-22,CC,5-6,177.0,195.0,172.0,133
2025-05-22,CT,1-2,-2.63,-2.58,-2.69,5635
2025-05-22,CT,2-3,-1.37,-1.33,-1.4,1673
2025-05-22,CT,3-4,-0.91,-0.87,-0.97,810
2025-05-22,CT,4-5,-0.46,-0.41,-0.53,214
2025-05-22,CT,5-6,2.7,2.81,2.65,34
2025-05-22,KC,1-2,2.1,2.85,2.05,5876
2025-05-22,KC,2-3,4.45,5.25,4.3,3150
2025-05-22,KC,3-4,5.1,5.95,5.0,1057
2025-05-22,KC,4-5,7.55,7.9,7.5,249
2025-05-22,KC,5-6,10.55,11.0,10.5,76
2025-05-22,SB,1-2,-0.2,-0.16,-0.21,12256
2025-05-22,SB,2-3,-0.43,-0.39,-0.44,8385
2025-05-22,SB,3-4,0.6,0.64,0.59,2889
2025-05-22,SB,4-5,0.26,0.26,0.23,5253
2025-05-22,SB,5-6,-0.09,-0.06,-0.1,2033
2025-05-23,CC,1-2,517.0,570.0,425.0,3928
2025-05-23,CC,2-3,493.0,566.0,480.0,2774
2025-05-23,CC,3-4,509.0,608.0,490.0,1861
2025-05-23,CC,4-5,199.0,284.0,182.0,664
2025-05-23,CC,5-6,115.0,188.0,110.0,306
2025-05-23,CT,1-2,-2.52,-2.4,-2.69,6027
2025-05-23,CT,2-3,-1.37,-1.3,-1.38,2218
2025-05-23,CT,3-4,-0.95,-0.87,-0.96,1415
2025-05-23,CT,4-5,-0.64,-0.39,-0.65,712
2025-05-23,CT,5-6,2.88,2.9,2.66,114
2025-05-23,KC,1-2,2.3,2.45,2.05,3462
2025-05-23,KC,2-3,4.6,4.8,4.45,1744
2025-05-23,KC,3-4,5.45,5.6,5.1,564
2025-05-23,KC,4-5,7.55,7.65,7.35,163
2025-05-23,KC,5-6,10.5,10.75,10.35,162
2025-05-23,SB,1-2,-0.2,-0.19,-0.21,9796
2025-05-23,SB,2-3,-0.44,-0.42,-0.44,5029
2025-05-23,SB,3-4,0.58,0.6,0.57,2717
2025-05-23,SB,4-5,0.22,0.26,0.21,2675
2025-05-23,SB,5-6,-0.11,-0.08,-0.12,2665
2025-05-27,CC,1-2,482.0,570.0,460.0,3434
2025-05-27,CC,2-3,506.0,531.0,449.0,2949
2025-05-27,CC,3-4,464.0,539.0,452.0,1867
2025-05-27,CC,4-5,142.0,194.0,132.0,688
2025-05-27,CC,5-6,83.0,121.0,72.0,626
2025-05-27,CT,1-2,-2.75,-2.36,-2.83,7039
2025-05-27,CT,2-3,-1.49,-1.34,-1.5,2073
2025-05-27,CT,3-4,-1.07,-0.92,-1.07,1209
2025-05-27,CT,4-5,-0.63,-0.53,-0.65,784
2025-05-27,CT,5-6,2.9,3.0,2.89,92
2025-05-27,KC,1-2,2.25,2.4,2.15,3787
2025-05-27,KC,2-3,4.35,4.8,4.25,2290
2025-05-27,KC,3-4,5.25,5.8,5.05,982
2025-05-27,KC,4-5,7.75,8.1,7.55,315
2025-05-27,KC,5-6,10.9,11.25,10.4,202
2025-05-27,SB,1-2,-0.19,-0.17,-0.2,16408
2025-05-27,SB,2-3,-0.45,-0.42,-0.46,5489
2025-05-27,SB,3-4,0.56,0.6,0.55,2675
2025-05-27,SB,4-5,0.2,0.24,0.19,1748
2025-05-27,SB,5-6,-0.12,-0.1,-0.13,890
2025-05-28,CC,1-2,503.0,535.0,425.0,5295
2025-05-28,CC,2-3,509.0,551.0,465.0,2118
2025-05-28,CC,3-4,428.0,485.0,399.0,1745
2025-05-28,CC,4-5,127.0,154.0,106.0,503
2025-05-28,CC,5-6,78.0,92.0,68.0,202
2025-05-28,CT,1-2,-2.77,-2.65,-2.94,8056
2025-05-28,CT,2-3,-1.48,-1.43,-1.55,1804
2025-05-28,CT,3-4,-1.07,-1.05,-1.12,1137
2025-05-28,CT,4-5,-0.71,-0.63,-0.72,554
2025-05-28,CT,5-6,2.76,2.9,2.76,53
2025-05-28,KC,1-2,2.1,2.45,2.0,5596
2025-05-28,KC,2-3,4.2,4.55,4.1,2485
2025-05-28,KC,3-4,5.0,5.2,4.8,1419
2025-05-28,KC,4-5,7.1,7.75,7.05,429
2025-05-28,KC,5-6,9.85,11.0,9.85,294
2025-05-28,SB,1-2,-0.22,-0.17,-0.22,13649
2025-05-28,SB,2-3,-0.47,-0.45,-0.48,8380
2025-05-28,SB,3-4,0.48,0.56,0.48,8081
2025-05-28,SB,4-5,0.16,0.21,0.14,4375
2025-05-28,SB,5-6,-0.16,-0.12,-0.17,1875
2025-05-29,CC,1-2,508.0,516.0,444.0,4776
2025-05-29,CC,2-3,483.0,527.0,430.0,4071
2025-05-29,CC,3-4,348.0,425.0,320.0,2311
2025-05-29,CC,4-5,110.0,134.0,94.0,747
2025-05-29,CC,5-6,61.0,76.0,55.0,368
2025-05-29,CT,1-2,-2.92,-2.71,-2.96,6401
2025-05-29,CT,2-3,-1.53,-1.45,-1.55,1195
2025-05-29,CT,3-4,-1.08,-1.03,-1.1,505
2025-05-29,CT,4-5,-0.76,-0.64,-0.77,284
2025-05-29,CT,5-6,2.67,2.93,2.64,7
2025-05-29,KC,1-2,2.8,3.2,2.3,4818
2025-05-29,KC,2-3,4.35,5.0,4.3,3232
2025-05-29,KC,3-4,4.9,5.35,4.8,1233
2025-05-29,KC,4-5,6.95,7.2,6.9,201
2025-05-29,KC,5-6,9.85,10.45,9.85,119
2025-05-29,SB,1-2,-0.19,-0.18,-0.22,23489
2025-05-29,SB,2-3,-0.48,-0.45,-0.49,7938
2025-05-29,SB,3-4,0.48,0.49,0.46,5358
2025-05-29,SB,4-5,0.16,0.18,0.14,2598
2025-05-29,SB,5-6,-0.15,-0.15,-0.17,1283
2025-05-30,CC,1-2,571.0,604.0,490.0,3881
2025-05-30,CC,2-3,666.0,679.0,503.0,2462
2025-05-30,CC,3-4,497.0,502.0,375.0,1488
2025-05-30,CC,4-5,179.0,199.0,113.0,790
2025-05-30,CC,5-6,101.0,104.0,66.0,329
2025-05-30,CT,1-2,-2.69,-2.67,-2.96,7665
2025-05-30,CT,2-3,-1.47,-1.46,-1.55,1295
2025-05-30,CT,3-4,-1.05,-1.03,-1.1,446
2025-05-30,CT,4-5,-0.67,-0.65,-0.76,248
2025-05-30,CT,5-6,2.55,2.7,2.5,42
2025-05-30,KC,1-2,2.65,3.0,2.25,6178
2025-05-30,KC,2-3,4.15,4.55,4.1,2296
2025-05-30,KC,3-4,4.6,4.95,4.45,1516
2025-05-30,KC,4-5,6.75,7.1,6.75,530
2025-05-30,KC,5-6,9.9,10.35,9.7,170
2025-05-30,SB,1-2,-0.18,-0.17,-0.2,17078
2025-05-30,SB,2-3,-0.46,-0.44,-0.48,5044
2025-05-30,SB,3-4,0.49,0.5,0.47,2776
2025-05-30,SB,4-5,0.17,0.18,0.16,2191
2025-05-30,SB,5-6,-0.13,-0.12,-0.16,1297
2025-06-02,CC,1-2,587.0,662.0,569.0,4221
2025-06-02,CC,2-3,597.0,770.0,581.0,2328
2025-06-02,CC,3-4,434.0,544.0,420.0,1355
2025-06-02,CC,4-5,133.0,198.0,124.0,547
2025-06-02,CC,5-6,75.0,109.0,69.0,308
2025-06-02,CT,1-2,-2.56,-2.24,-2.72,18166
2025-06-02,CT,2-3,-1.42,-1.32,-1.47,2932
2025-06-02,CT,3-4,-1.0,-0.93,-1.03,1179
2025-06-02,CT,4-5,-0.59,-0.53,-0.67,445
2025-06-02,CT,5-6,2.81,2.85,2.52,169
2025-06-02,KC,1-2,2.65,3.05,2.5,5671
2025-06-02,KC,2-3,4.8,5.0,4.2,3327
2025-06-02,KC,3-4,4.85,5.0,4.55,1538
2025-06-02,KC,4-5,6.75,6.85,6.7,454
2025-06-02,KC,5-6,10.0,10.4,9.75,168
2025-06-02,SB,1-2,-0.21,-0.16,-0.22,21136
2025-06-02,SB,2-3,-0.46,-0.43,-0.47,7538
2025-06-02,SB,3-4,0.46,0.52,0.45,3205
2025-06-02,SB,4-5,0.14,0.19,0.13,3011
2025-06-02,SB,5-6,-0.15,-0.11,-0.15,1059
2025-06-03,CC,1-2,617.0,679.0,588.0,4042
2025-06-03,CC,2-3,671.0,697.0,575.0,2079
2025-06-03,CC,3-4,509.0,539.0,410.0,1309
2025-06-03,CC,4-5,158.0,168.0,115.0,293
2025-06-03,CC,5-6,91.0,97.0,73.0,118
2025-06-03,CT,1-2,-2.48,-2.29,-2.64,12229
2025-06-03,CT,2-3,-1.42,-1.4,-1.45,2102
2025-06-03,CT,3-4,-1.01,-0.96,-1.02,926
2025-06-03,CT,4-5,-0.72,-0.61,-0.74,397
2025-06-03,CT,5-6,2.6,2.62,2.23,80
2025-06-03,KC,1-2,2.25,2.7,2.15,5668
2025-06-03,KC,2-3,4.35,4.8,4.2,2113
2025-06-03,KC,3-4,4.6,4.85,4.35,1685
2025-06-03,KC,4-5,6.25,6.75,5.95,679
2025-06-03,KC,5-6,9.55,10.15,9.45,194
2025-06-03,SB,1-2,-0.25,-0.21,-0.26,25813
2025-06-03,SB,2-3,-0.45,-0.44,-0.49,14205
2025-06-03,SB,3-4,0.46,0.49,0.42,6401
2025-06-03,SB,4-5,0.14,0.17,0.1,3592
2025-06-03,SB,5-6,-0.12,-0.11,-0.16,1427
2025-06-04,CC,1-2,670.0,687.0,622.0,4518
2025-06-04,CC,2-3,712.0,720.0,607.0,1883
2025-06-04,CC,3-4,554.0,565.0,451.0,837
2025-06-04,CC,4-5,176.0,183.0,146.0,346
2025-06-04,CC,5-6,102.0,105.0,81.0,146
2025-06-04,CT,1-2,-2.78,-2.42,-2.88,9589
2025-06-04,CT,2-3,-1.47,-1.41,-1.48,1661
2025-06-04,CT,3-4,-1.03,-1.01,-1.05,741
2025-06-04,CT,4-5,-0.8,-0.72,-0.83,339
2025-06-04,CT,5-6,2.3,2.65,2.23,18
2025-06-04,KC,1-2,2.3,2.65,2.2,5805
2025-06-04,KC,2-3,4.4,4.75,4.25,2999
2025-06-04,KC,3-4,4.55,4.7,4.2,1879
2025-06-04,KC,4-5,5.65,6.15,5.4,575
2025-06-04,KC,5-6,9.15,9.55,8.9,282
2025-06-04,SB,1-2,-0.28,-0.2,-0.28,27351
2025-06-04,SB,2-3,-0.48,-0.43,-0.48,12081
2025-06-04,SB,3-4,0.46,0.5,0.45,2246
2025-06-04,SB,4-5,0.15,0.18,0.14,2314
2025-06-04,SB,5-6,-0.13,-0.11,-0.14,1110
2025-06-05,CC,1-2,799.0,868.0,661.0,5380
2025-06-05,CC,2-3,709.0,790.0,670.0,2257
2025-06-05,CC,3-4,561.0,609.0,519.0,1066
2025-06-05,CC,4-5,177.0,186.0,148.0,336
2025-06-05,CC,5-6,109.0,112.0,91.0,125
2025-06-05,CT,1-2,-2.62,-2.55,-2.85,13558
2025-06-05,CT,2-3,-1.45,-1.4,-1.49,2140
2025-06-05,CT,3-4,-1.02,-1.0,-1.06,745
2025-06-05,CT,4-5,-0.84,-0.77,-0.85,348
2025-06-05,CT,5-6,2.51,2.58,2.38,27
2025-06-05,KC,1-2,2.55,2.85,2.25,7463
2025-06-05,KC,2-3,4.75,5.3,4.6,3402
2025-06-05,KC,3-4,4.8,5.2,4.6,1910
2025-06-05,KC,4-5,6.15,6.4,5.4,826
2025-06-05,KC,5-6,10.45,10.9,8.85,331
2025-06-05,SB,1-2,-0.31,-0.25,-0.33,36979
2025-06-05,SB,2-3,-0.51,-0.47,-0.52,12856
2025-06-05,SB,3-4,0.41,0.47,0.4,4147
2025-06-05,SB,4-5,0.13,0.16,0.11,2355
2025-06-05,SB,5-6,-0.15,-0.13,-0.16,1144
2025-06-06,CC,1-2,817.0,969.0,786.0,6254
2025-06-06,CC,2-3,679.0,762.0,656.0,3155
2025-06-06,CC,3-4,574.0,651.0,527.0,1119
2025-06-06,CC,4-5,195.0,237.0,161.0,643
2025-06-06,CC,5-6,127.0,148.0,91.0,502
2025-06-06,CT,1-2,-2.59,-2.4,-2.63,15318
2025-06-06,CT,2-3,-1.48,-1.41,-1.5,2701
2025-06-06,CT,3-4,-1.1,-1.01,-1.11,894
2025-06-06,CT,4-5,-0.89,-0.78,-0.92,446
2025-06-06,CT,5-6,2.48,2.54,2.4,223
2025-06-06,KC,1-2,2.6,4.0,2.5,13183
2025-06-06,KC,2-3,4.55,5.6,4.4,4525
2025-06-06,KC,3-4,4.65,5.3,4.6,3039
2025-06-06,KC,4-5,5.9,6.9,5.65,1182
2025-06-06,KC,5-6,10.15,12.05,10.0,500
2025-06-06,SB,1-2,-0.37,-0.28,-0.38,54498
2025-06-06,SB,2-3,-0.53,-0.5,-0.53,17129
2025-06-06,SB,3-4,0.42,0.44,0.38,3713
2025-06-06,SB,4-5,0.15,0.17,0.12,2849
2025-06-06,SB,5-6,-0.15,-0.14,-0.17,791
2025-06-09,CC,1-2,718.0,839.0,673.0,4654
2025-06-09,CC,2-3,698.0,733.0,638.0,1853
2025-06-09,CC,3-4,584.0,611.0,528.0,972
2025-06-09,CC,4-5,187.0,198.0,163.0,387
2025-06-09,CC,5-6,120.0,126.0,99.0,205
2025-06-09,CT,1-2,-2.36,-2.3,-2.58,22076
2025-06-09,CT,2-3,-1.37,-1.34,-1.5,4444
2025-06-09,CT,3-4,-1.08,-1.03,-1.12,1307
2025-06-09,CT,4-5,-0.84,-0.8,-0.95,469
2025-06-09,CT,5-6,2.56,2.62,2.45,49
2025-06-09,KC,1-2,2.15,2.85,2.05,11969
2025-06-09,KC,2-3,5.9,6.35,4.7,4126
2025-06-09,KC,3-4,5.35,5.6,4.95,1385
2025-06-09,KC,4-5,6.45,6.75,6.1,495
2025-06-09,KC,5-6,10.3,10.75,9.85,201
2025-06-09,SB,1-2,-0.34,-0.32,-0.38,58934
2025-06-09,SB,2-3,-0.51,-0.49,-0.53,15149
2025-06-09,SB,3-4,0.45,0.46,0.42,3751
2025-06-09,SB,4-5,0.18,0.19,0.15,2554
2025-06-09,SB,5-6,-0.13,-0.12,-0.15,692
2025-06-10,CC,1-2,572.0,729.0,486.0,6661
2025-06-10,CC,2-3,623.0,724.0,600.0,2111
2025-06-10,CC,3-4,525.0,609.0,497.0,1306
2025-06-10,CC,4-5,166.0,198.0,158.0,458
2025-06-10,CC,5-6,98.0,126.0,96.0,204
2025-06-10,CT,1-2,-2.29,-2.09,-2.36,23143
2025-06-10,CT,2-3,-1.35,-1.28,-1.36,4716
2025-06-10,CT,3-4,-1.1,-1.04,-1.11,1386
2025-06-10,CT,4-5,-0.88,-0.8,-0.89,369
2025-06-10,CT,5-6,2.2,2.5,2.2,101
2025-06-10,KC,1-2,2.0,2.3,1.8,12569
2025-06-10,KC,2-3,5.5,6.5,5.3,3781
2025-06-10,KC,3-4,4.85,5.7,4.75,2440
2025-06-10,KC,4-5,5.9,6.75,5.8,956
2025-06-10,KC,5-6,10.35,11.1,10.05,357
2025-06-10,SB,1-2,-0.37,-0.3,-0.39,54869
2025-06-10,SB,2-3,-0.51,-0.48,-0.53,14453
2025-06-10,SB,3-4,0.41,0.48,0.39,4548
2025-06-10,SB,4-5,0.17,0.2,0.16,3383
2025-06-10,SB,5-6,-0.14,-0.12,-0.15,1043
2025-06-11,CC,1-2,480.0,579.0,425.0,4936
2025-06-11,CC,2-3,608.0,627.0,535.0,1751
2025-06-11,CC,3-4,528.0,538.0,450.0,1177
2025-06-11,CC,4-5,180.0,203.0,152.0,566
2025-06-11,CC,5-6,112.0,125.0,87.0,317
2025-06-11,CT,1-2,-2.18,-2.17,-2.38,18998
2025-06-11,CT,2-3,-1.35,-1.31,-1.39,4788
2025-06-11,CT,3-4,-1.09,-1.04,-1.12,1406
2025-06-11,CT,4-5,-0.89,-0.84,-0.9,403
2025-06-11,CT,5-6,2.01,2.34,1.98,185
2025-06-11,KC,1-2,2.05,2.3,1.9,8984
2025-06-11,KC,2-3,5.15,5.8,5.05,1925
2025-06-11,KC,3-4,4.85,5.2,4.8,1296
2025-06-11,KC,4-5,5.65,6.05,5.6,375
2025-06-11,KC,5-6,10.15,10.7,10.05,138
2025-06-11,SB,1-2,-0.39,-0.36,-0.42,53627
2025-06-11,SB,2-3,-0.53,-0.51,-0.54,20030
2025-06-11,SB,3-4,0.37,0.41,0.36,5753
2025-06-11,SB,4-5,0.13,0.17,0.12,3628
2025-06-11,SB,5-6,-0.17,-0.13,-0.17,2005
2025-06-12,CC,1-2,619.0,642.0,465.0,3764
2025-06-12,CC,2-3,693.0,702.0,614.0,1827
2025-06-12,CC,3-4,557.0,571.0,501.0,806
2025-06-12,CC,4-5,195.0,202.0,178.0,284
2025-06-12,CC,5-6,114.0,121.0,106.0,112
2025-06-12,CT,1-2,-2.33,-2.13,-2.4,18639
2025-06-12,CT,2-3,-1.32,-1.28,-1.39,3470
2025-06-12,CT,3-4,-1.08,-1.06,-1.1,841
2025-06-12,CT,4-5,-0.92,-0.87,-0.93,287
2025-06-12,CT,5-6,1.89,2.04,1.8,53
2025-06-12,KC,1-2,2.5,2.65,1.85,12050
2025-06-12,KC,2-3,5.2,5.6,4.8,2464
2025-06-12,KC,3-4,4.9,5.15,4.7,1247
2025-06-12,KC,4-5,5.65,5.9,5.55,348
2025-06-12,KC,5-6,10.05,10.35,9.55,305
2025-06-12,SB,1-2,-0.43,-0.35,-0.45,50513
2025-06-12,SB,2-3,-0.53,-0.52,-0.55,14002
2025-06-12,SB,3-4,0.41,0.42,0.36,5884
2025-06-12,SB,4-5,0.15,0.16,0.11,4075
2025-06-12,SB,5-6,-0.17,-0.16,-0.19,1847
2025-06-13,CC,1-2,816.0,831.0,600.0,2448
2025-06-13,CC,2-3,619.0,677.0,615.0,1772
2025-06-13,CC,3-4,494.0,553.0,489.0,737
2025-06-13,CC,4-5,153.0,198.0,151.0,391
2025-06-13,CC,5-6,87.0,109.0,87.0,195
2025-06-13,CT,1-2,-2.48,-2.27,-2.62,12783
2025-06-13,CT,2-3,-1.22,-1.16,-1.33,4957
2025-06-13,CT,3-4,-1.07,-1.02,-1.09,1449
2025-06-13,CT,4-5,-0.89,-0.85,-0.95,573
2025-06-13,CT,5-6,2.04,2.28,1.8,121
2025-06-13,KC,1-2,3.7,4.25,2.0,8469
2025-06-13,KC,2-3,5.0,5.35,4.3,5092
2025-06-13,KC,3-4,4.7,4.85,4.4,2227
2025-06-13,KC,4-5,5.45,5.65,5.25,766
2025-06-13,KC,5-6,9.55,9.85,9.15,408
2025-06-13,SB,1-2,-0.44,-0.39,-0.45,32441
2025-06-13,SB,2-3,-0.56,-0.53,-0.57,10531
2025-06-13,SB,3-4,0.4,0.43,0.38,2873
2025-06-13,SB,4-5,0.14,0.18,0.13,2622
2025-06-13,SB,5-6,-0.18,-0.15,-0.19,1567
2025-06-16,CC,1-2,776.0,871.0,712.0,2252
2025-06-16,CC,2-3,737.0,756.0,580.0,2569
2025-06-16,CC,3-4,567.0,576.0,484.0,986
2025-06-16,CC,4-5,198.0,202.0,155.0,456
2025-06-16,CC,5-6,115.0,117.0,93.0,268
2025-06-16,CT,1-2,-2.58,-2.46,-2.78,9252
2025-06-16,CT,2-3,-1.19,-1.15,-1.22,5386
2025-06-16,CT,3-4,-1.05,-1.03,-1.07,581
2025-06-16,CT,4-5,-0.86,-0.84,-0.88,318
2025-06-16,CT,5-6,2.22,2.27,2.13,138
2025-06-16,KC,1-2,3.7,4.55,3.5,4440
2025-06-16,KC,2-3,5.0,5.15,4.75,2715
2025-06-16,KC,3-4,4.55,4.7,4.4,1263
2025-06-16,KC,4-5,5.25,5.5,5.2,456
2025-06-16,KC,5-6,9.1,10.0,9.0,242
2025-06-16,SB,1-2,-0.42,-0.42,-0.47,33737
2025-06-16,SB,2-3,-0.57,-0.56,-0.6,14229
2025-06-16,SB,3-4,0.44,0.46,0.36,3638
2025-06-16,SB,4-5,0.18,0.19,0.11,3559
2025-06-16,SB,5-6,-0.14,-0.14,-0.2,1437
2025-06-17,CC,1-2,805.0,861.0,750.0,1861
2025-06-17,CC,2-3,701.0,843.0,663.0,2529
2025-06-17,CC,3-4,571.0,615.0,550.0,912
2025-06-17,CC,4-5,188.0,217.0,181.0,323
2025-06-17,CC,5-6,105.0,127.0,102.0,131
2025-06-17,CT,1-2,-2.5,-2.47,-2.68,7805
2025-06-17,CT,2-3,-1.19,-1.18,-1.23,3908
2025-06-17,CT,3-4,-1.04,-1.04,-1.06,742
2025-06-17,CT,4-5,-0.86,-0.84,-0.87,220
2025-06-17,CT,5-6,1.84,2.2,1.8,100
2025-06-17,KC,1-2,3.4,4.65,3.25,3944
2025-06-17,KC,2-3,4.25,5.1,4.1,4598
2025-06-17,KC,3-4,4.1,4.6,4.05,2363
2025-06-17,KC,4-5,5.15,5.35,5.0,713
2025-06-17,KC,5-6,8.55,9.4,8.2,375
2025-06-17,SB,1-2,-0.43,-0.39,-0.45,22374
2025-06-17,SB,2-3,-0.59,-0.57,-0.63,14222
2025-06-17,SB,3-4,0.41,0.45,0.37,4462
2025-06-17,SB,4-5,0.13,0.17,0.12,2497
2025-06-17,SB,5-6,-0.2,-0.15,-0.21,2098
2025-06-18,CC,1-2,877.0,899.0,806.0,1721
2025-06-18,CC,2-3,676.0,716.0,660.0,2743
2025-06-18,CC,3-4,494.0,574.0,479.0,1878
2025-06-18,CC,4-5,162.0,201.0,144.0,1042
2025-06-18,CC,5-6,104.0,113.0,78.0,459
2025-06-18,CT,1-2,-1.83,-1.76,-2.58,9794
2025-06-18,CT,2-3,-1.18,-1.17,-1.23,3834
2025-06-18,CT,3-4,-1.04,-1.03,-1.1,1753
2025-06-18,CT,4-5,-0.89,-0.85,-0.91,791
2025-06-18,CT,5-6,1.65,1.86,1.57,494
2025-06-18,KC,1-2,2.6,4.1,-2.25,4859
2025-06-18,KC,2-3,4.5,4.6,3.55,4952
2025-06-18,KC,3-4,4.15,4.25,3.55,2697
2025-06-18,KC,4-5,5.05,5.2,4.8,1034
2025-06-18,KC,5-6,8.25,8.8,8.05,427
2025-06-18,SB,1-2,-0.43,-0.4,-0.43,19124
2025-06-18,SB,2-3,-0.63,-0.6,-0.64,10487
2025-06-18,SB,3-4,0.39,0.42,0.35,4299
2025-06-18,SB,4-5,0.1,0.13,0.07,4053
2025-06-18,SB,5-6,-0.2,-0.19,-0.24,1938
2025-06-20,CC,1-2,290.0,878.0,94.0,1490
2025-06-20,CC,2-3,578.0,666.0,575.0,5949
2025-06-20,CC,3-4,375.0,460.0,352.0,3456
2025-06-20,CC,4-5,115.0,148.0,100.0,1557
2025-06-20,CC,5-6,66.0,103.0,58.0,1180
2025-06-20,CT,1-2,-2.66,-1.91,-2.73,9507
2025-06-20,CT,2-3,-1.22,-1.15,-1.23,3672
2025-06-20,CT,3-4,-1.02,-0.97,-1.06,882
2025-06-20,CT,4-5,-0.85,-0.81,-0.91,309
2025-06-20,CT,5-6,1.71,1.92,1.52,45
2025-06-20,KC,1-2,4.0,4.4,-1.0,190
2025-06-20,KC,2-3,5.1,5.15,3.9,5991
2025-06-20,KC,3-4,4.45,4.55,3.75,2423
2025-06-20,KC,4-5,4.8,5.15,4.65,1102
2025-06-20,KC,5-6,7.55,8.35,7.25,445
2025-06-20,SB,1-2,-0.47,-0.42,-0.47,18613
2025-06-20,SB,2-3,-0.61,-0.59,-0.64,10588
2025-06-20,SB,3-4,0.42,0.43,0.38,5911
2025-06-20,SB,4-5,0.16,0.16,0.11,3697
2025-06-20,SB,5-6,-0.16,-0.16,-0.2,1450
2025-06-23,CC,1-2,655.0,700.0,9.0,402
2025-06-23,CC,2-3,609.0,646.0,578.0,2615
2025-06-23,CC,3-4,431.0,461.0,378.0,1170
2025-06-23,CC,4-5,141.0,151.0,118.0,583
2025-06-23,CC,5-6,88.0,90.0,62.0,265
2025-06-23,CT,1-2,-3.45,-2.47,-3.9,2863
2025-06-23,CT,2-3,-1.23,-1.14,-1.26,4655
2025-06-23,CT,3-4,-0.98,-0.89,-1.09,1322
2025-06-23,CT,4-5,-0.78,-0.71,-0.91,893
2025-06-23,CT,5-6,1.68,1.76,1.0,1183
2025-06-23,KC,1-2,3.75,4.85,3.5,37
2025-06-23,KC,2-3,5.95,6.0,4.75,4777
2025-06-23,KC,3-4,5.35,5.5,4.2,2155
2025-06-23,KC,4-5,5.5,5.55,4.65,1149
2025-06-23,KC,5-6,8.4,8.45,7.05,571
2025-06-23,SB,1-2,-0.53,-0.46,-0.53,25842
2025-06-23,SB,2-3,-0.63,-0.59,-0.65,7290
2025-06-23,SB,3-4,0.4,0.43,0.39,2184
2025-06-23,SB,4-5,0.16,0.17,0.14,1076
2025-06-23,SB,5-6,-0.17,-0.14,-0.17,523
2025-06-24,CC,1-2,673.0,710.0,70.0,153
2025-06-24,CC,2-3,681.0,705.0,592.0,1720
2025-06-24,CC,3-4,447.0,456.0,402.0,953
2025-06-24,CC,4-5,130.0,150.0,126.0,638
2025-06-24,CC,5-6,86.0,93.0,80.0,213
2025-06-24,CT,1-2,-1.78,-1.13,-3.45,36
2025-06-24,CT,2-3,-1.28,-1.19,-1.29,5208
2025-06-24,CT,3-4,-1.03,-0.91,-1.04,1679
2025-06-24,CT,4-5,-0.78,-0.67,-0.79,933
2025-06-24,CT,5-6,2.15,2.24,1.74,707
2025-06-24,KC,1-2,4.0,5.35,3.5,206
2025-06-24,KC,2-3,4.8,5.5,4.55,4693
2025-06-24,KC,3-4,4.5,5.2,4.4,2404
2025-06-24,KC,4-5,5.0,5.35,4.85,775
2025-06-24,KC,5-6,8.1,8.3,7.6,304
2025-06-24,SB,1-2,-0.59,-0.51,-0.6,24048
2025-06-24,SB,2-3,-0.68,-0.63,-0.69,12872
2025-06-24,SB,3-4,0.36,0.41,0.35,8753
2025-06-24,SB,4-5,0.12,0.16,0.11,2552
2025-06-24,SB,5-6,-0.21,-0.15,-0.21,1935
2025-06-25,CC,1-2,385.0,420.0,400.0,4
2025-06-25,CC,2-3,641.0,719.0,636.0,1623
2025-06-25,CC,3-4,448.0,501.0,437.0,917
2025-06-25,CC,4-5,124.0,149.0,121.0,607
2025-06-25,CC,5-6,81.0,92.0,78.0,188
2025-06-25,CT,1-2,-1.88,-1.6,-1.65,5
2025-06-25,CT,2-3,-1.29,-1.23,-1.32,5024
2025-06-25,CT,3-4,-0.99,-0.88,-1.03,1807
2025-06-25,CT,4-5,-0.74,-0.62,-0.78,1267
2025-06-25,CT,5-6,2.21,2.28,2.05,1306
2025-06-25,KC,1-2,4.15,5.85,3.7,34
2025-06-25,KC,2-3,5.7,6.05,4.65,7776
2025-06-25,KC,3-4,4.8,4.95,4.3,3876
2025-06-25,KC,4-5,4.7,5.25,4.55,965
2025-06-25,KC,5-6,7.35,8.35,7.1,391
2025-06-25,SB,1-2,-0.63,-0.57,-0.68,28111
2025-06-25,SB,2-3,-0.65,-0.64,-0.69,13116
2025-06-25,SB,3-4,0.39,0.4,0.35,5048
2025-06-25,SB,4-5,0.15,0.16,0.11,2790
2025-06-25,SB,5-6,-0.17,-0.16,-0.22,1422
2025-06-26,CC,1-2,320.0,400.0,320.0,9
2025-06-26,CC,2-3,706.0,710.0,630.0,2262
2025-06-26,CC,3-4,481.0,490.0,421.0,889
2025-06-26,CC,4-5,151.0,154.0,120.0,647
2025-06-26,CC,5-6,103.0,105.0,79.0,197
2025-06-26,CT,1-2,-1.73,-1.66,-4.65,2
2025-06-26,CT,2-3,-1.32,-1.24,-1.35,5255
2025-06-26,CT,3-4,-1.04,-0.89,-1.05,1297
2025-06-26,CT,4-5,-0.79,-0.62,-0.8,875
2025-06-26,CT,5-6,2.38,2.5,2.12,429
2025-06-26,KC,1-2,3.85,3.7,3.7,1
2025-06-26,KC,2-3,5.25,6.2,5.1,4157
2025-06-26,KC,3-4,5.05,5.55,4.85,2158
2025-06-26,KC,4-5,4.7,5.0,4.6,564
2025-06-26,KC,5-6,6.95,7.6,6.45,386
2025-06-26,SB,1-2,-0.77,-0.6,-0.86,24817
2025-06-26,SB,2-3,-0.69,-0.65,-0.7,15264
2025-06-26,SB,3-4,0.34,0.4,0.34,5112
2025-06-26,SB,4-5,0.09,0.15,0.08,2380
2025-06-26,SB,5-6,-0.22,-0.17,-0.22,1866
2025-06-27,CC,1-2,310.0,,,
2025-06-27,CC,2-3,652.0,740.0,620.0,2649
2025-06-27,CC,3-4,423.0,522.0,416.0,1202
2025-06-27,CC,4-5,129.0,168.0,125.0,594
2025-06-27,CC,5-6,88.0,119.0,84.0,226
2025-06-27,CT,1-2,-1.8,-1.66,-1.66,1
2025-06-27,CT,2-3,-1.28,-1.27,-1.34,3195
2025-06-27,CT,3-4,-0.99,-0.98,-1.08,1134
2025-06-27,CT,4-5,-0.75,-0.73,-0.82,960
2025-06-27,CT,5-6,2.59,2.63,2.22,568
2025-06-27,KC,1-2,6.15,6.5,3.95,57
2025-06-27,KC,2-3,6.35,6.45,5.25,3821
2025-06-27,KC,3-4,5.95,6.2,5.3,2375
2025-06-27,KC,4-5,5.0,5.45,4.7,1150
2025-06-27,KC,5-6,6.45,7.0,6.3,648
2025-06-27,SB,1-2,-0.9,-0.56,-0.99,8836
2025-06-27,SB,2-3,-0.66,-0.64,-0.69,11454
2025-06-27,SB,3-4,0.37,0.38,0.34,4956
2025-06-27,SB,4-5,0.11,0.13,0.09,3785
2025-06-27,SB,5-6,-0.2,-0.2,-0.22,1343
2025-06-30,CC,1-2,356.0,500.0,500.0,1
2025-06-30,CC,2-3,701.0,707.0,631.0,1664
2025-06-30,CC,3-4,439.0,469.0,413.0,847
2025-06-30,CC,4-5,126.0,145.0,118.0,612
2025-06-30,CC,5-6,86.0,95.0,77.0,109
2025-06-30,CT,1-2,-1.85,,,
2025-06-30,CT,2-3,-1.33,-1.27,-1.35,6027
2025-06-30,CT,3-4,-1.04,-0.97,-1.06,1583
2025-06-30,CT,4-5,-0.8,-0.74,-0.81,746
2025-06-30,CT,5-6,1.97,2.45,1.93,555
2025-06-30,KC,1-2,6.65,7.2,5.75,57
2025-06-30,KC,2-3,5.5,6.6,5.35,4025
2025-06-30,KC,3-4,5.6,6.5,5.45,1395
2025-06-30,KC,4-5,5.0,5.45,4.9,832
2025-06-30,KC,5-6,6.2,6.65,6.0,940
2025-06-30,SB,1-2,-0.72,-0.7,-1.7,4084
2025-06-30,SB,2-3,-0.74,-0.66,-0.75,14871
2025-06-30,SB,3-4,0.3,0.37,0.28,6556
2025-06-30,SB,4-5,0.05,0.11,0.04,3021
2025-06-30,SB,5-6,-0.25,-0.21,-0.26,1985
2025-07-01,CC,1-2,683.0,699.0,699.0,1
2025-07-01,CC,2-3,543.0,701.0,525.0,5516
2025-07-01,CC,3-4,330.0,449.0,325.0,2570
2025-07-01,CC,4-5,94.0,136.0,89.0,1561
2025-07-01,CC,5-6,64.0,92.0,62.0,389
2025-07-01,CT,1-2,-1.28,-1.22,-1.35,6208
2025-07-01,CT,2-3,-1.05,-0.98,-1.07,1342
2025-07-01,CT,3-4,-0.79,-0.74,-0.83,654
2025-07-01,CT,4-5,1.78,2.09,1.59,309
2025-07-01,CT,5-6,-0.9,-0.9,-0.9,4
2025-07-01,KC,1-2,6.9,7.4,5.25,75
2025-07-01,KC,2-3,5.8,6.15,5.35,5433
2025-07-01,KC,3-4,5.2,5.7,5.0,2658
2025-07-01,KC,4-5,4.75,5.0,4.55,1081
2025-07-01,KC,5-6,5.9,6.3,5.5,402
2025-07-01,SB,1-2,-0.78,-0.71,-0.81,22890
2025-07-01,SB,2-3,0.24,0.3,0.21,12729
2025-07-01,SB,3-4,-0.01,0.05,-0.03,6050
2025-07-01,SB,4-5,-0.29,-0.26,-0.31,5032
2025-07-01,SB,5-6,-0.55,-0.52,-0.56,1488
2025-07-02,CC,1-2,679.0,700.0,700.0,4
2025-07-02,CC,2-3,555.0,606.0,510.0,1981
2025-07-02,CC,3-4,298.0,393.0,291.0,1594
2025-07-02,CC,4-5,76.0,115.0,74.0,1007
2025-07-02,CC,5-6,53.0,82.0,52.0,377
2025-07-02,CT,1-2,-1.27,-1.24,-1.3,2775
2025-07-02,CT,2-3,-1.03,-1.02,-1.06,925
2025-07-02,CT,3-4,-0.78,-0.76,-0.8,541
2025-07-02,CT,4-5,1.87,1.91,1.67,345
2025-07-02,CT,5-6,-0.91,,,
2025-07-02,KC,1-2,6.75,7.3,5.8,9
2025-07-02,KC,2-3,5.85,6.25,5.2,4214
2025-07-02,KC,3-4,5.25,5.3,4.75,2380
2025-07-02,KC,4-5,4.65,4.8,4.5,793
2025-07-02,KC,5-6,5.4,5.95,5.2,356
2025-07-02,SB,1-2,-0.75,-0.71,-0.77,13357
2025-07-02,SB,2-3,0.24,0.27,0.21,6819
2025-07-02,SB,3-4,-0.04,0.02,-0.04,5652
2025-07-02,SB,4-5,-0.29,-0.28,-0.32,2718
2025-07-02,SB,5-6,-0.56,-0.53,-0.58,1080
2025-07-03,CC,1-2,679.0,,,
2025-07-03,CC,2-3,507.0,595.0,478.0,4028
2025-07-03,CC,3-4,213.0,312.0,192.0,2767
2025-07-03,CC,4-5,70.0,90.0,58.0,2266
2025-07-03,CC,5-6,53.0,60.0,40.0,999
2025-07-03,CT,1-2,-1.32,-1.21,-1.33,3875
2025-07-03,CT,2-3,-1.04,-0.98,-1.06,774
2025-07-03,CT,3-4,-0.77,-0.74,-0.79,572
2025-07-03,CT,4-5,1.99,2.04,1.81,369
2025-07-03,CT,5-6,-0.86,-0.85,-0.86,8
2025-07-03,KC,1-2,3.05,6.55,1.0,11
2025-07-03,KC,2-3,5.45,5.9,5.35,3406
2025-07-03,KC,3-4,5.35,5.65,4.85,1204
2025-07-03,KC,4-5,4.85,4.95,4.55,638
2025-07-03,KC,5-6,5.25,5.65,5.15,373
2025-07-03,SB,1-2,-0.68,-0.66,-0.76,20713
2025-07-03,SB,2-3,0.3,0.31,0.23,7031
2025-07-03,SB,3-4,0.02,0.04,-0.05,6092
2025-07-03,SB,4-5,-0.22,-0.22,-0.31,3059
2025-07-03,SB,5-6,-0.48,-0.47,-0.58,2263
2025-07-07,CC,1-2,679.0,,,
2025-07-07,CC,2-3,542.0,608.0,463.0,3419
2025-07-07,CC,3-4,207.0,243.0,174.0,2287
2025-07-07,CC,4-5,74.0,82.0,61.0,735
2025-07-07,CC,5-6,58.0,66.0,48.0,114
2025-07-07,CT,1-2,-1.37,-1.29,-1.38,4415
2025-07-07,CT,2-3,-1.04,-1.02,-1.07,864
2025-07-07,CT,3-4,-0.77,-0.74,-0.8,356
2025-07-07,CT,4-5,1.82,2.05,1.71,177
2025-07-07,CT,5-6,-0.89,,,
2025-07-07,KC,1-2,1.8,4.85,1.05,34
2025-07-07,KC,2-3,5.05,5.65,4.9,5593
2025-07-07,KC,3-4,4.85,5.6,4.75,2339
2025-07-07,KC,4-5,4.9,5.1,4.8,755
2025-07-07,KC,5-6,5.4,5.7,5.15,280
2025-07-07,SB,1-2,-0.73,-0.66,-0.75,16247
2025-07-07,SB,2-3,0.29,0.31,0.27,5263
2025-07-07,SB,3-4,0.03,0.05,,3143
2025-07-07,SB,4-5,-0.21,-0.21,-0.24,1927
2025-07-07,SB,5-6,-0.47,-0.46,-0.5,1353
2025-07-08,CC,1-2,670.0,,,
2025-07-08,CC,2-3,579.0,679.0,542.0,3549
2025-07-08,CC,3-4,194.0,254.0,179.0,2138
2025-07-08,CC,4-5,67.0,90.0,63.0,706
2025-07-08,CC,5-6,55.0,70.0,52.0,175
2025-07-08,CT,1-2,-1.37,-1.31,-1.41,3678
2025-07-08,CT,2-3,-1.06,-1.03,-1.08,944
2025-07-08,CT,3-4,-0.79,-0.76,-0.82,528
2025-07-08,CT,4-5,1.41,1.84,1.4,243
2025-07-08,CT,5-6,-0.88,,,
2025-07-08,KC,1-2,1.8,,,
2025-07-08,KC,2-3,5.15,5.8,5.05,6263
2025-07-08,KC,3-4,4.95,5.1,4.7,1992
2025-07-08,KC,4-5,4.95,5.05,4.85,446
2025-07-08,KC,5-6,5.6,5.65,5.35,135
2025-07-08,SB,1-2,-0.7,-0.68,-0.73,14418
2025-07-08,SB,2-3,0.26,0.3,0.25,2835
2025-07-08,SB,3-4,0.01,0.05,,2654
2025-07-08,SB,4-5,-0.23,-0.21,-0.24,1078
2025-07-08,SB,5-6,-0.49,-0.46,-0.5,830
2025-07-09,CC,1-2,670.0,700.0,700.0,2
2025-07-09,CC,2-3,700.0,722.0,570.0,2198
2025-07-09,CC,3-4,255.0,267.0,182.0,1678
2025-07-09,CC,4-5,87.0,90.0,63.0,794
2025-07-09,CC,5-6,67.0,68.0,54.0,149
2025-07-09,CT,1-2,-1.36,-1.29,-1.38,4171
2025-07-09,CT,2-3,-1.05,-1.03,-1.09,691
2025-07-09,CT,3-4,-0.8,-0.76,-0.85,663
2025-07-09,CT,4-5,1.52,1.67,1.34,502
2025-07-09,CT,5-6,-0.48,-0.45,-0.85,20
2025-07-09,KC,1-2,1.8,,,
2025-07-09,KC,2-3,5.0,5.25,5.0,5278
2025-07-09,KC,3-4,4.9,5.1,4.75,1731
2025-07-09,KC,4-5,4.9,5.0,4.8,460
2025-07-09,KC,5-6,5.55,5.8,5.45,252
2025-07-09,SB,1-2,-0.66,-0.65,-0.71,17340
2025-07-09,SB,2-3,0.29,0.32,0.26,8210
2025-07-09,SB,3-4,0.06,0.08,0.01,3934
2025-07-09,SB,4-5,-0.18,-0.18,-0.23,2806
2025-07-09,SB,5-6,-0.43,-0.42,-0.49,970
2025-07-10,CC,1-2,683.0,,,
2025-07-10,CC,2-3,658.0,744.0,627.0,2581
2025-07-10,CC,3-4,211.0,270.0,207.0,1958
2025-07-10,CC,4-5,54.0,83.0,49.0,1424
2025-07-10,CC,5-6,47.0,66.0,45.0,592
2025-07-10,CT,1-2,-1.33,-1.29,-1.36,2973
2025-07-10,CT,2-3,-1.06,-1.03,-1.07,518
2025-07-10,CT,3-4,-0.81,-0.76,-0.82,471
2025-07-10,CT,4-5,1.43,1.63,1.38,413
2025-07-10,CT,5-6,-0.55,,,
2025-07-10,KC,1-2,2.1,,,
2025-07-10,KC,2-3,5.7,6.95,5.5,9277
2025-07-10,KC,3-4,5.55,6.5,5.25,4079
2025-07-10,KC,4-5,5.15,5.4,4.95,1550
2025-07-10,KC,5-6,5.7,5.75,5.55,502
2025-07-10,SB,1-2,-0.69,-0.65,-0.7,14904
2025-07-10,SB,2-3,0.28,0.31,0.24,7390
2025-07-10,SB,3-4,0.06,0.09,0.03,4896
2025-07-10,SB,4-5,-0.18,-0.15,-0.21,3189
2025-07-10,SB,5-6,-0.41,-0.36,-0.46,3248
2025-07-11,CC,1-2,663.0,,,
2025-07-11,CC,2-3,726.0,764.0,640.0,3098
2025-07-11,CC,3-4,233.0,247.0,201.0,1540
2025-07-11,CC,4-5,59.0,64.0,46.0,925
2025-07-11,CC,5-6,60.0,63.0,45.0,295
2025-07-11,CT,1-2,-1.33,-1.29,-1.34,3243
2025-07-11,CT,2-3,-1.05,-1.03,-1.06,747
2025-07-11,CT,3-4,-0.79,-0.78,-0.82,533
2025-07-11,CT,4-5,1.31,1.49,1.19,215
2025-07-11,CT,5-6,-0.61,,,
2025-07-11,KC,1-2,2.1,,,
2025-07-11,KC,2-3,6.05,6.6,5.75,5642
2025-07-11,KC,3-4,5.7,6.1,5.55,2525
2025-07-11,KC,4-5,5.1,5.25,5.0,683
2025-07-11,KC,5-6,5.45,5.7,5.3,285
2025-07-11,SB,1-2,-0.68,-0.66,-0.69,8286
2025-07-11,SB,2-3,0.31,0.33,0.27,5592
2025-07-11,SB,3-4,0.11,0.11,0.06,2833
2025-07-11,SB,4-5,-0.14,-0.13,-0.18,1840
2025-07-11,SB,5-6,-0.37,-0.37,-0.41,1038
2025-07-14,CC,1-2,663.0,,,
2025-07-14,CC,2-3,719.0,797.0,689.0,1974
2025-07-14,CC,3-4,253.0,274.0,223.0,1082
2025-07-14,CC,4-5,83.0,85.0,53.0,817
2025-07-14,CC,5-6,84.0,85.0,58.0,515
2025-07-14,CT,1-2,-1.28,-1.25,-1.33,3155
2025-07-14,CT,2-3,-0.99,-0.99,-1.04,1049
2025-07-14,CT,3-4,-0.76,-0.74,-0.8,614
2025-07-14,CT,4-5,1.45,1.5,1.21,270
2025-07-14,CT,5-6,-0.59,-0.47,-0.51,10
2025-07-14,KC,1-2,3.85,3.6,3.6,12
2025-07-14,KC,2-3,7.0,7.8,6.05,6942
2025-07-14,KC,3-4,6.65,7.15,5.75,2701
2025-07-14,KC,4-5,5.6,5.7,5.1,1100
2025-07-14,KC,5-6,5.75,5.9,5.3,416
2025-07-14,SB,1-2,-0.7,-0.65,-0.71,11659
2025-07-14,SB,2-3,0.29,0.33,0.27,3691
2025-07-14,SB,3-4,0.08,0.12,0.06,2708
2025-07-14,SB,4-5,-0.18,-0.13,-0.2,1056
2025-07-14,SB,5-6,-0.41,-0.37,-0.42,529
2025-07-15,CC,1-2,683.0,,,
2025-07-15,CC,2-3,582.0,740.0,550.0,3249
2025-07-15,CC,3-4,182.0,253.0,163.0,2589
2025-07-15,CC,4-5,50.0,83.0,44.0,1407
2025-07-15,CC,5-6,58.0,83.0,57.0,508
2025-07-15,CT,1-2,-1.25,-1.2,-1.28,4626
2025-07-15,CT,2-3,-0.98,-0.95,-1.0,1501
2025-07-15,CT,3-4,-0.73,-0.7,-0.77,993
2025-07-15,CT,4-5,1.67,1.72,1.38,742
2025-07-15,CT,5-6,-0.53,,,
2025-07-15,KC,1-2,4.25,,,
2025-07-15,KC,2-3,7.1,7.45,6.55,3200
2025-07-15,KC,3-4,6.45,6.65,5.95,1659
2025-07-15,KC,4-5,5.65,5.75,5.1,518
2025-07-15,KC,5-6,5.85,5.95,5.4,369
2025-07-15,SB,1-2,-0.66,-0.65,-0.71,7423
2025-07-15,SB,2-3,0.31,0.33,0.27,2539
2025-07-15,SB,3-4,0.11,0.12,0.07,2402
2025-07-15,SB,4-5,-0.15,-0.15,-0.2,952
2025-07-15,SB,5-6,-0.37,-0.37,-0.41,574
2025-07-16,CC,1-2,683.0,,,
2025-07-16,CC,2-3,513.0,596.0,490.0,3246
2025-07-16,CC,3-4,143.0,183.0,130.0,2686
2025-07-16,CC,4-5,44.0,58.0,34.0,1436
2025-07-16,CC,5-6,50.0,61.0,44.0,524
2025-07-16,CT,1-2,-1.27,-1.24,-1.29,2093
2025-07-16,CT,2-3,-1.01,-0.96,-1.01,1186
2025-07-16,CT,3-4,-0.74,-0.71,-0.75,515
2025-07-16,CT,4-5,1.7,1.71,1.52,325
2025-07-16,CT,5-6,-0.52,,,
2025-07-16,KC,1-2,6.1,6.95,3.65,12
2025-07-16,KC,2-3,7.55,8.0,7.05,4418
2025-07-16,KC,3-4,7.3,7.4,6.5,1798
2025-07-16,KC,4-5,6.15,6.45,5.6,671
2025-07-16,KC,5-6,6.1,6.25,5.9,524
2025-07-16,SB,1-2,-0.67,-0.65,-0.68,5908
2025-07-16,SB,2-3,0.3,0.32,0.29,3012
2025-07-16,SB,3-4,0.1,0.13,0.08,2175
2025-07-16,SB,4-5,-0.15,-0.14,-0.17,1088
2025-07-16,SB,5-6,-0.39,-0.37,-0.4,547
2025-07-17,CC,1-2,546.0,584.0,451.0,5061
2025-07-17,CC,2-3,141.0,188.0,103.0,3848
2025-07-17,CC,3-4,41.0,53.0,36.0,2829
2025-07-17,CC,4-5,46.0,57.0,39.0,1411
2025-07-17,CC,5-6,63.0,79.0,54.0,697
2025-07-17,CT,1-2,-1.28,-1.23,-1.28,2404
2025-07-17,CT,2-3,-1.01,-0.98,-1.03,965
2025-07-17,CT,3-4,-0.72,-0.7,-0.75,444
2025-07-17,CT,4-5,1.77,1.77,1.54,239
2025-07-17,CT,5-6,-0.53,,,
2025-07-17,KC,1-2,5.3,,,
2025-07-17,KC,2-3,8.5,8.55,7.25,4654
2025-07-17,KC,3-4,7.8,7.85,7.05,2254
2025-07-17,KC,4-5,6.1,6.25,5.8,812
2025-07-17,KC,5-6,6.05,6.2,5.9,302
2025-07-17,SB,1-2,-0.65,-0.63,-0.67,8510
2025-07-17,SB,2-3,0.33,0.36,0.3,6690
2025-07-17,SB,3-4,0.13,0.14,0.1,4519
2025-07-17,SB,4-5,-0.13,-0.11,-0.15,1779
2025-07-17,SB,5-6,-0.37,-0.34,-0.39,1395
2025-07-18,CC,1-2,679.0,689.0,566.0,2857
2025-07-18,CC,2-3,216.0,221.0,145.0,1516
2025-07-18,CC,3-4,65.0,69.0,43.0,848
2025-07-18,CC,4-5,62.0,63.0,43.0,192
2025-07-18,CC,5-6,76.0,78.0,64.0,55
2025-07-18,CT,1-2,-1.3,-1.22,-1.37,3836
2025-07-18,CT,2-3,-1.03,-0.97,-1.05,1875
2025-07-18,CT,3-4,-0.73,-0.68,-0.79,883
2025-07-18,CT,4-5,1.74,1.9,1.5,549
2025-07-18,CT,5-6,-0.53,,,
2025-07-18,KC,1-2,5.3,,,
2025-07-18,KC,2-3,7.65,8.65,7.25,3400
2025-07-18,KC,3-4,7.25,7.85,6.95,1501
2025-07-18,KC,4-5,5.7,6.05,5.6,703
2025-07-18,KC,5-6,6.05,6.25,5.75,345
2025-07-18,SB,1-2,-0.61,-0.61,-0.66,13717
2025-07-18,SB,2-3,0.35,0.37,0.33,6448
2025-07-18,SB,3-4,0.14,0.17,0.13,4205
2025-07-18,SB,4-5,-0.13,-0.1,-0.14,2635
2025-07-18,SB,5-6,-0.36,-0.34,-0.37,952
2025-07-21,CC,1-2,732.0,754.0,647.0,3633
2025-07-21,CC,2-3,254.0,274.0,196.0,1962
2025-07-21,CC,3-4,79.0,89.0,51.0,761
2025-07-21,CC,4-5,72.0,74.0,45.0,389
2025-07-21,CC,5-6,83.0,87.0,55.0,233
2025-07-21,CT,1-2,-1.36,-1.29,-1.39,3489
2025-07-21,CT,2-3,-1.06,-1.0,-1.07,1253
2025-07-21,CT,3-4,-0.75,-0.71,-0.78,984
2025-07-21,CT,4-5,1.77,1.85,1.51,756
2025-07-21,CT,5-6,-0.56,,,
2025-07-21,KC,1-2,5.3,,,
2025-07-21,KC,2-3,7.05,7.9,6.8,3383
2025-07-21,KC,3-4,6.5,7.3,6.4,2159
2025-07-21,KC,4-5,5.15,5.7,5.05,1058
2025-07-21,KC,5-6,5.25,5.85,4.95,522
2025-07-21,SB,1-2,-0.66,-0.61,-0.67,8256
2025-07-21,SB,2-3,0.31,0.36,0.3,3593
2025-07-21,SB,3-4,0.08,0.15,0.07,2725
2025-07-21,SB,4-5,-0.18,-0.13,-0.19,1051
2025-07-21,SB,5-6,-0.41,-0.36,-0.41,645
2025-07-22,CC,1-2,636.0,744.0,624.0,3459
2025-07-22,CC,2-3,194.0,236.0,187.0,1693
2025-07-22,CC,3-4,70.0,78.0,59.0,649
2025-07-22,CC,4-5,68.0,73.0,62.0,283
2025-07-22,CC,5-6,84.0,87.0,78.0,77
2025-07-22,CT,1-2,-1.36,-1.3,-1.39,3641
2025-07-22,CT,2-3,-1.06,-1.04,-1.07,882
2025-07-22,CT,3-4,-0.77,-0.73,-0.77,499
2025-07-22,CT,4-5,1.76,1.84,1.64,304
2025-07-22,CT,5-6,-0.52,,,
2025-07-22,KC,1-2,7.65,8.0,6.75,3600
2025-07-22,KC,2-3,6.8,7.1,6.35,2210
2025-07-22,KC,3-4,5.4,5.5,5.05,1051
2025-07-22,KC,4-5,5.45,5.45,5.0,406
2025-07-22,KC,5-6,6.35,6.45,5.3,312
2025-07-22,SB,1-2,-0.62,-0.61,-0.67,11151
2025-07-22,SB,2-3,0.3,0.33,0.28,5617
2025-07-22,SB,3-4,0.1,0.11,0.06,4276
2025-07-22,SB,4-5,-0.19,-0.17,-0.2,1757
2025-07-22,SB,5-6,-0.44,-0.4,-0.45,1355
2025-07-23,CC,1-2,724.0,734.0,606.0,2598
2025-07-23,CC,2-3,272.0,279.0,186.0,1476
2025-07-23,CC,3-4,98.0,101.0,63.0,742
2025-07-23,CC,4-5,89.0,90.0,65.0,313
2025-07-23,CC,5-6,97.0,99.0,81.0,185
2025-07-23,CT,1-2,-1.39,-1.31,-1.4,1869
2025-07-23,CT,2-3,-1.1,-1.04,-1.11,1157
2025-07-23,CT,3-4,-0.77,-0.74,-0.78,580
2025-07-23,CT,4-5,1.82,1.85,1.68,351
2025-07-23,CT,5-6,-0.41,-0.39,-0.4,43
2025-07-23,KC,1-2,7.55,7.7,7.15,3452
2025-07-23,KC,2-3,7.0,7.05,6.7,1812
2025-07-23,KC,3-4,5.4,5.5,5.3,659
2025-07-23,KC,4-5,5.65,5.75,5.4,308
2025-07-23,KC,5-6,6.7,6.9,6.1,226
2025-07-23,SB,1-2,-0.63,-0.6,-0.64,14285
2025-07-23,SB,2-3,0.3,0.33,0.27,4726
2025-07-23,SB,3-4,0.11,0.13,0.06,2273
2025-07-23,SB,4-5,-0.17,-0.16,-0.22,2050
2025-07-23,SB,5-6,-0.46,-0.44,-0.47,1688
2025-07-24,CC,1-2,648.0,744.0,612.0,3047
2025-07-24,CC,2-3,225.0,279.0,214.0,1406
2025-07-24,CC,3-4,74.0,102.0,71.0,1105
2025-07-24,CC,4-5,79.0,91.0,74.0,448
2025-07-24,CC,5-6,87.0,98.0,77.0,188
2025-07-24,CT,1-2,-1.42,-1.34,-1.43,3385
2025-07-24,CT,2-3,-1.06,-1.03,-1.09,1917
2025-07-24,CT,3-4,-0.72,-0.72,-0.76,769
2025-07-24,CT,4-5,1.91,1.95,1.76,493
2025-07-24,CT,5-6,-0.34,-0.38,-0.4,3
2025-07-24,KC,1-2,7.85,8.25,7.4,4952
2025-07-24,KC,2-3,7.2,7.45,6.95,2050
2025-07-24,KC,3-4,5.6,5.8,5.4,791
2025-07-24,KC,4-5,5.7,5.9,5.65,248
2025-07-24,KC,5-6,6.65,7.0,6.55,148
2025-07-24,SB,1-2,-0.58,-0.55,-0.64,16682
2025-07-24,SB,2-3,0.31,0.33,0.29,4620
2025-07-24,SB,3-4,0.12,0.13,0.1,2073
2025-07-24,SB,4-5,-0.16,-0.15,-0.18,1074
2025-07-24,SB,5-6,-0.45,-0.42,-0.46,991
2025-07-25,CC,1-2,772.0,781.0,664.0,3160
2025-07-25,CC,2-3,235.0,248.0,201.0,1436
2025-07-25,CC,3-4,87.0,93.0,67.0,788
2025-07-25,CC,4-5,89.0,90.0,71.0,358
2025-07-25,CC,5-6,98.0,99.0,88.0,163
2025-07-25,CT,1-2,-1.42,-1.39,-1.43,2955
2025-07-25,CT,2-3,-1.06,-1.05,-1.07,790
2025-07-25,CT,3-4,-0.75,-0.71,-0.76,529
2025-07-25,CT,4-5,1.72,1.97,1.62,272
2025-07-25,CT,5-6,-0.38,,,
2025-07-25,KC,1-2,7.1,8.0,6.85,3905
2025-07-25,KC,2-3,6.65,7.3,6.5,1936
2025-07-25,KC,3-4,5.5,5.85,5.5,671
2025-07-25,KC,4-5,5.5,5.95,5.45,280
2025-07-25,KC,5-6,6.3,7.1,6.2,220
2025-07-25,SB,1-2,-0.64,-0.57,-0.64,7256
2025-07-25,SB,2-3,0.31,0.33,0.3,3165
2025-07-25,SB,3-4,0.1,0.13,0.09,2275
2025-07-25,SB,4-5,-0.2,-0.17,-0.2,658
2025-07-25,SB,5-6,-0.47,-0.45,-0.48,743
2025-07-28,CC,1-2,828.0,840.0,730.0,3696
2025-07-28,CC,2-3,244.0,250.0,215.0,1623
2025-07-28,CC,3-4,96.0,102.0,75.0,782
2025-07-28,CC,4-5,99.0,104.0,78.0,410
2025-07-28,CC,5-6,105.0,111.0,85.0,163
2025-07-28,CT,1-2,-1.42,-1.36,-1.44,3035
2025-07-28,CT,2-3,-1.1,-1.02,-1.1,2327
2025-07-28,CT,3-4,-0.76,-0.71,-0.77,622
2025-07-28,CT,4-5,1.73,1.93,1.61,377
2025-07-28,CT,5-6,-0.36,,,
2025-07-28,KC,1-2,7.05,7.55,6.85,5114
2025-07-28,KC,2-3,6.6,6.9,6.35,2261
2025-07-28,KC,3-4,5.4,5.85,5.0,1276
2025-07-28,KC,4-5,5.5,5.85,5.0,542
2025-07-28,KC,5-6,6.45,6.6,5.35,478
2025-07-28,SB,1-2,-0.62,-0.6,-0.64,7139
2025-07-28,SB,2-3,0.32,0.35,0.31,2608
2025-07-28,SB,3-4,0.12,0.13,0.1,870
2025-07-28,SB,4-5,-0.17,-0.17,-0.2,458
2025-07-28,SB,5-6,-0.44,-0.43,-0.47,253
2025-07-29,CC,1-2,711.0,880.0,685.0,4780
2025-07-29,CC,2-3,231.0,284.0,226.0,3786
2025-07-29,CC,3-4,95.0,117.0,88.0,1808
2025-07-29,CC,4-5,93.0,113.0,91.0,687
2025-07-29,CC,5-6,99.0,114.0,93.0,224
2025-07-29,CT,1-2,-1.38,-1.37,-1.46,6150
2025-07-29,CT,2-3,-1.13,-1.07,-1.14,1536
2025-07-29,CT,3-4,-0.82,-0.74,-0.83,766
2025-07-29,CT,4-5,1.57,1.72,1.49,529
2025-07-29,CT,5-6,-0.38,,,
2025-07-29,KC,1-2,6.75,7.0,6.25,6321
2025-07-29,KC,2-3,6.4,6.7,6.15,4271
2025-07-29,KC,3-4,5.0,5.4,4.9,1723
2025-07-29,KC,4-5,5.0,5.5,4.85,625
2025-07-29,KC,5-6,5.65,6.2,5.3,389
2025-07-29,SB,1-2,-0.6,-0.58,-0.61,6600
2025-07-29,SB,2-3,0.33,0.35,0.31,1870
2025-07-29,SB,3-4,0.14,0.14,0.11,976
2025-07-29,SB,4-5,-0.16,-0.15,-0.19,630
2025-07-29,SB,5-6,-0.42,-0.41,-0.45,651
2025-07-30,CC,1-2,699.0,754.0,676.0,2784
2025-07-30,CC,2-3,228.0,278.0,223.0,1744
2025-07-30,CC,3-4,86.0,120.0,85.0,912
2025-07-30,CC,4-5,88.0,114.0,86.0,442
2025-07-30,CC,5-6,95.0,114.0,94.0,259
2025-07-30,CT,1-2,-1.34,-1.33,-1.38,3112
2025-07-30,CT,2-3,-1.11,-1.1,-1.14,1244
2025-07-30,CT,3-4,-0.82,-0.8,-0.84,744
2025-07-30,CT,4-5,1.59,1.63,1.43,962
2025-07-30,CT,5-6,-0.4,,,
2025-07-30,KC,1-2,6.55,7.2,6.35,5081
2025-07-30,KC,2-3,6.4,6.85,6.25,2563
2025-07-30,KC,3-4,5.1,5.3,5.05,1043
2025-07-30,KC,4-5,5.0,5.15,4.9,277
2025-07-30,KC,5-6,5.55,5.9,5.5,114
2025-07-30,SB,1-2,-0.61,-0.6,-0.63,7786
2025-07-30,SB,2-3,0.32,0.33,0.3,1299
2025-07-30,SB,3-4,0.13,0.14,0.12,1384
2025-07-30,SB,4-5,-0.18,-0.16,-0.18,356
2025-07-30,SB,5-6,-0.43,-0.42,-0.44,224
2025-07-31,CC,1-2,765.0,768.0,683.0,3162
2025-07-31,CC,2-3,241.0,255.0,219.0,1464
2025-07-31,CC,3-4,98.0,104.0,86.0,492
2025-07-31,CC,4-5,97.0,100.0,87.0,259
2025-07-31,CC,5-6,104.0,107.0,98.0,127
2025-07-31,CT,1-2,-1.35,-1.29,-1.36,3609
2025-07-31,CT,2-3,-1.14,-1.09,-1.14,1181
2025-07-31,CT,3-4,-0.83,-0.8,-0.84,802
2025-07-31,CT,4-5,1.47,1.57,1.45,389
2025-07-31,CT,5-6,-0.39,,,
2025-07-31,KC,1-2,7.1,7.6,6.75,4515
2025-07-31,KC,2-3,6.7,7.15,6.55,2720
2025-07-31,KC,3-4,5.2,5.7,5.15,1379
2025-07-31,KC,4-5,5.15,5.4,5.05,499
2025-07-31,KC,5-6,5.5,5.8,5.4,218
2025-07-31,SB,1-2,-0.62,-0.61,-0.65,11304
2025-07-31,SB,2-3,0.3,0.33,0.29,3968
2025-07-31,SB,3-4,0.12,0.14,0.11,2529
2025-07-31,SB,4-5,-0.19,-0.16,-0.19,986
2025-07-31,SB,5-6,-0.45,-0.42,-0.46,564
2025-08-01,CC,1-2,678.0,768.0,630.0,3583
2025-08-01,CC,2-3,255.0,273.0,229.0,2468
2025-08-01,CC,3-4,97.0,111.0,87.0,1182
2025-08-01,CC,4-5,83.0,108.0,79.0,642
2025-08-01,CC,5-6,92.0,106.0,89.0,164
2025-08-01,CT,1-2,-1.33,-1.31,-1.37,5851
2025-08-01,CT,2-3,-1.17,-1.13,-1.19,2475
2025-08-01,CT,3-4,-0.88,-0.84,-0.9,2075
2025-08-01,CT,4-5,1.27,1.48,1.27,1688
2025-08-01,CT,5-6,-0.4,-0.4,-0.4,29
2025-08-01,KC,1-2,6.65,7.1,6.5,5744
2025-08-01,KC,2-3,6.55,6.7,6.35,3470
2025-08-01,KC,3-4,5.1,5.4,5.05,948
2025-08-01,KC,4-5,5.05,5.3,5.0,829
2025-08-01,KC,5-6,5.65,5.85,5.4,312
2025-08-01,SB,1-2,-0.6,-0.59,-0.64,10176
2025-08-01,SB,2-3,0.27,0.31,0.26,3416
2025-08-01,SB,3-4,0.09,0.12,0.08,2321
2025-08-01,SB,4-5,-0.22,-0.18,-0.23,972
2025-08-01,SB,5-6,-0.48,-0.45,-0.49,477
2025-08-04,CC,1-2,631.0,686.0,587.0,4588
2025-08-04,CC,2-3,280.0,292.0,229.0,2048
2025-08-04,CC,3-4,94.0,100.0,82.0,1012
2025-08-04,CC,4-5,79.0,83.0,71.0,403
2025-08-04,CC,5-6,86.0,91.0,79.0,155
2025-08-04,CT,1-2,-1.34,-1.28,-1.37,3780
2025-08-04,CT,2-3,-1.15,-1.13,-1.19,1177
2025-08-04,CT,3-4,-0.87,-0.84,-0.89,746
2025-08-04,CT,4-5,1.36,1.47,1.24,257
2025-08-04,CT,5-6,-0.41,,,
2025-08-04,KC,1-2,6.9,7.55,6.6,4597
2025-08-04,KC,2-3,6.55,7.2,6.5,3153
2025-08-04,KC,3-4,5.05,5.45,5.0,989
2025-08-04,KC,4-5,5.05,5.25,5.0,525
2025-08-04,KC,5-6,5.8,6.0,5.6,224
2025-08-04,SB,1-2,-0.63,-0.57,-0.63,11492
2025-08-04,SB,2-3,0.26,0.29,0.25,4190
2025-08-04,SB,3-4,0.1,0.11,0.08,3240
2025-08-04,SB,4-5,-0.22,-0.2,-0.22,722
2025-08-04,SB,5-6,-0.47,-0.45,-0.48,360
2025-08-05,CC,1-2,613.0,666.0,589.0,4606
2025-08-05,CC,2-3,375.0,389.0,282.0,2585
2025-08-05,CC,3-4,109.0,118.0,93.0,1297
2025-08-05,CC,4-5,90.0,95.0,77.0,422
2025-08-05,CC,5-6,97.0,99.0,84.0,59
2025-08-05,CT,1-2,-1.31,-1.22,-1.34,6418
2025-08-05,CT,2-3,-1.14,-1.1,-1.17,2170
2025-08-05,CT,3-4,-0.84,-0.81,-0.87,1111
2025-08-05,CT,4-5,1.43,1.5,1.24,400
2025-08-05,CT,5-6,-0.4,,,
2025-08-05,KC,1-2,7.8,8.2,7.0,7896
2025-08-05,KC,2-3,7.55,7.85,6.6,4316
2025-08-05,KC,3-4,5.3,5.5,5.05,1545
2025-08-05,KC,4-5,5.25,5.35,5.05,484
2025-08-05,KC,5-6,6.0,6.15,5.85,159
2025-08-05,SB,1-2,-0.66,-0.61,-0.66,13042
2025-08-05,SB,2-3,0.25,0.27,0.24,4643
2025-08-05,SB,3-4,0.07,0.1,0.06,3902
2025-08-05,SB,4-5,-0.25,-0.22,-0.25,1958
2025-08-05,SB,5-6,-0.52,-0.47,-0.52,1481
2025-08-06,CC,1-2,633.0,667.0,613.0,4871
2025-08-06,CC,2-3,412.0,423.0,376.0,3583
2025-08-06,CC,3-4,135.0,144.0,109.0,1632
2025-08-06,CC,4-5,107.0,114.0,92.0,533
2025-08-06,CC,5-6,116.0,117.0,96.0,192
2025-08-06,CT,1-2,-1.35,-1.27,-1.37,2932
2025-08-06,CT,2-3,-1.13,-1.11,-1.14,716
2025-08-06,CT,3-4,-0.84,-0.8,-0.85,479
2025-08-06,CT,4-5,1.4,1.51,1.38,269
2025-08-06,CT,5-6,-0.41,,,
2025-08-06,KC,1-2,7.0,8.25,6.85,7057
2025-08-06,KC,2-3,7.55,8.25,7.4,3648
2025-08-06,KC,3-4,5.2,5.5,5.15,1018
2025-08-06,KC,4-5,5.2,5.4,5.2,308
2025-08-06,KC,5-6,6.05,6.15,5.9,379
2025-08-06,SB,1-2,-0.65,-0.62,-0.66,12301
2025-08-06,SB,2-3,0.25,0.27,0.25,2742
2025-08-06,SB,3-4,0.07,0.07,0.06,1227
2025-08-06,SB,4-5,-0.25,-0.24,-0.25,734
2025-08-06,SB,5-6,-0.53,-0.51,-0.53,740
2025-08-07,CC,1-2,583.0,699.0,565.0,7656
2025-08-07,CC,2-3,429.0,468.0,383.0,3343
2025-08-07,CC,3-4,147.0,153.0,120.0,1881
2025-08-07,CC,4-5,114.0,118.0,99.0,705
2025-08-07,CC,5-6,125.0,127.0,108.0,188
2025-08-07,CT,1-2,-1.47,-1.32,-1.5,8099
2025-08-07,CT,2-3,-1.19,-1.09,-1.22,2721
2025-08-07,CT,3-4,-0.88,-0.78,-0.89,1359
2025-08-07,CT,4-5,1.32,1.62,1.2,782
2025-08-07,CT,5-6,-0.41,,,
2025-08-07,KC,1-2,6.65,7.4,6.35,10440
2025-08-07,KC,2-3,7.45,7.85,7.2,4360
2025-08-07,KC,3-4,5.25,5.4,5.15,1224
2025-08-07,KC,4-5,5.15,5.3,5.15,372
2025-08-07,KC,5-6,6.15,6.35,5.9,185
2025-08-07,SB,1-2,-0.67,-0.64,-0.68,9914
2025-08-07,SB,2-3,0.25,0.29,0.25,4565
2025-08-07,SB,3-4,0.07,0.1,0.06,1217
2025-08-07,SB,4-5,-0.24,-0.22,-0.26,747
2025-08-07,SB,5-6,-0.52,-0.5,-0.53,292
2025-08-08,CC,1-2,548.0,619.0,512.0,5366
2025-08-08,CC,2-3,434.0,459.0,412.0,3375
2025-08-08,CC,3-4,147.0,157.0,132.0,1432
2025-08-08,CC,4-5,102.0,117.0,98.0,561
2025-08-08,CC,5-6,115.0,129.0,115.0,160
2025-08-08,CT,1-2,-1.47,-1.43,-1.5,4565
2025-08-08,CT,2-3,-1.2,-1.17,-1.22,1801
2025-08-08,CT,3-4,-0.85,-0.83,-0.91,1185
2025-08-08,CT,4-5,1.19,1.25,0.88,813
2025-08-08,CT,5-6,-0.42,-0.44,-0.45,36
2025-08-08,KC,1-2,6.9,7.15,6.55,13588
2025-08-08,KC,2-3,8.8,9.35,7.35,6412
2025-08-08,KC,3-4,6.15,6.35,5.3,1987
2025-08-08,KC,4-5,5.55,5.75,5.15,921
2025-08-08,KC,5-6,6.15,6.5,5.9,469
2025-08-08,SB,1-2,-0.67,-0.64,-0.67,12385
2025-08-08,SB,2-3,0.26,0.28,0.25,4202
2025-08-08,SB,3-4,0.1,0.1,0.08,1679
2025-08-08,SB,4-5,-0.23,-0.22,-0.25,1077
2025-08-08,SB,5-6,-0.5,-0.5,-0.52,970
2025-08-11,CC,1-2,334.0,579.0,291.0,5737
2025-08-11,CC,2-3,404.0,498.0,366.0,5885
2025-08-11,CC,3-4,152.0,215.0,142.0,2809
2025-08-11,CC,4-5,132.0,156.0,103.0,1590
2025-08-11,CC,5-6,154.0,171.0,124.0,965
2025-08-11,CT,1-2,-1.47,-1.4,-1.51,4934
2025-08-11,CT,2-3,-1.19,-1.15,-1.21,1158
2025-08-11,CT,3-4,-0.83,-0.78,-0.85,810
2025-08-11,CT,4-5,1.38,1.41,1.19,682
2025-08-11,CT,5-6,-0.42,,,
2025-08-11,KC,1-2,6.65,7.1,6.45,14552
2025-08-11,KC,2-3,9.8,11.3,8.65,8278
2025-08-11,KC,3-4,6.7,7.35,6.15,2832
2025-08-11,KC,4-5,6.2,6.5,5.65,1020
2025-08-11,KC,5-6,6.7,7.05,6.35,638
2025-08-11,SB,1-2,-0.64,-0.62,-0.66,14356
2025-08-11,SB,2-3,0.31,0.33,0.27,6806
2025-08-11,SB,3-4,0.14,0.15,0.1,2528
2025-08-11,SB,4-5,-0.19,-0.18,-0.22,1800
2025-08-11,SB,5-6,-0.49,-0.48,-0.51,990
2025-08-12,CC,1-2,125.0,335.0,95.0,6293
2025-08-12,CC,2-3,402.0,440.0,366.0,4702
2025-08-12,CC,3-4,139.0,185.0,119.0,2560
2025-08-12,CC,4-5,125.0,153.0,100.0,1037
2025-08-12,CC,5-6,150.0,163.0,131.0,726
2025-08-12,CT,1-2,-1.45,-1.41,-1.55,9273
2025-08-12,CT,2-3,-1.18,-1.14,-1.22,3409
2025-08-12,CT,3-4,-0.74,-0.73,-0.84,2471
2025-08-12,CT,4-5,2.05,2.1,1.29,2522
2025-08-12,CT,5-6,-0.42,,,
2025-08-12,KC,1-2,6.85,6.9,6.45,7831
2025-08-12,KC,2-3,9.85,10.65,9.4,4471
2025-08-12,KC,3-4,6.5,7.1,6.2,1761
2025-08-12,KC,4-5,5.95,6.55,5.9,744
2025-08-12,KC,5-6,6.75,7.15,6.55,386
2025-08-12,SB,1-2,-0.61,-0.57,-0.64,21928
2025-08-12,SB,2-3,0.34,0.37,0.32,8963
2025-08-12,SB,3-4,0.15,0.17,0.14,6970
2025-08-12,SB,4-5,-0.16,-0.14,-0.19,3008
2025-08-12,SB,5-6,-0.46,-0.44,-0.49,2329
2025-08-13,CC,1-2,8.0,135.0,-10.0,4687
2025-08-13,CC,2-3,339.0,414.0,313.0,3519
2025-08-13,CC,3-4,132.0,142.0,108.0,2052
2025-08-13,CC,4-5,114.0,126.0,102.0,688
2025-08-13,CC,5-6,136.0,147.0,127.0,306
2025-08-13,CT,1-2,-1.59,-1.45,-1.61,8306
2025-08-13,CT,2-3,-1.23,-1.15,-1.25,3877
2025-08-13,CT,3-4,-0.76,-0.71,-0.81,2659
2025-08-13,CT,4-5,1.81,2.04,1.6,653
2025-08-13,CT,5-6,-0.43,-0.44,-0.45,4
2025-08-13,KC,1-2,6.95,7.2,6.75,8119
2025-08-13,KC,2-3,9.65,10.3,9.4,6139
2025-08-13,KC,3-4,6.6,7.4,6.4,1774
2025-08-13,KC,4-5,6.15,6.75,5.95,627
2025-08-13,KC,5-6,6.8,7.5,6.65,414
2025-08-13,SB,1-2,-0.68,-0.59,-0.68,20735
2025-08-13,SB,2-3,0.3,0.35,0.29,6701
2025-08-13,SB,3-4,0.14,0.16,0.12,2591
2025-08-13,SB,4-5,-0.17,-0.14,-0.18,2081
2025-08-13,SB,5-6,-0.47,-0.45,-0.47,759
2025-08-14,CC,1-2,-46.0,26.0,-69.0,2757
2025-08-14,CC,2-3,293.0,340.0,283.0,3810
2025-08-14,CC,3-4,114.0,126.0,107.0,2063
2025-08-14,CC,4-5,98.0,111.0,92.0,361
2025-08-14,CC,5-6,121.0,139.0,116.0,182
2025-08-14,CT,1-2,-1.57,-1.56,-1.61,3111
2025-08-14,CT,2-3,-1.29,-1.23,-1.29,1205
2025-08-14,CT,3-4,-0.76,-0.71,-0.8,911
2025-08-14,CT,4-5,1.83,2.03,1.77,442
2025-08-14,CT,5-6,-0.43,,,
2025-08-14,KC,1-2,7.8,8.4,6.6,8124
2025-08-14,KC,2-3,9.8,9.95,9.55,3993
2025-08-14,KC,3-4,6.9,7.05,6.55,1030
2025-08-14,KC,4-5,6.2,6.4,6.05,377
2025-08-14,KC,5-6,6.8,7.15,6.65,225
2025-08-14,SB,1-2,-0.7,-0.67,-0.71,13699
2025-08-14,SB,2-3,0.29,0.31,0.28,3898
2025-08-14,SB,3-4,0.12,0.14,0.11,1516
2025-08-14,SB,4-5,-0.2,-0.17,-0.2,709
2025-08-14,SB,5-6,-0.48,-0.47,-0.49,479
2025-08-15,CC,1-2,-43.0,5.0,-69.0,1153
2025-08-15,CC,2-3,311.0,324.0,280.0,2440
2025-08-15,CC,3-4,123.0,130.0,109.0,956
2025-08-15,CC,4-5,115.0,117.0,101.0,370
2025-08-15,CC,5-6,142.0,144.0,119.0,191
2025-08-15,CT,1-2,-1.53,-1.52,-1.62,3878
2025-08-15,CT,2-3,-1.28,-1.25,-1.32,1548
2025-08-15,CT,3-4,-0.77,-0.73,-0.79,1194
2025-08-15,CT,4-5,1.9,2.04,1.76,865
2025-08-15,CT,5-6,-0.43,,,
2025-08-15,KC,1-2,7.45,8.4,7.25,4856
2025-08-15,KC,2-3,11.25,12.2,9.75,5349
2025-08-15,KC,3-4,8.15,8.55,6.95,1765
2025-08-15,KC,4-5,7.2,7.65,6.25,1197
2025-08-15,KC,5-6,7.85,8.15,7.0,572
2025-08-15,SB,1-2,-0.69,-0.68,-0.7,7805
2025-08-15,SB,2-3,0.29,0.3,0.28,2461
2025-08-15,SB,3-4,0.09,0.12,0.09,1732
2025-08-15,SB,4-5,-0.21,-0.19,-0.22,671
2025-08-15,SB,5-6,-0.5,-0.48,-0.5,324
2025-08-18,CC,1-2,-137.0,-49.0,-158.0,2395
2025-08-18,CC,2-3,291.0,359.0,277.0,3486
2025-08-18,CC,3-4,139.0,168.0,121.0,1978
2025-08-18,CC,4-5,138.0,160.0,115.0,848
2025-08-18,CC,5-6,163.0,179.0,146.0,182
2025-08-18,CT,1-2,-1.52,-1.5,-1.58,3457
2025-08-18,CT,2-3,-1.27,-1.23,-1.29,1591
2025-08-18,CT,3-4,-0.74,-0.7,-0.78,1280
2025-08-18,CT,4-5,2.11,2.22,1.84,1134
2025-08-18,CT,5-6,-0.42,,,
2025-08-18,KC,1-2,7.55,8.1,7.35,4628
2025-08-18,KC,2-3,10.25,11.65,10.15,4448
2025-08-18,KC,3-4,7.85,8.65,7.55,2214
2025-08-18,KC,4-5,7.45,7.75,7.1,1012
2025-08-18,KC,5-6,8.55,8.8,7.95,629
2025-08-18,SB,1-2,-0.71,-0.67,-0.71,10228
2025-08-18,SB,2-3,0.27,0.3,0.26,3570
2025-08-18,SB,3-4,0.08,0.11,0.07,2252
2025-08-18,SB,4-5,-0.22,-0.2,-0.23,907
2025-08-18,SB,5-6,-0.51,-0.49,-0.51,336
2025-08-19,CC,1-2,-166.0,-125.0,-175.0,988
2025-08-19,CC,2-3,254.0,298.0,250.0,2400
2025-08-19,CC,3-4,112.0,138.0,107.0,1174
2025-08-19,CC,4-5,109.0,141.0,107.0,515
2025-08-19,CC,5-6,146.0,171.0,140.0,242
2025-08-19,CT,1-2,-1.63,-1.52,-1.68,3658
2025-08-19,CT,2-3,-1.29,-1.26,-1.34,1362
2025-08-19,CT,3-4,-0.73,-0.71,-0.78,787
2025-08-19,CT,4-5,2.01,2.19,1.97,459
2025-08-19,CT,5-6,-0.42,,,
2025-08-19,KC,1-2,7.15,7.9,7.1,5259
2025-08-19,KC,2-3,10.05,10.6,9.85,5434
2025-08-19,KC,3-4,8.2,8.85,7.8,2936
2025-08-19,KC,4-5,8.8,9.5,7.55,1483
2025-08-19,KC,5-6,10.55,11.25,8.65,1179
2025-08-19,SB,1-2,-0.7,-0.68,-0.71,7664
2025-08-19,SB,2-3,0.28,0.29,0.26,2876
2025-08-19,SB,3-4,0.09,0.1,0.07,2189
2025-08-19,SB,4-5,-0.22,-0.22,-0.24,718
2025-08-19,SB,5-6,-0.49,-0.49,-0.52,600
2025-08-20,CC,1-2,-180.0,-150.0,-185.0,1023
2025-08-20,CC,2-3,199.0,267.0,176.0,4872
2025-08-20,CC,3-4,110.0,132.0,91.0,1749
2025-08-20,CC,4-5,97.0,126.0,89.0,868
2025-08-20,CC,5-6,129.0,158.0,118.0,352
2025-08-20,CT,1-2,-1.64,-1.59,-1.67,1896
2025-08-20,CT,2-3,-1.28,-1.26,-1.3,587
2025-08-20,CT,3-4,-0.72,-0.7,-0.74,524
2025-08-20,CT,4-5,2.03,2.13,1.95,362
2025-08-20,CT,5-6,-0.42,,,
2025-08-20,KC,1-2,6.8,9.5,5.85,5979
2025-08-20,KC,2-3,9.75,10.25,9.6,6927
2025-08-20,KC,3-4,7.9,8.95,7.8,3027
2025-08-20,KC,4-5,8.7,9.85,8.45,1353
2025-08-20,KC,5-6,10.7,12.1,10.45,1204
2025-08-20,SB,1-2,-0.7,-0.65,-0.71,16875
2025-08-20,SB,2-3,0.3,0.33,0.28,5456
2025-08-20,SB,3-4,0.12,0.13,0.09,2349
2025-08-20,SB,4-5,-0.19,-0.18,-0.22,1018
2025-08-20,SB,5-6,-0.47,-0.46,-0.49,448
2025-08-21,CC,1-2,-215.0,-175.0,-224.0,1440
2025-08-21,CC,2-3,174.0,216.0,170.0,2832
2025-08-21,CC,3-4,93.0,119.0,86.0,1266
2025-08-21,CC,4-5,86.0,105.0,82.0,540
2025-08-21,CC,5-6,115.0,132.0,110.0,170
2025-08-21,CT,1-2,-1.68,-1.62,-1.75,3601
2025-08-21,CT,2-3,-1.29,-1.23,-1.3,1301
2025-08-21,CT,3-4,-0.73,-0.65,-0.74,915
2025-08-21,CT,4-5,2.03,2.2,2.01,543
2025-08-21,CT,5-6,-0.42,,,
2025-08-21,KC,1-2,10.25,13.5,5.95,233
2025-08-21,KC,2-3,9.85,10.0,9.6,5512
2025-08-21,KC,3-4,8.4,9.25,7.65,2733
2025-08-21,KC,4-5,10.0,10.75,8.25,1968
2025-08-21,KC,5-6,12.9,13.3,10.5,1512
2025-08-21,SB,1-2,-0.73,-0.69,-0.73,8742
2025-08-21,SB,2-3,0.27,0.31,0.27,3748
2025-08-21,SB,3-4,0.12,0.14,0.11,2661
2025-08-21,SB,4-5,-0.2,-0.19,-0.21,756
2025-08-21,SB,5-6,-0.49,-0.47,-0.49,264
2025-08-22,CC,1-2,-199.0,-180.0,-220.0,685
2025-08-22,CC,2-3,189.0,219.0,155.0,2542
2025-08-22,CC,3-4,119.0,132.0,84.0,1577
2025-08-22,CC,4-5,106.0,113.0,76.0,680
2025-08-22,CC,5-6,131.0,138.0,106.0,340
2025-08-22,CT,1-2,-1.73,-1.61,-1.75,3663
2025-08-22,CT,2-3,-1.27,-1.22,-1.29,2399
2025-08-22,CT,3-4,-0.7,-0.67,-0.75,966
2025-08-22,CT,4-5,2.21,2.22,2.05,696
2025-08-22,CT,5-6,-0.37,-0.32,-0.41,20
2025-08-22,KC,1-2,12.35,12.7,8.85,86
2025-08-22,KC,2-3,9.8,9.95,9.4,5491
2025-08-22,KC,3-4,9.1,9.6,8.2,2638
2025-08-22,KC,4-5,10.8,11.25,9.85,1312
2025-08-22,KC,5-6,14.7,15.25,13.0,1206
2025-08-22,SB,1-2,-0.67,-0.66,-0.74,13283
2025-08-22,SB,2-3,0.3,0.33,0.27,4252
2025-08-22,SB,3-4,0.14,0.14,0.11,1577
2025-08-22,SB,4-5,-0.18,-0.18,-0.2,900
2025-08-22,SB,5-6,-0.48,-0.46,-0.49,421
2025-08-25,CC,1-2,-67.0,-50.0,-198.0,10
2025-08-25,CC,2-3,211.0,229.0,184.0,1360
2025-08-25,CC,3-4,129.0,135.0,107.0,991
2025-08-25,CC,4-5,116.0,121.0,100.0,421
2025-08-25,CC,5-6,140.0,144.0,128.0,164
2025-08-25,CT,1-2,-1.8,-1.71,-1.81,3313
2025-08-25,CT,2-3,-1.33,-1.25,-1.34,1706
2025-08-25,CT,3-4,-0.75,-0.67,-0.76,809
2025-08-25,CT,4-5,1.97,2.24,1.97,466
2025-08-25,CT,5-6,-0.37,,,
2025-08-25,KC,1-2,12.2,12.7,9.05,30
2025-08-25,KC,2-3,9.6,9.9,9.45,3374
2025-08-25,KC,3-4,8.3,9.4,8.25,2509
2025-08-25,KC,4-5,10.4,11.45,10.15,1186
2025-08-25,KC,5-6,14.4,15.45,13.95,776
2025-08-25,SB,1-2,-0.69,-0.66,-0.7,5825
2025-08-25,SB,2-3,0.29,0.31,0.28,2561
2025-08-25,SB,3-4,0.13,0.14,0.11,832
2025-08-25,SB,4-5,-0.2,-0.18,-0.2,463
2025-08-25,SB,5-6,-0.49,-0.47,-0.49,423
2025-08-26,CC,1-2,-81.0,-62.0,-198.0,3
2025-08-26,CC,2-3,159.0,224.0,150.0,2144
2025-08-26,CC,3-4,99.0,121.0,88.0,1319
2025-08-26,CC,4-5,94.0,112.0,84.0,648
2025-08-26,CC,5-6,125.0,136.0,115.0,251
2025-08-26,CT,1-2,-1.82,-1.79,-1.88,3773
2025-08-26,CT,2-3,-1.35,-1.31,-1.36,1310
2025-08-26,CT,3-4,-0.76,-0.73,-0.78,829
2025-08-26,CT,4-5,1.77,2.02,1.75,395
2025-08-26,CT,5-6,-0.37,,,
2025-08-26,KC,1-2,11.75,13.0,9.5,50
2025-08-26,KC,2-3,9.7,10.1,9.5,4403
2025-08-26,KC,3-4,8.2,8.45,8.0,1819
2025-08-26,KC,4-5,9.9,10.35,9.55,920
2025-08-26,KC,5-6,13.4,14.2,13.15,1008
2025-08-26,SB,1-2,-0.7,-0.68,-0.72,10551
2025-08-26,SB,2-3,0.3,0.31,0.28,1936
2025-08-26,SB,3-4,0.13,0.14,0.12,480
2025-08-26,SB,4-5,-0.19,-0.19,-0.21,857
2025-08-26,SB,5-6,-0.49,-0.47,-0.49,534
2025-08-27,CC,1-2,-116.0,-200.0,-224.0,31
2025-08-27,CC,2-3,220.0,238.0,161.0,2205
2025-08-27,CC,3-4,110.0,117.0,94.0,1101
2025-08-27,CC,4-5,105.0,111.0,91.0,568
2025-08-27,CC,5-6,129.0,135.0,118.0,214
2025-08-27,CT,1-2,-1.76,-1.71,-1.82,2916
2025-08-27,CT,2-3,-1.34,-1.32,-1.35,926
2025-08-27,CT,3-4,-0.77,-0.74,-0.78,617
2025-08-27,CT,4-5,1.7,1.84,1.68,334
2025-08-27,CT,5-6,-0.37,,,
2025-08-27,KC,1-2,8.5,12.5,8.05,79
2025-08-27,KC,2-3,11.1,11.3,9.4,6789
2025-08-27,KC,3-4,9.95,10.55,8.0,3623
2025-08-27,KC,4-5,11.45,12.3,9.5,1874
2025-08-27,KC,5-6,14.0,14.7,12.65,1742
2025-08-27,SB,1-2,-0.66,-0.66,-0.71,13640
2025-08-27,SB,2-3,0.3,0.32,0.29,2529
2025-08-27,SB,3-4,0.12,0.14,0.12,1388
2025-08-27,SB,4-5,-0.19,-0.19,-0.21,831
2025-08-27,SB,5-6,-0.47,-0.45,-0.49,784
2025-08-28,CC,1-2,-75.0,-75.0,-75.0,1
2025-08-28,CC,2-3,229.0,244.0,188.0,1462
2025-08-28,CC,3-4,104.0,117.0,99.0,648
2025-08-28,CC,4-5,95.0,109.0,93.0,357
2025-08-28,CC,5-6,119.0,133.0,115.0,165
2025-08-28,CT,1-2,-1.78,-1.72,-1.79,3965
2025-08-28,CT,2-3,-1.33,-1.3,-1.36,1361
2025-08-28,CT,3-4,-0.8,-0.75,-0.81,1383
2025-08-28,CT,4-5,1.74,1.82,1.5,877
2025-08-28,CT,5-6,-0.37,,,
2025-08-28,KC,1-2,10.25,12.4,10.0,81
2025-08-28,KC,2-3,10.55,11.35,10.45,7213
2025-08-28,KC,3-4,9.15,10.5,9.1,2602
2025-08-28,KC,4-5,11.0,12.5,10.8,1124
2025-08-28,KC,5-6,13.2,15.05,13.05,1076
2025-08-28,SB,1-2,-0.64,-0.63,-0.68,23311
2025-08-28,SB,2-3,0.31,0.31,0.28,5604
2025-08-28,SB,3-4,0.12,0.13,0.1,1683
2025-08-28,SB,4-5,-0.2,-0.19,-0.22,1347
2025-08-28,SB,5-6,-0.46,-0.46,-0.5,865
2025-08-29,CC,1-2,-75.0,-69.0,-74.0,55
2025-08-29,CC,2-3,208.0,239.0,174.0,1844
2025-08-29,CC,3-4,97.0,105.0,92.0,746
2025-08-29,CC,4-5,86.0,96.0,83.0,323
2025-08-29,CC,5-6,111.0,122.0,108.0,95
2025-08-29,CT,1-2,-1.9,-1.78,-1.91,3292
2025-08-29,CT,2-3,-1.35,-1.31,-1.36,1230
2025-08-29,CT,3-4,-0.87,-0.76,-0.89,1215
2025-08-29,CT,4-5,1.62,1.88,1.48,447
2025-08-29,CT,5-6,-0.37,,,
2025-08-29,KC,1-2,10.75,11.95,9.55,12
2025-08-29,KC,2-3,12.2,13.1,10.7,6455
2025-08-29,KC,3-4,10.25,10.8,9.2,2107
2025-08-29,KC,4-5,11.45,11.75,10.95,1255
2025-08-29,KC,5-6,13.6,13.85,13.25,674
2025-08-29,SB,1-2,-0.64,-0.62,-0.65,23768
2025-08-29,SB,2-3,0.3,0.31,0.29,3187
2025-08-29,SB,3-4,0.13,0.13,0.1,2489
2025-08-29,SB,4-5,-0.2,-0.19,-0.21,612
2025-08-29,SB,5-6,-0.46,-0.46,-0.47,489
2025-09-02,CC,1-2,-126.0,,,
2025-09-02,CC,2-3,162.0,215.0,150.0,2887
2025-09-02,CC,3-4,81.0,101.0,66.0,1677
2025-09-02,CC,4-5,74.0,94.0,65.0,989
2025-09-02,CC,5-6,98.0,121.0,88.0,465
2025-09-02,CT,1-2,-1.86,-1.84,-1.96,4386
2025-09-02,CT,2-3,-1.41,-1.33,-1.42,1927
2025-09-02,CT,3-4,-0.91,-0.82,-0.92,752
2025-09-02,CT,4-5,1.41,1.66,1.38,317
2025-09-02,CT,5-6,-0.37,,,
2025-09-02,KC,1-2,11.85,13.85,11.75,12
2025-09-02,KC,2-3,11.6,13.9,11.2,7184
2025-09-02,KC,3-4,10.15,11.25,9.3,3543
2025-09-02,KC,4-5,11.8,12.35,10.8,1987
2025-09-02,KC,5-6,13.9,14.3,12.8,1089
2025-09-02,SB,1-2,-0.63,-0.62,-0.67,26857
2025-09-02,SB,2-3,0.26,0.31,0.26,4799
2025-09-02,SB,3-4,0.08,0.13,0.07,3259
2025-09-02,SB,4-5,-0.23,-0.19,-0.24,1764
2025-09-02,SB,5-6,-0.48,-0.45,-0.49,1241
2025-09-03,CC,1-2,-194.0,,,
2025-09-03,CC,2-3,187.0,205.0,166.0,1562
2025-09-03,CC,3-4,97.0,107.0,83.0,986
2025-09-03,CC,4-5,90.0,100.0,80.0,713
2025-09-03,CC,5-6,119.0,127.0,108.0,382
2025-09-03,CT,1-2,-1.85,-1.84,-1.9,1746
2025-09-03,CT,2-3,-1.4,-1.38,-1.43,804
2025-09-03,CT,3-4,-0.89,-0.89,-0.97,513
2025-09-03,CT,4-5,1.39,1.51,1.33,240
2025-09-03,CT,5-6,-0.38,,,
2025-09-03,KC,1-2,11.6,13.8,11.05,6
2025-09-03,KC,2-3,11.85,12.7,11.65,3877
2025-09-03,KC,3-4,10.3,11.25,10.05,1561
2025-09-03,KC,4-5,12.0,12.45,11.55,743
2025-09-03,KC,5-6,13.8,14.3,13.55,454
2025-09-03,SB,1-2,-0.62,-0.58,-0.65,32202
2025-09-03,SB,2-3,0.27,0.27,0.25,4543
2025-09-03,SB,3-4,0.07,0.08,0.06,3794
2025-09-03,SB,4-5,-0.25,-0.23,-0.25,1641
2025-09-03,SB,5-6,-0.5,-0.48,-0.51,798
2025-09-04,CC,1-2,-194.0,,,
2025-09-04,CC,2-3,153.0,192.0,144.0,2545
2025-09-04,CC,3-4,84.0,102.0,80.0,1008
2025-09-04,CC,4-5,81.0,93.0,76.0,483
2025-09-04,CC,5-6,108.0,121.0,102.0,176
2025-09-04,CT,1-2,-1.89,-1.82,-1.9,2831
2025-09-04,CT,2-3,-1.39,-1.36,-1.41,662
2025-09-04,CT,3-4,-0.89,-0.85,-0.91,406
2025-09-04,CT,4-5,1.4,1.62,1.29,238
2025-09-04,CT,5-6,-0.38,,,
2025-09-04,KC,1-2,11.35,13.8,11.7,11
2025-09-04,KC,2-3,12.2,12.7,11.75,4607
2025-09-04,KC,3-4,10.5,11.7,10.3,2161
2025-09-04,KC,4-5,12.15,13.25,12.05,1443
2025-09-04,KC,5-6,14.15,15.1,13.7,995
2025-09-04,SB,1-2,-0.64,-0.6,-0.66,25619
2025-09-04,SB,2-3,0.25,0.28,0.23,5105
2025-09-04,SB,3-4,0.04,0.08,0.04,3525
2025-09-04,SB,4-5,-0.28,-0.24,-0.29,2933
2025-09-04,SB,5-6,-0.57,-0.5,-0.57,2375
2025-09-05,CC,1-2,-89.0,-69.0,-69.0,12
2025-09-05,CC,2-3,169.0,175.0,141.0,1649
2025-09-05,CC,3-4,87.0,89.0,78.0,728
2025-09-05,CC,4-5,85.0,87.0,75.0,507
2025-09-05,CC,5-6,116.0,119.0,101.0,418
2025-09-05,CT,1-2,-1.93,-1.87,-1.94,2123
2025-09-05,CT,2-3,-1.38,-1.37,-1.4,811
2025-09-05,CT,3-4,-0.89,-0.86,-0.9,388
2025-09-05,CT,4-5,1.35,1.43,1.2,349
2025-09-05,CT,5-6,-0.37,,,
2025-09-05,KC,1-2,11.95,14.25,11.5,16
2025-09-05,KC,2-3,12.35,12.65,12.05,2850
2025-09-05,KC,3-4,10.8,11.15,10.25,1356
2025-09-05,KC,4-5,12.15,12.55,11.8,557
2025-09-05,KC,5-6,13.85,14.4,13.7,187
2025-09-05,SB,1-2,-0.61,-0.56,-0.65,43375
2025-09-05,SB,2-3,0.25,0.26,0.23,6542
2025-09-05,SB,3-4,0.04,0.06,0.02,4817
2025-09-05,SB,4-5,-0.3,-0.28,-0.31,2558
2025-09-05,SB,5-6,-0.58,-0.56,-0.59,1180
2025-09-08,CC,1-2,-104.0,,,
2025-09-08,CC,2-3,126.0,174.0,115.0,3093
2025-09-08,CC,3-4,70.0,89.0,63.0,1512
2025-09-08,CC,4-5,63.0,84.0,59.0,798
2025-09-08,CC,5-6,87.0,117.0,84.0,543
2025-09-08,CT,1-2,-1.93,-1.9,-1.95,1215
2025-09-08,CT,2-3,-1.39,-1.36,-1.39,822
2025-09-08,CT,3-4,-0.9,-0.87,-0.9,385
2025-09-08,CT,4-5,1.43,1.56,1.31,287
2025-09-08,CT,5-6,-0.38,-0.42,-0.42,1
2025-09-08,KC,1-2,12.95,14.75,13.8,16
2025-09-08,KC,2-3,12.7,12.9,12.2,3778
2025-09-08,KC,3-4,11.0,11.2,10.35,1456
2025-09-08,KC,4-5,12.65,12.85,11.8,852
2025-09-08,KC,5-6,14.75,15.05,13.75,588
2025-09-08,SB,1-2,-0.63,-0.57,-0.64,39680
2025-09-08,SB,2-3,0.31,0.31,0.25,8535
2025-09-08,SB,3-4,0.08,0.09,0.03,3740
2025-09-08,SB,4-5,-0.27,-0.26,-0.3,3613
2025-09-08,SB,5-6,-0.58,-0.57,-0.61,1630
2025-09-09,CC,1-2,-125.0,,,
2025-09-09,CC,2-3,122.0,157.0,106.0,3531
2025-09-09,CC,3-4,72.0,85.0,55.0,1825
2025-09-09,CC,4-5,66.0,78.0,50.0,882
2025-09-09,CC,5-6,89.0,101.0,72.0,385
2025-09-09,CT,1-2,-1.91,-1.89,-1.96,2312
2025-09-09,CT,2-3,-1.37,-1.36,-1.41,777
2025-09-09,CT,3-4,-0.9,-0.88,-0.92,502
2025-09-09,CT,4-5,1.49,1.53,1.36,356
2025-09-09,CT,5-6,-0.34,,,
2025-09-09,KC,1-2,11.2,14.75,10.55,10
2025-09-09,KC,2-3,13.1,13.4,12.55,4174
2025-09-09,KC,3-4,11.2,12.25,11.0,2080
2025-09-09,KC,4-5,12.45,14.1,12.35,1538
2025-09-09,KC,5-6,14.2,16.1,14.1,1044
2025-09-09,SB,1-2,-0.65,-0.57,-0.66,61451
2025-09-09,SB,2-3,0.35,0.36,0.31,12755
2025-09-09,SB,3-4,0.12,0.13,0.08,5718
2025-09-09,SB,4-5,-0.23,-0.22,-0.28,4601
2025-09-09,SB,5-6,-0.55,-0.55,-0.57,1406
2025-09-10,CC,1-2,-112.0,,,
2025-09-10,CC,2-3,114.0,135.0,106.0,1849
2025-09-10,CC,3-4,69.0,75.0,61.0,697
2025-09-10,CC,4-5,63.0,66.0,53.0,324
2025-09-10,CC,5-6,86.0,90.0,80.0,160
2025-09-10,CT,1-2,-1.92,-1.83,-1.96,3823
2025-09-10,CT,2-3,-1.37,-1.32,-1.38,1009
2025-09-10,CT,3-4,-0.88,-0.82,-0.92,1139
2025-09-10,CT,4-5,1.64,1.74,1.47,535
2025-09-10,CT,5-6,-0.34,-0.35,-0.35,2
2025-09-10,KC,1-2,14.1,14.5,11.0,12
2025-09-10,KC,2-3,13.35,13.75,13.1,3692
2025-09-10,KC,3-4,11.55,11.85,11.05,2621
2025-09-10,KC,4-5,12.85,13.2,12.5,826
2025-09-10,KC,5-6,14.55,14.95,14.3,453
2025-09-10,SB,1-2,-0.64,-0.62,-0.67,45055
2025-09-10,SB,2-3,0.34,0.37,0.34,9270
2025-09-10,SB,3-4,0.14,0.14,0.12,3970
2025-09-10,SB,4-5,-0.23,-0.21,-0.24,2026
2025-09-10,SB,5-6,-0.54,-0.54,-0.57,1002
2025-09-11,CC,1-2,-77.0,-69.0,-100.0,3
2025-09-11,CC,2-3,120.0,133.0,99.0,3242
2025-09-11,CC,3-4,65.0,75.0,61.0,1165
2025-09-11,CC,4-5,56.0,68.0,53.0,868
2025-09-11,CC,5-6,75.0,88.0,72.0,620
2025-09-11,CT,1-2,-1.91,-1.87,-1.94,4472
2025-09-11,CT,2-3,-1.37,-1.34,-1.38,928
2025-09-11,CT,3-4,-0.88,-0.85,-0.89,696
2025-09-11,CT,4-5,1.52,1.64,1.43,255
2025-09-11,CT,5-6,-0.34,-0.35,-0.35,3
2025-09-11,KC,1-2,13.95,14.2,13.95,14
2025-09-11,KC,2-3,13.3,13.65,13.15,3581
2025-09-11,KC,3-4,11.4,11.75,11.2,2701
2025-09-11,KC,4-5,12.55,13.0,12.45,762
2025-09-11,KC,5-6,13.9,14.5,13.8,382
2025-09-11,SB,1-2,-0.68,-0.6,-0.69,55780
2025-09-11,SB,2-3,0.36,0.36,0.32,9936
2025-09-11,SB,3-4,0.15,0.15,0.12,3813
2025-09-11,SB,4-5,-0.22,-0.21,-0.25,1139
2025-09-11,SB,5-6,-0.54,-0.52,-0.56,654
2025-09-12,CC,1-2,-105.0,,,
2025-09-12,CC,2-3,113.0,143.0,100.0,2520
2025-09-12,CC,3-4,63.0,76.0,55.0,1372
2025-09-12,CC,4-5,61.0,66.0,49.0,724
2025-09-12,CC,5-6,86.0,91.0,71.0,287
2025-09-12,CT,1-2,-1.92,-1.87,-1.93,3772
2025-09-12,CT,2-3,-1.37,-1.34,-1.38,1309
2025-09-12,CT,3-4,-0.9,-0.86,-0.92,748
2025-09-12,CT,4-5,1.58,1.62,1.36,531
2025-09-12,CT,5-6,-0.34,-0.35,-0.35,11
2025-09-12,KC,1-2,13.8,,,
2025-09-12,KC,2-3,14.5,15.2,13.3,5449
2025-09-12,KC,3-4,12.55,13.0,11.3,2463
2025-09-12,KC,4-5,13.4,13.5,12.45,1364
2025-09-12,KC,5-6,14.7,14.85,14.0,682
2025-09-12,SB,1-2,-0.73,-0.66,-0.73,46112
2025-09-12,SB,2-3,0.39,0.42,0.35,18694
2025-09-12,SB,3-4,0.17,0.18,0.13,5269
2025-09-12,SB,4-5,-0.21,-0.19,-0.25,2449
2025-09-12,SB,5-6,-0.54,-0.53,-0.56,490
2025-09-15,CC,1-2,-105.0,,,
2025-09-15,CC,2-3,109.0,137.0,94.0,2592
2025-09-15,CC,3-4,75.0,86.0,66.0,1593
2025-09-15,CC,4-5,80.0,87.0,63.0,1162
2025-09-15,CC,5-6,107.0,114.0,90.0,675
2025-09-15,CT,1-2,-1.91,-1.88,-1.92,2474
2025-09-15,CT,2-3,-1.34,-1.34,-1.39,997
2025-09-15,CT,3-4,-0.86,-0.86,-0.92,454
2025-09-15,CT,4-5,1.57,1.61,1.44,221
2025-09-15,CT,5-6,-0.34,-0.35,-0.35,10
2025-09-15,KC,1-2,14.7,15.15,13.0,24
2025-09-15,KC,2-3,16.55,18.0,14.9,10234
2025-09-15,KC,3-4,13.2,14.25,11.85,2771
2025-09-15,KC,4-5,14.4,14.75,13.0,1835
2025-09-15,KC,5-6,15.5,16.0,14.4,1096
2025-09-15,SB,1-2,-0.73,-0.7,-0.75,47311
2025-09-15,SB,2-3,0.36,0.41,0.35,12050
2025-09-15,SB,3-4,0.16,0.19,0.15,3757
2025-09-15,SB,4-5,-0.2,-0.18,-0.22,1938
2025-09-15,SB,5-6,-0.52,-0.51,-0.55,1096
2025-09-16,CC,1-2,80.0,114.0,60.0,3119
2025-09-16,CC,2-3,70.0,79.0,55.0,1663
2025-09-16,CC,3-4,83.0,86.0,62.0,1307
2025-09-16,CC,4-5,104.0,112.0,87.0,640
2025-09-16,CC,5-6,166.0,174.0,157.0,274
2025-09-16,CT,1-2,-1.89,-1.86,-1.93,3913
2025-09-16,CT,2-3,-1.29,-1.27,-1.34,1431
2025-09-16,CT,3-4,-0.82,-0.79,-0.88,1586
2025-09-16,CT,4-5,1.75,1.75,1.5,823
2025-09-16,CT,5-6,-0.34,-0.34,-0.34,2
2025-09-16,KC,1-2,12.9,15.55,12.05,20
2025-09-16,KC,2-3,18.8,19.35,16.9,8121
2025-09-16,KC,3-4,13.35,14.0,13.05,2463
2025-09-16,KC,4-5,13.9,14.95,13.7,1900
2025-09-16,KC,5-6,14.45,15.95,14.25,1168
2025-09-16,SB,1-2,-0.66,-0.58,-0.73,43096
2025-09-16,SB,2-3,0.35,0.37,0.33,11345
2025-09-16,SB,3-4,0.14,0.16,0.12,3994
2025-09-16,SB,4-5,-0.22,-0.2,-0.23,618
2025-09-16,SB,5-6,-0.53,-0.52,-0.54,370
2025-09-17,CC,1-2,66.0,90.0,50.0,2278
2025-09-17,CC,2-3,66.0,85.0,60.0,1466
2025-09-17,CC,3-4,82.0,97.0,72.0,1054
2025-09-17,CC,4-5,110.0,117.0,99.0,494
2025-09-17,CC,5-6,173.0,180.0,167.0,145
2025-09-17,CT,1-2,-1.95,-1.88,-1.96,4783
2025-09-17,CT,2-3,-1.34,-1.26,-1.35,1555
2025-09-17,CT,3-4,-0.87,-0.79,-0.88,1134
2025-09-17,CT,4-5,1.56,1.8,1.56,629
2025-09-17,CT,5-6,-0.34,,,
2025-09-17,KC,1-2,12.9,16.95,16.95,1
2025-09-17,KC,2-3,18.35,19.55,17.35,8923
2025-09-17,KC,3-4,12.95,13.6,12.1,3439
2025-09-17,KC,4-5,13.2,13.95,12.7,1706
2025-09-17,KC,5-6,13.35,14.5,13.1,1192
2025-09-17,SB,1-2,-0.73,-0.65,-0.73,15859
2025-09-17,SB,2-3,0.37,0.38,0.35,6257
2025-09-17,SB,3-4,0.13,0.14,0.12,2865
2025-09-17,SB,4-5,-0.24,-0.22,-0.24,660
2025-09-17,SB,5-6,-0.54,-0.52,-0.55,503
2025-09-18,CC,1-2,24.0,56.0,1.0,2989
2025-09-18,CC,2-3,42.0,65.0,36.0,2179
2025-09-18,CC,3-4,62.0,80.0,61.0,1155
2025-09-18,CC,4-5,91.0,105.0,88.0,586
2025-09-18,CC,5-6,166.0,173.0,158.0,377
2025-09-18,CT,1-2,-1.94,-1.91,-1.99,5089
2025-09-18,CT,2-3,-1.33,-1.32,-1.37,1087
2025-09-18,CT,3-4,-0.91,-0.85,-0.91,1034
2025-09-18,CT,4-5,1.42,1.57,1.32,424
2025-09-18,CT,5-6,-0.34,-0.35,-0.35,4
2025-09-18,KC,1-2,5.0,3.0,3.0,5
2025-09-18,KC,2-3,19.6,19.95,18.35,6269
2025-09-18,KC,3-4,13.95,14.35,13.15,2345
2025-09-18,KC,4-5,13.9,14.25,13.35,1400
2025-09-18,KC,5-6,13.65,14.05,13.25,1104
2025-09-18,SB,1-2,-0.72,-0.7,-0.77,22572
2025-09-18,SB,2-3,0.39,0.4,0.36,7254
2025-09-18,SB,3-4,0.11,0.13,0.09,3924
2025-09-18,SB,4-5,-0.25,-0.23,-0.27,1300
2025-09-18,SB,5-6,-0.56,-0.54,-0.58,947
2025-09-19,CC,1-2,14.0,28.0,8.0,2309
2025-09-19,CC,2-3,45.0,49.0,36.0,1427
2025-09-19,CC,3-4,58.0,72.0,51.0,985
2025-09-19,CC,4-5,86.0,101.0,75.0,533
2025-09-19,CC,5-6,169.0,177.0,159.0,275
2025-09-19,CT,1-2,-1.99,-1.92,-1.99,3278
2025-09-19,CT,2-3,-1.38,-1.32,-1.39,1001
2025-09-19,CT,3-4,-0.98,-0.89,-1.0,1528
2025-09-19,CT,4-5,1.29,1.47,1.28,370
2025-09-19,CT,5-6,-0.34,-0.35,-0.35,12
2025-09-19,KC,1-2,20.25,20.75,19.05,8244
2025-09-19,KC,2-3,13.8,14.6,12.85,3579
2025-09-19,KC,3-4,13.2,14.4,12.95,2172
2025-09-19,KC,4-5,12.25,13.75,12.1,1421
2025-09-19,KC,5-6,8.85,10.85,8.65,896
2025-09-19,SB,1-2,-0.68,-0.66,-0.73,17676
2025-09-19,SB,2-3,0.42,0.43,0.38,7362
2025-09-19,SB,3-4,0.14,0.15,0.1,3304
2025-09-19,SB,4-5,-0.23,-0.22,-0.25,1090
2025-09-19,SB,5-6,-0.53,-0.52,-0.56,598
2025-09-22,CC,1-2,-42.0,17.0,-45.0,5181
2025-09-22,CC,2-3,30.0,50.0,29.0,3814
2025-09-22,CC,3-4,44.0,62.0,43.0,1833
2025-09-22,CC,4-5,69.0,89.0,65.0,664
2025-09-22,CC,5-6,148.0,170.0,144.0,282
2025-09-22,CT,1-2,-1.96,-1.95,-2.0,3627
2025-09-22,CT,2-3,-1.39,-1.35,-1.39,1343
2025-09-22,CT,3-4,-1.03,-0.97,-1.05,1388
2025-09-22,CT,4-5,1.21,1.37,1.16,483
2025-09-22,CT,5-6,-0.33,,,
2025-09-22,KC,1-2,19.45,20.75,19.2,4298
2025-09-22,KC,2-3,13.6,14.4,13.3,1582
2025-09-22,KC,3-4,13.25,13.85,13.0,871
2025-09-22,KC,4-5,12.55,12.7,12.05,734
2025-09-22,KC,5-6,9.25,9.3,8.7,275
2025-09-22,SB,1-2,-0.66,-0.56,-0.68,23036
2025-09-22,SB,2-3,0.36,0.42,0.35,7274
2025-09-22,SB,3-4,0.11,0.15,0.09,5438
2025-09-22,SB,4-5,-0.25,-0.22,-0.27,2233
2025-09-22,SB,5-6,-0.56,-0.53,-0.56,718
2025-09-23,CC,1-2,-34.0,-26.0,-64.0,4043
2025-09-23,CC,2-3,24.0,37.0,11.0,1845
2025-09-23,CC,3-4,41.0,53.0,33.0,1075
2025-09-23,CC,4-5,68.0,80.0,59.0,514
2025-09-23,CC,5-6,145.0,151.0,137.0,184
2025-09-23,CT,1-2,-1.92,-1.9,-1.98,3903
2025-09-23,CT,2-3,-1.37,-1.33,-1.39,1788
2025-09-23,CT,3-4,-1.02,-0.98,-1.07,1207
2025-09-23,CT,4-5,1.34,1.46,1.18,580
2025-09-23,CT,5-6,-0.38,-0.35,-0.35,18
2025-09-23,KC,1-2,15.1,19.25,14.6,9955
2025-09-23,KC,2-3,11.85,13.8,11.6,2858
2025-09-23,KC,3-4,11.95,13.65,11.8,2308
2025-09-23,KC,4-5,11.35,12.4,11.3,1050
2025-09-23,KC,5-6,8.35,9.05,8.2,680
2025-09-23,SB,1-2,-0.49,-0.45,-0.68,39335
2025-09-23,SB,2-3,0.43,0.44,0.34,11990
2025-09-23,SB,3-4,0.14,0.15,0.09,4413
2025-09-23,SB,4-5,-0.23,-0.22,-0.27,1463
2025-09-23,SB,5-6,-0.54,-0.54,-0.57,612
2025-09-24,CC,1-2,-17.0,8.0,-42.0,3201
2025-09-24,CC,2-3,21.0,39.0,16.0,2117
2025-09-24,CC,3-4,31.0,52.0,28.0,1120
2025-09-24,CC,4-5,60.0,81.0,57.0,454
2025-09-24,CC,5-6,140.0,163.0,138.0,179
2025-09-24,CT,1-2,-1.94,-1.9,-1.96,2617
2025-09-24,CT,2-3,-1.37,-1.35,-1.37,1120
2025-09-24,CT,3-4,-1.05,-1.01,-1.06,724
2025-09-24,CT,4-5,1.19,1.36,1.13,319
2025-09-24,CT,5-6,-0.4,-0.38,-0.42,13
2025-09-24,KC,1-2,19.35,19.55,15.1,6712
2025-09-24,KC,2-3,13.0,13.2,11.6,2813
2025-09-24,KC,3-4,12.25,12.45,11.55,1727
2025-09-24,KC,4-5,11.7,11.85,11.05,766
2025-09-24,KC,5-6,8.45,8.7,8.05,457
2025-09-24,SB,1-2,-0.49,-0.47,-0.57,19453
2025-09-24,SB,2-3,0.41,0.44,0.4,4587
2025-09-24,SB,3-4,0.12,0.16,0.12,5447
2025-09-24,SB,4-5,-0.22,-0.21,-0.24,1989
2025-09-24,SB,5-6,-0.55,-0.53,-0.55,367
2025-09-25,CC,1-2,-31.0,13.0,-42.0,3054
2025-09-25,CC,2-3,12.0,34.0,11.0,1830
2025-09-25,CC,3-4,28.0,44.0,21.0,1094
2025-09-25,CC,4-5,55.0,69.0,50.0,557
2025-09-25,CC,5-6,134.0,145.0,123.0,107
2025-09-25,CT,1-2,-1.91,-1.89,-1.96,3457
2025-09-25,CT,2-3,-1.33,-1.32,-1.35,1698
2025-09-25,CT,3-4,-1.03,-1.01,-1.05,1084
2025-09-25,CT,4-5,1.2,1.28,1.14,192
2025-09-25,CT,5-6,-0.42,-0.39,-0.41,26
2025-09-25,KC,1-2,19.9,20.0,18.75,4518
2025-09-25,KC,2-3,13.7,13.85,12.75,2473
2025-09-25,KC,3-4,12.85,13.15,12.15,1382
2025-09-25,KC,4-5,12.55,12.9,11.65,996
2025-09-25,KC,5-6,8.75,8.95,8.25,783
2025-09-25,SB,1-2,-0.52,-0.49,-0.54,16184
2025-09-25,SB,2-3,0.48,0.48,0.39,9919
2025-09-25,SB,3-4,0.14,0.16,0.11,4848
2025-09-25,SB,4-5,-0.23,-0.21,-0.24,1692
2025-09-25,SB,5-6,-0.54,-0.53,-0.57,1147
2025-09-26,CC,1-2,-26.0,-5.0,-39.0,2139
2025-09-26,CC,2-3,30.0,34.0,12.0,1559
2025-09-26,CC,3-4,49.0,53.0,28.0,1356
2025-09-26,CC,4-5,85.0,87.0,55.0,1061
2025-09-26,CC,5-6,159.0,163.0,126.0,476
2025-09-26,CT,1-2,-1.86,-1.85,-1.93,2525
2025-09-26,CT,2-3,-1.32,-1.31,-1.34,1610
2025-09-26,CT,3-4,-1.0,-0.99,-1.03,947
2025-09-26,CT,4-5,1.3,1.34,1.15,493
2025-09-26,CT,5-6,-0.37,,,
2025-09-26,KC,1-2,19.15,20.5,18.55,5526
2025-09-26,KC,2-3,13.55,14.1,13.0,2349
2025-09-26,KC,3-4,12.55,13.25,12.2,1307
2025-09-26,KC,4-5,12.3,12.7,12.0,779
2025-09-26,KC,5-6,8.55,8.9,8.35,621
2025-09-26,SB,1-2,-0.51,-0.45,-0.54,18685
2025-09-26,SB,2-3,0.46,0.49,0.45,6000
2025-09-26,SB,3-4,0.14,0.16,0.14,3888
2025-09-26,SB,4-5,-0.22,-0.21,-0.24,1478
2025-09-26,SB,5-6,-0.53,-0.52,-0.55,867
2025-09-29,CC,1-2,-33.0,,-39.0,2228
2025-09-29,CC,2-3,19.0,41.0,15.0,1538
2025-09-29,CC,3-4,40.0,56.0,38.0,590
2025-09-29,CC,4-5,77.0,93.0,75.0,349
2025-09-29,CC,5-6,150.0,165.0,146.0,255
2025-09-29,CT,1-2,-1.94,-1.83,-1.96,4505
2025-09-29,CT,2-3,-1.33,-1.3,-1.35,1901
2025-09-29,CT,3-4,-1.03,-0.97,-1.04,1828
2025-09-29,CT,4-5,0.93,1.47,0.84,1265
2025-09-29,CT,5-6,-0.39,-0.43,-0.43,27
2025-09-29,KC,1-2,16.65,19.75,16.3,4698
2025-09-29,KC,2-3,11.9,13.75,11.8,1869
2025-09-29,KC,3-4,11.3,12.85,11.15,1154
2025-09-29,KC,4-5,11.6,12.6,11.45,634
2025-09-29,KC,5-6,8.25,8.9,8.05,380
2025-09-29,SB,1-2,-0.43,-0.41,-0.52,18539
2025-09-29,SB,2-3,0.46,0.47,0.42,9404
2025-09-29,SB,3-4,0.15,0.15,0.13,2586
2025-09-29,SB,4-5,-0.21,-0.2,-0.23,1308
2025-09-29,SB,5-6,-0.52,-0.52,-0.54,639
2025-09-30,CC,1-2,-47.0,-28.0,-63.0,4538
2025-09-30,CC,2-3,8.0,20.0,,2739
2025-09-30,CC,3-4,22.0,42.0,14.0,2117
2025-09-30,CC,4-5,52.0,78.0,47.0,837
2025-09-30,CC,5-6,109.0,154.0,97.0,515
2025-09-30,CT,1-2,-1.8,-1.78,-1.95,9260
2025-09-30,CT,2-3,-1.29,-1.24,-1.35,2775
2025-09-30,CT,3-4,-1.04,-0.94,-1.09,2486
2025-09-30,CT,4-5,0.8,1.01,0.65,982
2025-09-30,CT,5-6,-0.37,-0.36,-0.36,2
2025-09-30,KC,1-2,15.9,17.85,15.75,6043
2025-09-30,KC,2-3,11.5,12.3,11.3,2651
2025-09-30,KC,3-4,11.05,11.6,11.0,792
2025-09-30,KC,4-5,11.6,12.15,11.4,488
2025-09-30,KC,5-6,8.2,8.7,7.8,357
2025-09-30,SB,1-2,-0.5,-0.4,-0.53,4077
2025-09-30,SB,2-3,0.46,0.51,0.44,11006
2025-09-30,SB,3-4,0.16,0.17,0.14,3072
2025-09-30,SB,4-5,-0.2,-0.19,-0.22,2031
2025-09-30,SB,5-6,-0.5,-0.48,-0.53,1941
2025-10-01,CC,1-2,-54.0,-21.0,-69.0,2743
2025-10-01,CC,2-3,7.0,17.0,-4.0,2039
2025-10-01,CC,3-4,26.0,30.0,18.0,1229
2025-10-01,CC,4-5,56.0,64.0,43.0,458
2025-10-01,CC,5-6,116.0,118.0,91.0,166
2025-10-01,CT,1-2,-1.87,-1.79,-1.96,8711
2025-10-01,CT,2-3,-1.3,-1.27,-1.34,2761
2025-10-01,CT,3-4,-1.04,-1.02,-1.09,1876
2025-10-01,CT,4-5,0.89,0.94,0.45,2144
2025-10-01,CT,5-6,-0.39,-0.38,-0.38,1
2025-10-01,KC,1-2,15.85,16.5,15.55,4509
2025-10-01,KC,2-3,11.0,11.9,10.75,2088
2025-10-01,KC,3-4,10.8,11.8,10.65,1190
2025-10-01,KC,4-5,11.3,12.0,11.25,538
2025-10-01,KC,5-6,8.15,8.55,8.0,369
2025-10-01,SB,1-2,0.42,0.46,0.41,10111
2025-10-01,SB,2-3,0.11,0.15,0.1,5182
2025-10-01,SB,3-4,-0.25,-0.2,-0.25,2836
2025-10-01,SB,4-5,-0.53,-0.5,-0.56,2101
2025-10-01,SB,5-6,0.31,0.35,0.3,2160
2025-10-02,CC,1-2,-30.0,-23.0,-62.0,3279
2025-10-02,CC,2-3,-5.0,11.0,-10.0,2656
2025-10-02,CC,3-4,19.0,28.0,12.0,1640
2025-10-02,CC,4-5,45.0,61.0,42.0,483
2025-10-02,CC,5-6,104.0,117.0,97.0,166
2025-10-02,CT,1-2,-1.95,-1.83,-1.97,5356
2025-10-02,CT,2-3,-1.32,-1.28,-1.34,1982
2025-10-02,CT,3-4,-1.07,-1.02,-1.08,1262
2025-10-02,CT,4-5,0.78,1.0,0.75,580
2025-10-02,CT,5-6,-0.39,,,
2025-10-02,KC,1-2,15.65,16.05,15.1,2506
2025-10-02,KC,2-3,11.0,11.3,10.65,1150
2025-10-02,KC,3-4,10.6,11.15,10.5,676
2025-10-02,KC,4-5,11.05,11.55,11.0,397
2025-10-02,KC,5-6,7.9,8.4,7.65,416
2025-10-02,SB,1-2,0.48,0.5,0.42,13378
2025-10-02,SB,2-3,0.13,0.15,0.11,4354
2025-10-02,SB,3-4,-0.23,-0.22,-0.25,2117
2025-10-02,SB,4-5,-0.53,-0.51,-0.54,1064
2025-10-02,SB,5-6,0.33,0.34,0.3,874
2025-10-03,CC,1-2,-26.0,25.0,-50.0,6094
2025-10-03,CC,2-3,-9.0,3.0,-19.0,2971
2025-10-03,CC,3-4,5.0,16.0,-2.0,2334
2025-10-03,CC,4-5,23.0,46.0,19.0,1149
2025-10-03,CC,5-6,60.0,102.0,55.0,533
2025-10-03,CT,1-2,-1.89,-1.83,-1.96,6882
2025-10-03,CT,2-3,-1.31,-1.28,-1.34,1677
2025-10-03,CT,3-4,-1.08,-1.05,-1.1,1308
2025-10-03,CT,4-5,0.77,0.92,0.57,605
2025-10-03,CT,5-6,-0.4,,,
2025-10-03,KC,1-2,16.6,17.75,15.8,4986
2025-10-03,KC,2-3,11.65,12.1,10.9,1897
2025-10-03,KC,3-4,11.1,11.5,10.6,838
2025-10-03,KC,4-5,11.6,11.85,11.25,621
2025-10-03,KC,5-6,8.55,8.75,8.1,638
2025-10-03,SB,1-2,0.48,0.5,0.46,4864
2025-10-03,SB,2-3,0.15,0.16,0.13,2221
2025-10-03,SB,3-4,-0.23,-0.21,-0.23,1609
2025-10-03,SB,4-5,-0.5,-0.5,-0.52,1228
2025-10-03,SB,5-6,0.35,0.36,0.33,809
2025-10-06,CC,1-2,-16.0,15.0,-50.0,4324
2025-10-06,CC,2-3,6.0,9.0,-25.0,2558
2025-10-06,CC,3-4,9.0,18.0,1.0,1410
2025-10-06,CC,4-5,24.0,34.0,19.0,431
2025-10-06,CC,5-6,60.0,73.0,52.0,218
2025-10-06,CT,1-2,-1.95,-1.87,-1.95,3774
2025-10-06,CT,2-3,-1.34,-1.3,-1.34,1340
2025-10-06,CT,3-4,-1.11,-1.06,-1.13,878
2025-10-06,CT,4-5,0.83,0.94,0.7,451
2025-10-06,CT,5-6,-0.48,-0.42,-0.48,6
2025-10-06,KC,1-2,16.4,16.85,16.05,4276
2025-10-06,KC,2-3,11.7,11.85,11.35,1758
2025-10-06,KC,3-4,10.95,11.25,10.8,686
2025-10-06,KC,4-5,11.6,12.15,11.45,495
2025-10-06,KC,5-6,8.5,8.95,8.4,419
2025-10-06,SB,1-2,0.5,0.52,0.48,5817
2025-10-06,SB,2-3,0.16,0.17,0.14,3128
2025-10-06,SB,3-4,-0.2,-0.2,-0.23,2247
2025-10-06,SB,4-5,-0.49,-0.48,-0.5,1039
2025-10-06,SB,5-6,0.37,0.39,0.36,481
2025-10-07,CC,1-2,-13.0,5.0,-40.0,3695
2025-10-07,CC,2-3,6.0,15.0,-8.0,1662
2025-10-07,CC,3-4,10.0,17.0,5.0,1239
2025-10-07,CC,4-5,16.0,28.0,15.0,522
2025-10-07,CC,5-6,51.0,61.0,47.0,254
2025-10-07,CT,1-2,-1.92,-1.88,-1.96,4643
2025-10-07,CT,2-3,-1.36,-1.31,-1.37,1605
2025-10-07,CT,3-4,-1.16,-1.1,-1.16,1122
2025-10-07,CT,4-5,0.5,0.77,0.47,757
2025-10-07,CT,5-6,-0.52,,,
2025-10-07,KC,1-2,16.25,16.6,15.7,4147
2025-10-07,KC,2-3,11.85,12.0,11.5,1670
2025-10-07,KC,3-4,11.15,11.45,10.85,942
2025-10-07,KC,4-5,11.95,12.15,11.55,545
2025-10-07,KC,5-6,8.7,9.0,8.2,475
2025-10-07,SB,1-2,0.49,0.5,0.46,8482
2025-10-07,SB,2-3,0.15,0.16,0.14,2799
2025-10-07,SB,3-4,-0.21,-0.2,-0.22,2592
2025-10-07,SB,4-5,-0.52,-0.49,-0.53,1585
2025-10-07,SB,5-6,0.36,0.38,0.34,576
2025-10-08,CC,1-2,-27.0,8.0,-33.0,3245
2025-10-08,CC,2-3,-6.0,12.0,-14.0,1889
2025-10-08,CC,3-4,5.0,12.0,-2.0,1968
2025-10-08,CC,4-5,13.0,19.0,4.0,710
2025-10-08,CC,5-6,35.0,49.0,19.0,376
2025-10-08,CT,1-2,-1.85,-1.84,-1.93,4266
2025-10-08,CT,2-3,-1.3,-1.3,-1.37,2073
2025-10-08,CT,3-4,-1.15,-1.13,-1.2,1353
2025-10-08,CT,4-5,0.64,0.65,0.44,620
2025-10-08,CT,5-6,-0.51,-0.57,-0.6,2
2025-10-08,KC,1-2,17.1,17.8,16.25,4882
2025-10-08,KC,2-3,12.4,12.7,11.8,2138
2025-10-08,KC,3-4,11.4,11.75,11.1,1055
2025-10-08,KC,4-5,11.95,12.3,11.75,420
2025-10-08,KC,5-6,8.55,8.9,8.4,342
2025-10-08,SB,1-2,0.46,0.49,0.45,11262
2025-10-08,SB,2-3,0.14,0.16,0.13,4475
2025-10-08,SB,3-4,-0.21,-0.19,-0.21,2677
2025-10-08,SB,4-5,-0.51,-0.49,-0.52,1501
2025-10-08,SB,5-6,0.33,0.37,0.33,461
2025-10-09,CC,1-2,-47.0,-16.0,-50.0,2911
2025-10-09,CC,2-3,-15.0,2.0,-20.0,1531
2025-10-09,CC,3-4,-3.0,9.0,-8.0,1167
2025-10-09,CC,4-5,10.0,20.0,8.0,417
2025-10-09,CC,5-6,38.0,47.0,27.0,262
2025-10-09,CT,1-2,-1.87,-1.77,-1.88,7493
2025-10-09,CT,2-3,-1.32,-1.27,-1.33,1789
2025-10-09,CT,3-4,-1.17,-1.12,-1.18,1073
2025-10-09,CT,4-5,0.5,0.76,0.47,490
2025-10-09,CT,5-6,-0.55,-0.58,-0.58,1
2025-10-09,KC,1-2,16.85,17.45,16.75,3309
2025-10-09,KC,2-3,12.4,12.55,12.2,1259
2025-10-09,KC,3-4,11.45,11.7,11.2,1328
2025-10-09,KC,4-5,11.45,12.1,11.3,523
2025-10-09,KC,5-6,8.35,8.8,8.25,266
2025-10-09,SB,1-2,0.48,0.49,0.46,7199
2025-10-09,SB,2-3,0.14,0.16,0.13,3735
2025-10-09,SB,3-4,-0.19,-0.19,-0.21,3245
2025-10-09,SB,4-5,-0.51,-0.49,-0.52,1563
2025-10-09,SB,5-6,0.33,0.35,0.33,309
2025-10-10,CC,1-2,-44.0,-22.0,-58.0,3459
2025-10-10,CC,2-3,-10.0,-5.0,-20.0,1519
2025-10-10,CC,3-4,-1.0,1.0,-8.0,997
2025-10-10,CC,4-5,12.0,15.0,4.0,353
2025-10-10,CC,5-6,34.0,44.0,23.0,186
2025-10-10,CT,1-2,-1.76,-1.74,-1.89,9029
2025-10-10,CT,2-3,-1.29,-1.26,-1.37,4589
2025-10-10,CT,3-4,-1.21,-1.15,-1.27,3687
2025-10-10,CT,4-5,0.17,0.51,0.06,2884
2025-10-10,CT,5-6,-0.78,-0.59,-0.83,30
2025-10-10,KC,1-2,16.7,17.6,16.2,4670
2025-10-10,KC,2-3,12.6,12.75,12.3,1698
2025-10-10,KC,3-4,11.5,11.95,11.4,816
2025-10-10,KC,4-5,11.35,11.6,11.3,285
2025-10-10,KC,5-6,8.2,8.55,8.15,166
2025-10-10,SB,1-2,0.48,0.49,0.46,4558
2025-10-10,SB,2-3,0.13,0.15,0.13,4218
2025-10-10,SB,3-4,-0.19,-0.18,-0.2,2621
2025-10-10,SB,4-5,-0.52,-0.5,-0.53,1645
2025-10-10,SB,5-6,0.33,0.34,0.31,900
2025-10-13,CC,1-2,-64.0,-38.0,-70.0,4534
2025-10-13,CC,2-3,-28.0,-6.0,-32.0,3293
2025-10-13,CC,3-4,-16.0,-1.0,-24.0,1680
2025-10-13,CC,4-5,0.0,14.0,-12.0,920
2025-10-13,CC,5-6,22.0,32.0,-2.0,559
2025-10-13,CT,1-2,-1.67,-1.63,-1.76,6752
2025-10-13,CT,2-3,-1.3,-1.26,-1.31,2226
2025-10-13,CT,3-4,-1.23,-1.18,-1.24,1730
2025-10-13,CT,4-5,0.06,0.29,0.01,1205
2025-10-13,CT,5-6,-0.81,-0.83,-0.83,5
2025-10-13,KC,1-2,18.25,18.55,17.1,4645
2025-10-13,KC,2-3,12.95,13.3,12.45,1718
2025-10-13,KC,3-4,11.55,11.8,11.45,1075
2025-10-13,KC,4-5,11.6,11.75,11.3,413
2025-10-13,KC,5-6,8.4,8.5,8.2,276
2025-10-13,SB,1-2,0.45,0.49,0.42,10019
2025-10-13,SB,2-3,0.1,0.13,0.09,6412
2025-10-13,SB,3-4,-0.22,-0.19,-0.22,2983
2025-10-13,SB,4-5,-0.53,-0.51,-0.55,1407
2025-10-13,SB,5-6,0.3,0.33,0.29,554
2025-10-14,CC,1-2,-65.0,-58.0,-75.0,3542
2025-10-14,CC,2-3,-12.0,-8.0,-30.0,2144
2025-10-14,CC,3-4,-14.0,-12.0,-31.0,1211
2025-10-14,CC,4-5,7.0,7.0,-5.0,836
2025-10-14,CC,5-6,39.0,39.0,23.0,291
2025-10-14,CT,1-2,-1.58,-1.57,-1.76,6159
2025-10-14,CT,2-3,-1.22,-1.17,-1.35,4738
2025-10-14,CT,3-4,-1.18,-1.13,-1.27,3075
2025-10-14,CT,4-5,-0.08,0.07,-0.13,1535
2025-10-14,CT,5-6,-0.84,-0.86,-1.0,59
2025-10-14,KC,1-2,21.85,22.95,18.2,7887
2025-10-14,KC,2-3,14.65,16.0,12.6,3910
2025-10-14,KC,3-4,13.95,14.6,11.5,2368
2025-10-14,KC,4-5,13.0,13.7,11.5,1413
2025-10-14,KC,5-6,9.1,10.05,8.4,1066
2025-10-14,SB,1-2,0.51,0.51,0.43,14098
2025-10-14,SB,2-3,0.16,0.16,0.08,7856
2025-10-14,SB,3-4,-0.2,-0.18,-0.23,5277
2025-10-14,SB,4-5,-0.51,-0.5,-0.55,2002
2025-10-14,SB,5-6,0.32,0.33,0.28,1693
2025-10-15,CC,1-2,-35.0,-27.0,-79.0,3454
2025-10-15,CC,2-3,-8.0,,-25.0,1700
2025-10-15,CC,3-4,-21.0,-12.0,-24.0,1154
2025-10-15,CC,4-5,-2.0,6.0,-7.0,651
2025-10-15,CC,5-6,23.0,30.0,15.0,249
2025-10-15,CT,1-2,-1.57,-1.5,-1.61,6675
2025-10-15,CT,2-3,-1.22,-1.17,-1.25,3315
2025-10-15,CT,3-4,-1.17,-1.12,-1.21,2120
2025-10-15,CT,4-5,-0.04,,-0.32,1317
2025-10-15,CT,5-6,-0.84,,,
2025-10-15,KC,1-2,21.6,25.4,19.85,7861
2025-10-15,KC,2-3,14.3,17.5,14.05,3962
2025-10-15,KC,3-4,14.55,16.85,14.15,2394
2025-10-15,KC,4-5,13.35,15.45,13.05,1942
2025-10-15,KC,5-6,9.8,11.8,9.4,1145
2025-10-15,SB,1-2,0.52,0.53,0.49,8764
2025-10-15,SB,2-3,0.16,0.16,0.14,5640
2025-10-15,SB,3-4,-0.19,-0.18,-0.21,2404
2025-10-15,SB,4-5,-0.5,-0.49,-0.53,1776
2025-10-15,SB,5-6,0.31,0.32,0.3,627
2025-10-16,CC,1-2,-45.0,-13.0,-57.0,3830
2025-10-16,CC,2-3,0.0,7.0,-14.0,1459
2025-10-16,CC,3-4,-13.0,-8.0,-21.0,914
2025-10-16,CC,4-5,0.0,5.0,-7.0,454
2025-10-16,CC,5-6,26.0,35.0,20.0,174
2025-10-16,CT,1-2,-1.56,-1.53,-1.67,5352
2025-10-16,CT,2-3,-1.21,-1.19,-1.25,1554
2025-10-16,CT,3-4,-1.16,-1.14,-1.2,1016
2025-10-16,CT,4-5,0.01,0.05,-0.1,697
2025-10-16,CT,5-6,-1.0,-0.82,-1.0,58
2025-10-16,KC,1-2,20.4,21.9,19.8,4963
2025-10-16,KC,2-3,14.15,15.15,13.55,1893
2025-10-16,KC,3-4,14.15,14.85,13.9,1025
2025-10-16,KC,4-5,13.25,13.5,12.65,707
2025-10-16,KC,5-6,9.9,10.15,9.05,618
2025-10-16,SB,1-2,0.53,0.55,0.5,6984
2025-10-16,SB,2-3,0.16,0.17,0.14,4492
2025-10-16,SB,3-4,-0.2,-0.18,-0.21,3345
2025-10-16,SB,4-5,-0.53,-0.49,-0.53,1528
2025-10-16,SB,5-6,0.31,0.32,0.3,807
2025-10-17,CC,1-2,-67.0,-32.0,-73.0,3327
2025-10-17,CC,2-3,-10.0,9.0,-14.0,2076
2025-10-17,CC,3-4,-28.0,-9.0,-30.0,1477
2025-10-17,CC,4-5,-5.0,6.0,-9.0,1565
2025-10-17,CC,5-6,23.0,31.0,18.0,265
2025-10-17,CT,1-2,-1.5,-1.5,-1.61,5166
2025-10-17,CT,2-3,-1.19,-1.14,-1.24,2736
2025-10-17,CT,3-4,-1.12,-1.12,-1.17,1428
2025-10-17,CT,4-5,-0.01,0.12,-0.08,975
2025-10-17,CT,5-6,-0.96,-0.99,-0.99,6
2025-10-17,KC,1-2,21.85,22.85,18.3,7101
2025-10-17,KC,2-3,15.25,16.05,14.0,2725
2025-10-17,KC,3-4,14.35,15.0,13.75,1180
2025-10-17,KC,4-5,13.1,13.6,12.85,820
2025-10-17,KC,5-6,9.85,10.4,9.5,501
2025-10-17,SB,1-2,0.51,0.55,0.5,7765
2025-10-17,SB,2-3,0.14,0.16,0.12,4202
2025-10-17,SB,3-4,-0.22,-0.2,-0.22,1490
2025-10-17,SB,4-5,-0.53,-0.52,-0.54,1437
2025-10-17,SB,5-6,0.29,0.31,0.28,449
2025-10-20,CC,1-2,-32.0,-26.0,-75.0,2039
2025-10-20,CC,2-3,-11.0,2.0,-23.0,1345
2025-10-20,CC,3-4,-31.0,-23.0,-40.0,1217
2025-10-20,CC,4-5,-5.0,1.0,-10.0,783
2025-10-20,CC,5-6,27.0,29.0,18.0,137
2025-10-20,CT,1-2,-1.61,-1.5,-1.64,5408
2025-10-20,CT,2-3,-1.24,-1.18,-1.25,1694
2025-10-20,CT,3-4,-1.15,-1.1,-1.15,925
2025-10-20,CT,4-5,0.01,0.14,-0.03,549
2025-10-20,CT,5-6,-0.96,,,
2025-10-20,KC,1-2,22.75,24.05,22.3,3480
2025-10-20,KC,2-3,15.7,16.6,15.35,1972
2025-10-20,KC,3-4,15.35,15.65,14.4,776
2025-10-20,KC,4-5,14.1,14.3,13.0,533
2025-10-20,KC,5-6,10.65,10.85,9.95,381
2025-10-20,SB,1-2,0.51,0.52,0.48,5976
2025-10-20,SB,2-3,0.15,0.15,0.13,3185
2025-10-20,SB,3-4,-0.2,-0.2,-0.22,1315
2025-10-20,SB,4-5,-0.53,-0.52,-0.53,1505
2025-10-20,SB,5-6,0.3,0.3,0.29,444
2025-10-21,CC,1-2,-46.0,-20.0,-54.0,2136
2025-10-21,CC,2-3,-4.0,5.0,-14.0,1041
2025-10-21,CC,3-4,-28.0,-22.0,-31.0,574
2025-10-21,CC,4-5,0.0,8.0,-5.0,413
2025-10-21,CC,5-6,34.0,47.0,25.0,156
2025-10-21,CT,1-2,-1.56,-1.53,-1.66,8279
2025-10-21,CT,2-3,-1.2,-1.19,-1.26,1461
2025-10-21,CT,3-4,-1.15,-1.11,-1.16,1049
2025-10-21,CT,4-5,0.08,0.17,-0.03,336
2025-10-21,CT,5-6,-0.93,,,
2025-10-21,KC,1-2,22.3,23.85,22.0,4289
2025-10-21,KC,2-3,15.65,16.05,15.5,1584
2025-10-21,KC,3-4,15.15,15.6,15.1,1193
2025-10-21,KC,4-5,14.4,14.65,14.05,729
2025-10-21,KC,5-6,10.7,11.25,10.5,667
2025-10-21,SB,1-2,0.49,0.52,0.47,8738
2025-10-21,SB,2-3,0.11,0.16,0.1,4840
2025-10-21,SB,3-4,-0.23,-0.2,-0.23,2588
2025-10-21,SB,4-5,-0.55,-0.52,-0.55,2204
2025-10-21,SB,5-6,0.25,0.3,0.25,959
2025-10-22,CC,1-2,-65.0,-30.0,-75.0,4010
2025-10-22,CC,2-3,3.0,24.0,-2.0,2082
2025-10-22,CC,3-4,-7.0,-3.0,-22.0,1806
2025-10-22,CC,4-5,16.0,19.0,4.0,1152
2025-10-22,CC,5-6,44.0,46.0,29.0,845
2025-10-22,CT,1-2,-1.68,-1.54,-1.69,6941
2025-10-22,CT,2-3,-1.23,-1.21,-1.25,1256
2025-10-22,CT,3-4,-1.18,-1.14,-1.18,969
2025-10-22,CT,4-5,-0.14,0.13,-0.17,787
2025-10-22,CT,5-6,-0.93,,,
2025-10-22,KC,1-2,22.1,23.3,21.45,6991
2025-10-22,KC,2-3,16.55,17.1,16.05,3257
2025-10-22,KC,3-4,16.25,16.7,15.35,1557
2025-10-22,KC,4-5,15.15,15.7,14.45,1026
2025-10-22,KC,5-6,11.55,12.15,10.8,788
2025-10-22,SB,1-2,0.49,0.51,0.47,7684
2025-10-22,SB,2-3,0.13,0.13,0.11,3148
2025-10-22,SB,3-4,-0.21,-0.21,-0.23,1690
2025-10-22,SB,4-5,-0.54,-0.54,-0.55,629
2025-10-22,SB,5-6,0.27,0.28,0.25,1084
2025-10-23,CC,1-2,-80.0,-50.0,-87.0,4234
2025-10-23,CC,2-3,10.0,20.0,-1.0,1710
2025-10-23,CC,3-4,0.0,11.0,-15.0,1025
2025-10-23,CC,4-5,28.0,34.0,10.0,567
2025-10-23,CC,5-6,54.0,59.0,42.0,272
2025-10-23,CT,1-2,-1.6,-1.58,-1.7,4053
2025-10-23,CT,2-3,-1.25,-1.21,-1.27,1169
2025-10-23,CT,3-4,-1.17,-1.16,-1.19,468
2025-10-23,CT,4-5,-0.08,-0.04,-0.17,451
2025-10-23,CT,5-6,-0.86,-0.86,-0.87,6
2025-10-23,KC,1-2,20.4,23.95,20.15,9428
2025-10-23,KC,2-3,16.3,18.65,15.95,4135
2025-10-23,KC,3-4,16.55,18.2,16.3,2676
2025-10-23,KC,4-5,15.95,17.65,15.3,1717
2025-10-23,KC,5-6,12.5,14.2,11.6,1218
2025-10-23,SB,1-2,0.51,0.54,0.49,8105
2025-10-23,SB,2-3,0.15,0.15,0.13,2166
2025-10-23,SB,3-4,-0.21,-0.19,-0.22,2012
2025-10-23,SB,4-5,-0.52,-0.51,-0.54,667
2025-10-23,SB,5-6,0.28,0.3,0.27,396
2025-10-24,CC,1-2,-70.0,-61.0,-87.0,2605
2025-10-24,CC,2-3,2.0,23.0,-9.0,1782
2025-10-24,CC,3-4,0.0,8.0,-8.0,854
2025-10-24,CC,4-5,28.0,35.0,20.0,434
2025-10-24,CC,5-6,57.0,60.0,51.0,430
2025-10-24,CT,1-2,-1.51,-1.46,-1.61,6330
2025-10-24,CT,2-3,-1.24,-1.21,-1.26,1389
2025-10-24,CT,3-4,-1.17,-1.14,-1.18,774
2025-10-24,CT,4-5,-0.11,-0.03,-0.15,314
2025-10-24,CT,5-6,-0.86,-0.84,-0.85,3
2025-10-24,KC,1-2,19.95,21.65,19.15,5738
2025-10-24,KC,2-3,15.2,16.45,15.0,2833
2025-10-24,KC,3-4,15.6,16.85,15.1,1070
2025-10-24,KC,4-5,15.6,16.35,14.95,856
2025-10-24,KC,5-6,12.4,13.0,12.15,657
2025-10-24,SB,1-2,0.49,0.52,0.48,7811
2025-10-24,SB,2-3,0.12,0.16,0.11,4158
2025-10-24,SB,3-4,-0.21,-0.2,-0.22,2686
2025-10-24,SB,4-5,-0.52,-0.51,-0.54,1463
2025-10-24,SB,5-6,0.27,0.29,0.26,401
2025-10-27,CC,1-2,-17.0,-8.0,-79.0,4265
2025-10-27,CC,2-3,16.0,18.0,-10.0,1675
2025-10-27,CC,3-4,5.0,8.0,-11.0,909
2025-10-27,CC,4-5,32.0,36.0,18.0,541
2025-10-27,CC,5-6,62.0,65.0,51.0,407
2025-10-27,CT,1-2,-1.51,-1.41,-1.53,6688
2025-10-27,CT,2-3,-1.23,-1.12,-1.25,3027
2025-10-27,CT,3-4,-1.15,-1.08,-1.17,2718
2025-10-27,CT,4-5,0.15,0.24,-0.01,1599
2025-10-27,CT,5-6,-0.85,,,
2025-10-27,KC,1-2,21.15,21.5,19.9,5562
2025-10-27,KC,2-3,14.45,15.25,14.35,2603
2025-10-27,KC,3-4,13.6,15.15,13.5,1566
2025-10-27,KC,4-5,13.5,15.1,13.45,928
2025-10-27,KC,5-6,11.1,12.85,11.05,538
2025-10-27,SB,1-2,0.38,0.49,0.37,22157
2025-10-27,SB,2-3,0.07,0.11,0.05,7253
2025-10-27,SB,3-4,-0.24,-0.21,-0.24,3406
2025-10-27,SB,4-5,-0.56,-0.52,-0.57,1566
2025-10-27,SB,5-6,0.22,0.27,0.21,1200
2025-10-28,CC,1-2,-25.0,-10.0,-44.0,3311
2025-10-28,CC,2-3,13.0,23.0,9.0,1614
2025-10-28,CC,3-4,0.0,9.0,-6.0,1088
2025-10-28,CC,4-5,30.0,38.0,22.0,689
2025-10-28,CC,5-6,60.0,68.0,54.0,499
2025-10-28,CT,1-2,-1.55,-1.44,-1.59,5649
2025-10-28,CT,2-3,-1.2,-1.19,-1.28,2170
2025-10-28,CT,3-4,-1.13,-1.1,-1.15,1444
2025-10-28,CT,4-5,0.31,0.36,0.09,738
2025-10-28,CT,5-6,-0.85,,,
2025-10-28,KC,1-2,21.9,22.9,20.5,5695
2025-10-28,KC,2-3,14.8,15.5,14.2,2815
2025-10-28,KC,3-4,13.45,13.95,13.35,1312
2025-10-28,KC,4-5,13.05,13.5,12.85,679
2025-10-28,KC,5-6,10.65,11.05,10.35,635
2025-10-28,SB,1-2,0.35,0.4,0.34,15467
2025-10-28,SB,2-3,0.07,0.08,0.06,4140
2025-10-28,SB,3-4,-0.24,-0.23,-0.24,1904
2025-10-28,SB,4-5,-0.57,-0.55,-0.57,1007
2025-10-28,SB,5-6,0.22,0.23,0.22,695
2025-10-29,CC,1-2,-25.0,-5.0,-33.0,3102
2025-10-29,CC,2-3,17.0,31.0,8.0,1905
2025-10-29,CC,3-4,-2.0,5.0,-5.0,991
2025-10-29,CC,4-5,27.0,34.0,22.0,653
2025-10-29,CC,5-6,56.0,65.0,51.0,590
2025-10-29,CT,1-2,-1.5,-1.46,-1.57,9372
2025-10-29,CT,2-3,-1.2,-1.13,-1.23,3640
2025-10-29,CT,3-4,-1.11,-1.03,-1.15,3239
2025-10-29,CT,4-5,0.68,0.69,0.3,1659
2025-10-29,CT,5-6,-0.68,-0.62,-0.84,23
2025-10-29,KC,1-2,19.9,22.45,19.75,5246
2025-10-29,KC,2-3,14.25,14.95,14.15,1832
2025-10-29,KC,3-4,13.25,13.7,13.15,844
2025-10-29,KC,4-5,13.15,13.2,12.9,404
2025-10-29,KC,5-6,10.7,10.9,10.45,354
2025-10-29,SB,1-2,0.33,0.36,0.31,12713
2025-10-29,SB,2-3,0.06,0.1,0.05,6069
2025-10-29,SB,3-4,-0.24,-0.22,-0.25,2988
2025-10-29,SB,4-5,-0.56,-0.55,-0.57,1077
2025-10-29,SB,5-6,0.23,0.24,0.21,921
2025-10-30,CC,1-2,-45.0,-22.0,-59.0,3076
2025-10-30,CC,2-3,31.0,35.0,9.0,2159
2025-10-30,CC,3-4,9.0,12.0,-6.0,967
2025-10-30,CC,4-5,39.0,40.0,26.0,644
2025-10-30,CC,5-6,66.0,67.0,55.0,313
2025-10-30,CT,1-2,-1.57,-1.45,-1.6,8138
2025-10-30,CT,2-3,-1.22,-1.17,-1.26,3148
2025-10-30,CT,3-4,-1.14,-1.09,-1.17,2296
2025-10-30,CT,4-5,0.35,0.68,0.25,1974
2025-10-30,CT,5-6,-0.69,,,
2025-10-30,KC,1-2,19.75,20.55,18.2,6089
2025-10-30,KC,2-3,14.1,14.5,13.85,1714
2025-10-30,KC,3-4,13.3,13.55,12.9,1137
2025-10-30,KC,4-5,13.4,13.55,12.9,432
2025-10-30,KC,5-6,10.9,11.15,10.35,280
2025-10-30,SB,1-2,0.3,0.34,0.3,13726
2025-10-30,SB,2-3,0.07,0.08,0.05,3965
2025-10-30,SB,3-4,-0.25,-0.24,-0.25,3402
2025-10-30,SB,4-5,-0.58,-0.56,-0.58,805
2025-10-30,SB,5-6,0.23,0.23,0.21,1035
2025-10-31,CC,1-2,-99.0,-38.0,-107.0,6702
2025-10-31,CC,2-3,-5.0,57.0,-10.0,3882
2025-10-31,CC,3-4,5.0,26.0,,1893
2025-10-31,CC,4-5,35.0,48.0,29.0,1288
2025-10-31,CC,5-6,64.0,80.0,60.0,245
2025-10-31,CT,1-2,-1.19,-1.17,-1.6,18124
2025-10-31,CT,2-3,-1.17,-1.16,-1.22,3141
2025-10-31,CT,3-4,-1.12,-1.12,-1.15,1654
2025-10-31,CT,4-5,0.27,0.39,0.24,919
2025-10-31,CT,5-6,-0.66,-0.62,-0.62,5
2025-10-31,KC,1-2,19.8,20.4,18.1,5302
2025-10-31,KC,2-3,14.8,15.3,13.95,1546
2025-10-31,KC,3-4,14.1,14.35,13.45,845
2025-10-31,KC,4-5,13.7,14.05,13.45,541
2025-10-31,KC,5-6,10.95,11.5,10.8,320
2025-10-31,SB,1-2,0.38,0.4,0.3,15709
2025-10-31,SB,2-3,0.07,0.08,0.05,5191
2025-10-31,SB,3-4,-0.26,-0.24,-0.26,3975
2025-10-31,SB,4-5,-0.62,-0.57,-0.63,2436
2025-10-31,SB,5-6,0.22,0.23,0.21,1659
2025-11-03,CC,1-2,-105.0,-91.0,-115.0,5959
2025-11-03,CC,2-3,-7.0,2.0,-19.0,3353
2025-11-03,CC,3-4,13.0,19.0,-6.0,2010
2025-11-03,CC,4-5,45.0,52.0,26.0,1285
2025-11-03,CC,5-6,73.0,78.0,59.0,473
2025-11-03,CT,1-2,-1.2,-1.16,-1.37,14407
2025-11-03,CT,2-3,-1.14,-1.12,-1.2,3084
2025-11-03,CT,3-4,-1.11,-1.07,-1.15,2033
2025-11-03,CT,4-5,0.23,0.37,0.17,1033
2025-11-03,CT,5-6,-0.57,-0.62,-0.62,2
2025-11-03,KC,1-2,19.95,21.8,18.8,8367
2025-11-03,KC,2-3,15.35,15.7,15.0,2263
2025-11-03,KC,3-4,15.35,15.5,14.3,1703
2025-11-03,KC,4-5,14.95,15.45,13.85,1007
2025-11-03,KC,5-6,11.6,11.95,10.95,641
2025-11-03,SB,1-2,0.42,0.44,0.37,11150
2025-11-03,SB,2-3,0.1,0.11,0.07,6100
2025-11-03,SB,3-4,-0.23,-0.23,-0.25,3230
2025-11-03,SB,4-5,-0.58,-0.57,-0.63,2478
2025-11-03,SB,5-6,0.26,0.27,0.22,1059
2025-11-04,CC,1-2,-81.0,-75.0,-115.0,5372
2025-11-04,CC,2-3,-14.0,-2.0,-18.0,3866
2025-11-04,CC,3-4,1.0,14.0,,1504
2025-11-04,CC,4-5,32.0,44.0,31.0,927
2025-11-04,CC,5-6,59.0,72.0,59.0,610
2025-11-04,CT,1-2,-1.22,-1.15,-1.31,12273
2025-11-04,CT,2-3,-1.15,-1.1,-1.19,2503
2025-11-04,CT,3-4,-1.1,-1.06,-1.13,1863
2025-11-04,CT,4-5,0.08,0.24,0.03,913
2025-11-04,CT,5-6,-0.55,-0.56,-0.58,3
2025-11-04,KC,1-2,19.9,21.05,19.65,6686
2025-11-04,KC,2-3,14.55,15.65,14.35,2101
2025-11-04,KC,3-4,14.35,15.65,14.25,1371
2025-11-04,KC,4-5,14.45,15.5,14.25,1052
2025-11-04,KC,5-6,11.6,12.1,11.4,773
2025-11-04,SB,1-2,0.37,0.44,0.35,9344
2025-11-04,SB,2-3,0.03,0.1,0.02,7287
2025-11-04,SB,3-4,-0.27,-0.23,-0.28,5495
2025-11-04,SB,4-5,-0.66,-0.57,-0.67,4262
2025-11-04,SB,5-6,0.18,0.26,0.16,2880
2025-11-05,CC,1-2,-73.0,-52.0,-94.0,4362
2025-11-05,CC,2-3,-22.0,-6.0,-24.0,2957
2025-11-05,CC,3-4,-8.0,9.0,-11.0,1203
2025-11-05,CC,4-5,26.0,41.0,26.0,710
2025-11-05,CC,5-6,58.0,73.0,55.0,573
2025-11-05,CT,1-2,-1.17,-1.15,-1.28,13108
2025-11-05,CT,2-3,-1.17,-1.14,-1.2,2812
2025-11-05,CT,3-4,-1.09,-1.09,-1.13,1609
2025-11-05,CT,4-5,0.05,0.16,-0.05,1382
2025-11-05,CT,5-6,-0.5,-0.48,-0.55,8
2025-11-05,KC,1-2,19.2,20.4,18.95,10908
2025-11-05,KC,2-3,14.3,15.2,13.95,2683
2025-11-05,KC,3-4,13.95,14.8,13.8,2001
2025-11-05,KC,4-5,14.1,15.05,13.9,1401
2025-11-05,KC,5-6,11.5,12.0,11.4,762
2025-11-05,SB,1-2,0.36,0.41,0.35,9261
2025-11-05,SB,2-3,0.04,0.05,0.02,4503
2025-11-05,SB,3-4,-0.27,-0.26,-0.28,2809
2025-11-05,SB,4-5,-0.65,-0.64,-0.68,2120
2025-11-05,SB,5-6,0.16,0.17,0.14,1136
2025-11-06,CC,1-2,-87.0,-48.0,-94.0,6116
2025-11-06,CC,2-3,-1.0,2.0,-20.0,2867
2025-11-06,CC,3-4,0.0,7.0,-9.0,1450
2025-11-06,CC,4-5,35.0,43.0,27.0,1005
2025-11-06,CC,5-6,64.0,67.0,56.0,602
2025-11-06,CT,1-2,-1.23,-1.03,-1.25,16057
2025-11-06,CT,2-3,-1.21,-1.15,-1.22,3030
2025-11-06,CT,3-4,-1.09,-1.07,-1.12,2161
2025-11-06,CT,4-5,-0.13,0.09,-0.16,1166
2025-11-06,CT,5-6,-0.69,-0.55,-0.7,42
2025-11-06,KC,1-2,17.7,19.95,17.55,10637
2025-11-06,KC,2-3,14.05,14.45,13.8,2945
2025-11-06,KC,3-4,13.25,13.95,13.2,1493
2025-11-06,KC,4-5,12.7,14.15,12.6,1194
2025-11-06,KC,5-6,10.05,11.75,10.0,779
2025-11-06,SB,1-2,0.34,0.39,0.32,9788
2025-11-06,SB,2-3,0.06,0.08,0.03,4502
2025-11-06,SB,3-4,-0.26,-0.25,-0.28,2894
2025-11-06,SB,4-5,-0.64,-0.63,-0.66,846
2025-11-06,SB,5-6,0.16,0.17,0.14,950
2025-11-07,CC,1-2,-130.0,-84.0,-137.0,7173
2025-11-07,CC,2-3,9.0,18.0,-11.0,3082
2025-11-07,CC,3-4,-2.0,4.0,-6.0,1013
2025-11-07,CC,4-5,31.0,39.0,28.0,691
2025-11-07,CC,5-6,58.0,67.0,55.0,496
2025-11-07,CT,1-2,-1.52,-1.18,-1.55,23031
2025-11-07,CT,2-3,-1.21,-1.15,-1.23,5760
2025-11-07,CT,3-4,-1.09,-1.06,-1.11,3562
2025-11-07,CT,4-5,-0.34,-0.05,-0.39,2174
2025-11-07,CT,5-6,-0.73,-0.72,-0.82,8
2025-11-07,KC,1-2,21.95,23.3,18.0,14334
2025-11-07,KC,2-3,14.9,15.55,13.95,5049
2025-11-07,KC,3-4,13.9,14.3,13.1,1819
2025-11-07,KC,4-5,13.1,13.5,12.55,1214
2025-11-07,KC,5-6,10.1,10.35,9.55,705
2025-11-07,SB,1-2,0.37,0.38,0.34,8704
2025-11-07,SB,2-3,0.05,0.07,0.04,3892
2025-11-07,SB,3-4,-0.27,-0.25,-0.27,1501
2025-11-07,SB,4-5,-0.65,-0.62,-0.65,741
2025-11-07,SB,5-6,0.14,0.17,0.14,678
2025-11-10,CC,1-2,-99.0,-85.0,-137.0,5833
2025-11-10,CC,2-3,20.0,29.0,-8.0,4195
2025-11-10,CC,3-4,13.0,25.0,-9.0,2190
2025-11-10,CC,4-5,44.0,62.0,28.0,1763
2025-11-10,CC,5-6,74.0,94.0,53.0,1827
2025-11-10,CT,1-2,-1.46,-1.38,-1.58,26301
2025-11-10,CT,2-3,-1.15,-1.13,-1.23,6662
2025-11-10,CT,3-4,-1.01,-1.0,-1.1,3035
2025-11-10,CT,4-5,-0.13,-0.09,-0.36,1018
2025-11-10,CT,5-6,-0.7,,,
2025-11-10,KC,1-2,21.6,23.75,21.0,13234
2025-11-10,KC,2-3,14.95,15.25,14.45,3832
2025-11-10,KC,3-4,14.3,14.75,13.6,2147
2025-11-10,KC,4-5,13.05,13.45,12.5,1917
2025-11-10,KC,5-6,9.65,10.25,9.3,1118
2025-11-10,SB,1-2,0.41,0.42,0.35,12614
2025-11-10,SB,2-3,0.09,0.1,0.05,6459
2025-11-10,SB,3-4,-0.27,-0.25,-0.28,3049
2025-11-10,SB,4-5,-0.65,-0.64,-0.67,1264
2025-11-10,SB,5-6,0.14,0.16,0.13,960
2025-11-11,CC,1-2,-100.0,-86.0,-108.0,4702
2025-11-11,CC,2-3,21.0,30.0,8.0,3686
2025-11-11,CC,3-4,4.0,22.0,-5.0,2230
2025-11-11,CC,4-5,30.0,53.0,22.0,1467
2025-11-11,CC,5-6,58.0,84.0,44.0,1102
2025-11-11,CT,1-2,-1.5,-1.26,-1.56,29457
2025-11-11,CT,2-3,-1.19,-1.11,-1.19,5449
2025-11-11,CT,3-4,-1.08,-1.0,-1.09,1981
2025-11-11,CT,4-5,-0.39,-0.06,-0.4,678
2025-11-11,CT,5-6,-0.73,,,
2025-11-11,KC,1-2,23.4,23.7,20.25,10716
2025-11-11,KC,2-3,15.65,16.3,14.85,4507
2025-11-11,KC,3-4,15.1,15.5,14.25,1879
2025-11-11,KC,4-5,13.15,13.6,12.7,1252
2025-11-11,KC,5-6,9.2,10.0,9.05,1061
2025-11-11,SB,1-2,0.39,0.41,0.37,8467
2025-11-11,SB,2-3,0.08,0.09,0.06,2934
2025-11-11,SB,3-4,-0.28,-0.26,-0.28,1480
2025-11-11,SB,4-5,-0.67,-0.65,-0.67,420
2025-11-11,SB,5-6,0.14,0.16,0.13,427
2025-11-12,CC,1-2,-132.0,-94.0,-139.0,4086
2025-11-12,CC,2-3,-16.0,20.0,-20.0,3697
2025-11-12,CC,3-4,-18.0,5.0,-28.0,2646
2025-11-12,CC,4-5,12.0,26.0,5.0,2602
2025-11-12,CC,5-6,32.0,49.0,28.0,1303
2025-11-12,CT,1-2,-1.51,-1.46,-1.81,27182
2025-11-12,CT,2-3,-1.19,-1.16,-1.21,4858
2025-11-12,CT,3-4,-1.1,-1.08,-1.14,3380
2025-11-12,CT,4-5,-0.7,-0.39,-0.74,1886
2025-11-12,CT,5-6,-0.72,,,
2025-11-12,KC,1-2,27.0,27.45,23.1,14674
2025-11-12,KC,2-3,15.85,16.4,14.95,5972
2025-11-12,KC,3-4,14.35,15.2,14.25,2616
2025-11-12,KC,4-5,12.8,13.25,12.5,1258
2025-11-12,KC,5-6,8.95,9.7,8.8,1500
2025-11-12,SB,1-2,0.45,0.46,0.38,13349
2025-11-12,SB,2-3,0.08,0.1,0.06,5009
2025-11-12,SB,3-4,-0.27,-0.26,-0.28,3107
2025-11-12,SB,4-5,-0.67,-0.66,-0.68,1552
2025-11-12,SB,5-6,0.14,0.15,0.13,1090
2025-11-13,CC,1-2,-167.0,-130.0,-173.0,6436
2025-11-13,CC,2-3,-6.0,-3.0,-22.0,3665
2025-11-13,CC,3-4,-13.0,-11.0,-27.0,2194
2025-11-13,CC,4-5,9.0,14.0,2.0,1301
2025-11-13,CC,5-6,29.0,37.0,23.0,464
2025-11-13,CT,1-2,-1.63,-1.48,-1.67,20504
2025-11-13,CT,2-3,-1.17,-1.13,-1.2,5244
2025-11-13,CT,3-4,-1.11,-1.1,-1.13,2416
2025-11-13,CT,4-5,-0.76,-0.62,-0.77,1319
2025-11-13,CT,5-6,-0.79,,,
2025-11-13,KC,1-2,27.45,27.75,26.0,7659
2025-11-13,KC,2-3,15.6,16.35,15.1,4879
2025-11-13,KC,3-4,14.0,14.8,13.7,1578
2025-11-13,KC,4-5,11.95,12.95,11.7,1099
2025-11-13,KC,5-6,8.25,9.4,7.9,1145
2025-11-13,SB,1-2,0.45,0.46,0.42,6611
2025-11-13,SB,2-3,0.07,0.09,0.06,3063
2025-11-13,SB,3-4,-0.26,-0.26,-0.28,2333
2025-11-13,SB,4-5,-0.69,-0.66,-0.69,1098
2025-11-13,SB,5-6,0.13,0.16,0.12,507
2025-11-14,CC,1-2,-170.0,-137.0,-177.0,4435
2025-11-14,CC,2-3,-42.0,-14.0,-50.0,6093
2025-11-14,CC,3-4,-42.0,-14.0,-50.0,3088
2025-11-14,CC,4-5,-3.0,9.0,-5.0,2076
2025-11-14,CC,5-6,18.0,30.0,16.0,1095
2025-11-14,CT,1-2,-1.64,-1.53,-1.88,19777
2025-11-14,CT,2-3,-1.22,-1.12,-1.24,8062
2025-11-14,CT,3-4,-1.14,-1.09,-1.16,3964
2025-11-14,CT,4-5,-1.09,-0.58,-1.13,2055
2025-11-14,CT,5-6,-0.87,-0.8,-0.9,42
2025-11-14,KC,1-2,25.8,27.9,25.55,6028
2025-11-14,KC,2-3,17.1,17.35,15.3,5222
2025-11-14,KC,3-4,14.5,15.5,13.6,2050
2025-11-14,KC,4-5,11.6,12.25,11.3,1424
2025-11-14,KC,5-6,7.7,8.9,7.55,1745
2025-11-14,SB,1-2,0.47,0.48,0.43,11515
2025-11-14,SB,2-3,0.1,0.11,0.06,5755
2025-11-14,SB,3-4,-0.25,-0.24,-0.27,2729
2025-11-14,SB,4-5,-0.67,-0.66,-0.69,1270
2025-11-14,SB,5-6,0.15,0.16,0.12,994
2025-11-17,CC,1-2,-172.0,-168.0,-178.0,3491
2025-11-17,CC,2-3,-32.0,-25.0,-60.0,3528
2025-11-17,CC,3-4,-50.0,-42.0,-66.0,2149
2025-11-17,CC,4-5,-6.0,2.0,-10.0,1132
2025-11-17,CC,5-6,20.0,23.0,16.0,449
2025-11-17,CT,1-2,-1.7,-1.58,-1.77,11116
2025-11-17,CT,2-3,-1.19,-1.16,-1.22,3917
2025-11-17,CT,3-4,-1.1,-1.08,-1.16,2521
2025-11-17,CT,4-5,-1.24,-1.05,-1.39,1631
2025-11-17,CT,5-6,-0.88,-0.85,-0.94,17
2025-11-17,KC,1-2,25.95,27.0,23.4,6080
2025-11-17,KC,2-3,17.85,18.0,16.7,3356
2025-11-17,KC,3-4,15.05,15.65,14.3,2249
2025-11-17,KC,4-5,11.75,12.4,11.35,1076
2025-11-17,KC,5-6,8.25,8.95,7.7,982
2025-11-17,SB,1-2,0.43,0.47,0.41,9006
2025-11-17,SB,2-3,0.06,0.11,0.05,4627
2025-11-17,SB,3-4,-0.3,-0.25,-0.3,5499
2025-11-17,SB,4-5,-0.69,-0.67,-0.7,1718
2025-11-17,SB,5-6,0.15,0.16,0.13,794
2025-11-18,CC,1-2,-166.0,-154.0,-179.0,4694
2025-11-18,CC,2-3,-21.0,-12.0,-46.0,3841
2025-11-18,CC,3-4,-41.0,-37.0,-60.0,1452
2025-11-18,CC,4-5,-3.0,3.0,-10.0,718
2025-11-18,CC,5-6,23.0,27.0,16.0,399
2025-11-18,CT,1-2,-1.82,-1.72,-1.94,13752
2025-11-18,CT,2-3,-1.18,-1.13,-1.2,4242
2025-11-18,CT,3-4,-1.05,-1.03,-1.11,2696
2025-11-18,CT,4-5,-1.19,-1.06,-1.31,1488
2025-11-18,CT,5-6,-0.85,-0.8,-0.86,10
2025-11-18,KC,1-2,27.65,29.0,17.5,6134
2025-11-18,KC,2-3,17.45,18.15,17.2,4544
2025-11-18,KC,3-4,15.9,16.35,15.15,2047
2025-11-18,KC,4-5,12.9,13.3,11.8,1400
2025-11-18,KC,5-6,9.25,9.45,8.1,1262
2025-11-18,SB,1-2,0.46,0.47,0.41,7291
2025-11-18,SB,2-3,0.06,0.08,0.05,3604
2025-11-18,SB,3-4,-0.32,-0.29,-0.32,5386
2025-11-18,SB,4-5,-0.69,-0.68,-0.7,1319
2025-11-18,SB,5-6,0.13,0.15,0.13,557
2025-11-19,CC,1-2,-161.0,-147.0,-177.0,2445
2025-11-19,CC,2-3,-62.0,-19.0,-65.0,5189
2025-11-19,CC,3-4,-58.0,-37.0,-60.0,2049
2025-11-19,CC,4-5,-10.0,1.0,-13.0,1234
2025-11-19,CC,5-6,23.0,28.0,21.0,850
2025-11-19,CT,1-2,-1.48,-1.4,-1.82,7335
2025-11-19,CT,2-3,-1.25,-1.15,-1.25,4278
2025-11-19,CT,3-4,-1.09,-1.03,-1.1,1733
2025-11-19,CT,4-5,-1.44,-1.1,-1.44,1261
2025-11-19,CT,5-6,-0.87,-0.86,-0.86,1
2025-11-19,KC,1-2,29.65,30.05,20.0,339
2025-11-19,KC,2-3,17.55,18.0,17.2,2743
2025-11-19,KC,3-4,15.05,15.85,14.9,1380
2025-11-19,KC,4-5,11.9,13.0,11.8,911
2025-11-19,KC,5-6,8.25,9.15,8.2,868
2025-11-19,SB,1-2,0.46,0.5,0.45,10194
2025-11-19,SB,2-3,0.07,0.09,0.06,3891
2025-11-19,SB,3-4,-0.33,-0.3,-0.34,4262
2025-11-19,SB,4-5,-0.69,-0.68,-0.7,773
2025-11-19,SB,5-6,0.14,0.16,0.13,687
2025-11-20,CC,1-2,-174.0,-155.0,-175.0,1198
2025-11-20,CC,2-3,-44.0,-40.0,-61.0,3925
2025-11-20,CC,3-4,-49.0,-43.0,-62.0,1733
2025-11-20,CC,4-5,-2.0,5.0,-10.0,1162
2025-11-20,CC,5-6,29.0,37.0,22.0,273
2025-11-20,CT,1-2,-2.06,-1.21,-2.49,3438
2025-11-20,CT,2-3,-1.26,-1.18,-1.27,3074
2025-11-20,CT,3-4,-1.11,-1.05,-1.12,1154
2025-11-20,CT,4-5,-1.44,-1.23,-1.46,808
2025-11-20,CT,5-6,-0.83,-0.85,-0.86,4
2025-11-20,KC,1-2,29.85,30.05,29.35,103
2025-11-20,KC,2-3,17.15,18.0,16.75,2775
2025-11-20,KC,3-4,15.15,15.55,14.85,845
2025-11-20,KC,4-5,12.1,12.35,11.9,608
2025-11-20,KC,5-6,8.15,8.5,8.05,648
2025-11-20,SB,1-2,0.47,0.48,0.44,5691
2025-11-20,SB,2-3,0.06,0.07,0.05,2879
2025-11-20,SB,3-4,-0.34,-0.32,-0.34,3962
2025-11-20,SB,4-5,-0.69,-0.68,-0.7,868
2025-11-20,SB,5-6,0.14,0.15,0.13,555
2025-11-21,CC,1-2,-75.0,-48.0,-140.0,29
2025-11-21,CC,2-3,-39.0,-35.0,-50.0,3259
2025-11-21,CC,3-4,-52.0,-43.0,-58.0,1253
2025-11-21,CC,4-5,-10.0,6.0,-15.0,1173
2025-11-21,CC,5-6,24.0,34.0,21.0,293
2025-11-21,CT,1-2,-2.5,-1.21,-2.87,110
2025-11-21,CT,2-3,-1.22,-1.2,-1.29,4266
2025-11-21,CT,3-4,-1.11,-1.08,-1.15,1731
2025-11-21,CT,4-5,-1.41,-1.36,-1.57,1665
2025-11-21,CT,5-6,-0.93,-0.86,-0.97,40
2025-11-21,KC,1-2,30.55,31.1,28.15,153
2025-11-21,KC,2-3,17.2,17.5,15.05,6547
2025-11-21,KC,3-4,14.65,14.9,13.7,2968
2025-11-21,KC,4-5,11.25,11.7,10.75,1802
2025-11-21,KC,5-6,7.1,7.9,6.9,1629
2025-11-21,SB,1-2,0.49,0.5,0.45,7489
2025-11-21,SB,2-3,0.07,0.08,0.06,2340
2025-11-21,SB,3-4,-0.32,-0.31,-0.34,2176
2025-11-21,SB,4-5,-0.7,-0.69,-0.7,408
2025-11-21,SB,5-6,0.14,0.15,0.14,401
2025-11-24,CC,1-2,-100.0,,,
2025-11-24,CC,2-3,-14.0,-12.0,-49.0,4367
2025-11-24,CC,3-4,-31.0,-29.0,-59.0,1804
2025-11-24,CC,4-5,-1.0,,-15.0,1153
2025-11-24,CC,5-6,29.0,30.0,21.0,368
2025-11-24,CT,1-2,-2.56,-1.2,-2.8,37
2025-11-24,CT,2-3,-1.23,-1.18,-1.24,2941
2025-11-24,CT,3-4,-1.11,-1.05,-1.14,1574
2025-11-24,CT,4-5,-1.3,-1.12,-1.4,1658
2025-11-24,CT,5-6,-0.88,-0.87,-0.9,6
2025-11-24,KC,1-2,30.9,31.15,30.1,106
2025-11-24,KC,2-3,17.55,17.7,17.05,2465
2025-11-24,KC,3-4,15.4,15.6,14.35,1342
2025-11-24,KC,4-5,11.7,11.95,11.0,916
2025-11-24,KC,5-6,7.7,7.85,7.05,370
2025-11-24,SB,1-2,0.47,0.5,0.46,6826
2025-11-24,SB,2-3,0.06,0.07,0.05,2166
2025-11-24,SB,3-4,-0.33,-0.31,-0.34,2428
2025-11-24,SB,4-5,-0.7,-0.68,-0.7,664
2025-11-24,SB,5-6,0.15,0.15,0.13,269
2025-11-25,CC,1-2,-100.0,,,
2025-11-25,CC,2-3,-28.0,-14.0,-39.0,4083
2025-11-25,CC,3-4,-43.0,-30.0,-50.0,1798
2025-11-25,CC,4-5,-2.0,4.0,-10.0,1479
2025-11-25,CC,5-6,24.0,27.0,19.0,499
2025-11-25,CT,1-2,-1.8,-1.25,-1.3,23
2025-11-25,CT,2-3,-1.2,-1.15,-1.23,2864
2025-11-25,CT,3-4,-1.08,-1.03,-1.09,2084
2025-11-25,CT,4-5,-1.25,-0.89,-1.3,1946
2025-11-25,CT,5-6,-0.88,-0.83,-0.89,25
2025-11-25,KC,1-2,30.9,31.2,30.75,111
2025-11-25,KC,2-3,17.6,17.75,17.15,2507
2025-11-25,KC,3-4,15.0,15.7,14.35,1701
2025-11-25,KC,4-5,11.65,12.0,11.35,903
2025-11-25,KC,5-6,7.65,8.15,7.15,947
2025-11-25,SB,1-2,0.46,0.48,0.45,5608
2025-11-25,SB,2-3,0.06,0.07,0.05,3357
2025-11-25,SB,3-4,-0.33,-0.32,-0.33,1647
2025-11-25,SB,4-5,-0.7,-0.69,-0.7,530
2025-11-25,SB,5-6,0.16,0.15,0.14,531
2025-11-26,CC,1-2,-100.0,-60.0,-60.0,2
2025-11-26,CC,2-3,-35.0,-23.0,-42.0,2680
2025-11-26,CC,3-4,-42.0,-34.0,-49.0,1154
2025-11-26,CC,4-5,-2.0,8.0,-5.0,783
2025-11-26,CC,5-6,22.0,32.0,20.0,247
2025-11-26,CT,1-2,-1.8,,,
2025-11-26,CT,2-3,-1.18,-1.16,-1.21,3520
2025-11-26,CT,3-4,-1.02,-1.0,-1.08,2919
2025-11-26,CT,4-5,-1.05,-1.01,-1.3,2637
2025-11-26,CT,5-6,-0.83,-0.81,-0.88,22
2025-11-26,KC,1-2,31.8,32.05,31.25,81
2025-11-26,KC,2-3,17.0,17.55,16.45,3005
2025-11-26,KC,3-4,14.7,15.15,14.45,1177
2025-11-26,KC,4-5,11.65,12.05,11.45,987
2025-11-26,KC,5-6,8.55,8.75,7.4,1761
2025-11-26,SB,1-2,0.46,0.48,0.45,9629
2025-11-26,SB,2-3,0.05,0.07,0.05,3451
2025-11-26,SB,3-4,-0.3,-0.3,-0.33,2186
2025-11-26,SB,4-5,-0.67,-0.66,-0.69,1115
2025-11-26,SB,5-6,0.18,0.18,0.15,933
2025-11-28,CC,1-2,-100.0,,,
2025-11-28,CC,2-3,-7.0,-4.0,-32.0,4124
2025-11-28,CC,3-4,-18.0,-11.0,-42.0,1147
2025-11-28,CC,4-5,18.0,26.0,-1.0,737
2025-11-28,CC,5-6,40.0,44.0,21.0,433
2025-11-28,CT,1-2,-1.8,,,
2025-11-28,CT,2-3,-1.21,-1.13,-1.22,2449
2025-11-28,CT,3-4,-1.04,-0.98,-1.05,1543
2025-11-28,CT,4-5,-1.16,-1.01,-1.22,1283
2025-11-28,CT,5-6,-0.84,-0.8,-0.82,3
2025-11-28,KC,1-2,31.8,32.2,31.25,17
2025-11-28,KC,2-3,17.2,17.3,16.15,2876
2025-11-28,KC,3-4,14.45,14.75,14.35,802
2025-11-28,KC,4-5,11.45,11.75,11.4,626
2025-11-28,KC,5-6,7.9,8.7,7.8,871
2025-11-28,SB,1-2,0.48,0.5,0.46,10200
2025-11-28,SB,2-3,0.05,0.06,0.04,4520
2025-11-28,SB,3-4,-0.3,-0.29,-0.32,2427
2025-11-28,SB,4-5,-0.66,-0.66,-0.68,1192
2025-11-28,SB,5-6,0.16,0.19,0.16,551
2025-12-01,CC,1-2,-100.0,,,
2025-12-01,CC,2-3,-30.0,3.0,-34.0,5400
2025-12-01,CC,3-4,-16.0,,-22.0,2077
2025-12-01,CC,4-5,22.0,31.0,16.0,1237
2025-12-01,CC,5-6,40.0,51.0,36.0,402
2025-12-01,CT,1-2,-1.15,-1.14,-1.22,3554
2025-12-01,CT,2-3,-1.03,-1.0,-1.07,1448
2025-12-01,CT,3-4,-1.22,-1.15,-1.27,1175
2025-12-01,CT,4-5,-0.81,-0.82,-0.82,2
2025-12-01,CT,5-6,-0.7,,,
2025-12-01,KC,1-2,31.8,32.2,31.1,35
2025-12-01,KC,2-3,17.25,17.4,16.6,2842
2025-12-01,KC,3-4,14.15,14.55,13.75,1675
2025-12-01,KC,4-5,10.95,11.6,10.8,1143
2025-12-01,KC,5-6,7.55,8.35,7.45,1301
2025-12-01,SB,1-2,0.47,0.5,0.45,10530
2025-12-01,SB,2-3,0.01,0.06,0.01,6326
2025-12-01,SB,3-4,-0.35,-0.29,-0.35,4760
2025-12-01,SB,4-5,-0.69,-0.66,-0.69,1418
2025-12-01,SB,5-6,0.14,0.17,0.13,505
2025-12-02,CC,1-2,-54.0,,,
2025-12-02,CC,2-3,-27.0,-5.0,-33.0,4677
2025-12-02,CC,3-4,-27.0,-2.0,-30.0,1535
2025-12-02,CC,4-5,11.0,29.0,8.0,979
2025-12-02,CC,5-6,34.0,50.0,29.0,451
2025-12-02,CT,1-2,-1.14,-1.11,-1.17,2904
2025-12-02,CT,2-3,-1.0,-0.98,-1.06,2524
2025-12-02,CT,3-4,-1.28,-1.17,-1.31,1222
2025-12-02,CT,4-5,-0.85,-0.84,-0.88,9
2025-12-02,CT,5-6,-0.71,,,
2025-12-02,KC,1-2,32.1,32.15,31.3,31
2025-12-02,KC,2-3,17.4,17.5,16.8,2646
2025-12-02,KC,3-4,14.05,14.2,13.7,1577
2025-12-02,KC,4-5,11.0,11.2,10.7,1200
2025-12-02,KC,5-6,8.2,8.65,7.75,2363
2025-12-02,SB,1-2,0.51,0.51,0.44,9359
2025-12-02,SB,2-3,0.07,0.07,0.01,6555
2025-12-02,SB,3-4,-0.33,-0.32,-0.35,3211
2025-12-02,SB,4-5,-0.68,-0.67,-0.69,1514
2025-12-02,SB,5-6,0.15,0.16,0.13,628
2025-12-03,CC,1-2,-51.0,,,
2025-12-03,CC,2-3,-24.0,-14.0,-29.0,2620
2025-12-03,CC,3-4,-19.0,-18.0,-26.0,935
2025-12-03,CC,4-5,10.0,12.0,5.0,444
2025-12-03,CC,5-6,30.0,35.0,26.0,288
2025-12-03,CT,1-2,-1.14,-1.12,-1.18,2244
2025-12-03,CT,2-3,-1.0,-0.97,-1.02,1352
2025-12-03,CT,3-4,-1.3,-1.21,-1.33,1906
2025-12-03,CT,4-5,-0.88,-0.86,-0.9,11
2025-12-03,CT,5-6,-0.73,,,
2025-12-03,KC,1-2,31.3,32.0,27.85,29
2025-12-03,KC,2-3,17.35,17.6,17.05,2596
2025-12-03,KC,3-4,13.5,14.0,13.25,2685
2025-12-03,KC,4-5,10.85,11.15,10.75,874
2025-12-03,KC,5-6,8.5,8.75,8.2,900
2025-12-03,SB,1-2,0.48,0.51,0.47,5902
2025-12-03,SB,2-3,0.04,0.07,0.03,2931
2025-12-03,SB,3-4,-0.34,-0.32,-0.35,2243
2025-12-03,SB,4-5,-0.68,-0.67,-0.69,599
2025-12-03,SB,5-6,0.16,0.17,0.15,494
2025-12-04,CC,1-2,-52.0,18.0,18.0,1
2025-12-04,CC,2-3,-21.0,-16.0,-32.0,3090
2025-12-04,CC,3-4,-15.0,-11.0,-34.0,1544
2025-12-04,CC,4-5,13.0,17.0,1.0,734
2025-12-04,CC,5-6,27.0,32.0,24.0,386
2025-12-04,CT,1-2,-1.15,-1.11,-1.16,1895
2025-12-04,CT,2-3,-1.03,-0.97,-1.04,1189
2025-12-04,CT,3-4,-1.39,-1.27,-1.4,1104
2025-12-04,CT,4-5,-0.89,-0.89,-0.9,3
2025-12-04,CT,5-6,-0.73,,,
2025-12-04,KC,1-2,31.45,32.05,30.8,36
2025-12-04,KC,2-3,17.4,17.6,17.0,2573
2025-12-04,KC,3-4,13.55,13.7,13.25,1561
2025-12-04,KC,4-5,11.05,11.2,10.75,742
2025-12-04,KC,5-6,8.6,8.7,8.35,595
2025-12-04,SB,1-2,0.46,0.48,0.44,5467
2025-12-04,SB,2-3,0.02,0.04,0.02,2670
2025-12-04,SB,3-4,-0.32,-0.31,-0.34,2680
2025-12-04,SB,4-5,-0.67,-0.67,-0.69,1395
2025-12-04,SB,5-6,0.17,0.18,0.16,403
2025-12-05,CC,1-2,-53.0,,,
2025-12-05,CC,2-3,-16.0,-10.0,-25.0,2938
2025-12-05,CC,3-4,-5.0,5.0,-21.0,2316
2025-12-05,CC,4-5,25.0,30.0,8.0,1003
2025-12-05,CC,5-6,39.0,44.0,25.0,363
2025-12-05,CT,1-2,-1.07,-1.06,-1.15,4314
2025-12-05,CT,2-3,-1.03,-1.01,-1.06,1993
2025-12-05,CT,3-4,-1.48,-1.32,-1.51,1977
2025-12-05,CT,4-5,-0.9,-0.9,-0.91,10
2025-12-05,CT,5-6,-0.73,,,
2025-12-05,KC,1-2,31.4,32.25,31.4,51
2025-12-05,KC,2-3,17.5,17.8,17.1,2216
2025-12-05,KC,3-4,13.5,13.6,13.4,851
2025-12-05,KC,4-5,10.95,11.1,10.85,545
2025-12-05,KC,5-6,8.45,8.6,8.35,205
2025-12-05,SB,1-2,0.42,0.46,0.41,9448
2025-12-05,SB,2-3,0.01,0.03,0.01,3468
2025-12-05,SB,3-4,-0.32,-0.3,-0.32,1804
2025-12-05,SB,4-5,-0.67,-0.66,-0.67,599
2025-12-05,SB,5-6,0.16,0.18,0.16,283
2025-12-08,CC,1-2,-53.0,-35.0,-35.0,1
2025-12-08,CC,2-3,-22.0,-5.0,-23.0,3849
2025-12-08,CC,3-4,-17.0,2.0,-19.0,1336
2025-12-08,CC,4-5,19.0,32.0,15.0,992
2025-12-08,CC,5-6,36.0,45.0,33.0,200
2025-12-08,CT,1-2,-1.08,-1.0,-1.09,3634
2025-12-08,CT,2-3,-1.04,-0.95,-1.05,3314
2025-12-08,CT,3-4,-1.6,-1.39,-1.61,2668
2025-12-08,CT,4-5,-0.99,-0.87,-1.0,133
2025-12-08,CT,5-6,-0.81,-0.76,-0.79,3
2025-12-08,KC,1-2,29.85,32.15,27.4,31
2025-12-08,KC,2-3,17.4,17.8,17.0,3120
2025-12-08,KC,3-4,13.5,13.6,13.35,1091
2025-12-08,KC,4-5,10.85,11.0,10.75,698
2025-12-08,KC,5-6,8.5,8.65,8.3,304
2025-12-08,SB,1-2,0.38,0.42,0.38,7929
2025-12-08,SB,2-3,0.02,0.03,0.01,4394
2025-12-08,SB,3-4,-0.31,-0.3,-0.32,1722
2025-12-08,SB,4-5,-0.67,-0.66,-0.68,475
2025-12-08,SB,5-6,0.16,0.17,0.16,312
2025-12-09,CC,1-2,-53.0,-35.0,-35.0,2
2025-12-09,CC,2-3,-18.0,-5.0,-21.0,4585
2025-12-09,CC,3-4,-12.0,5.0,-13.0,2023
2025-12-09,CC,4-5,29.0,39.0,22.0,1135
2025-12-09,CC,5-6,41.0,48.0,36.0,258
2025-12-09,CT,1-2,-1.06,-1.03,-1.1,3372
2025-12-09,CT,2-3,-0.99,-0.98,-1.08,3334
2025-12-09,CT,3-4,-1.62,-1.47,-1.77,3022
2025-12-09,CT,4-5,-0.93,-0.87,-0.99,90
2025-12-09,CT,5-6,-0.77,-0.71,-0.71,1
2025-12-09,KC,1-2,25.45,31.2,26.4,12
2025-12-09,KC,2-3,17.35,17.6,17.1,2267
2025-12-09,KC,3-4,13.25,13.55,13.2,1170
2025-12-09,KC,4-5,10.65,10.95,10.55,773
2025-12-09,KC,5-6,8.35,8.65,8.3,334
2025-12-09,SB,1-2,0.37,0.4,0.36,13532
2025-12-09,SB,2-3,0.01,0.04,0.01,9747
2025-12-09,SB,3-4,-0.32,-0.3,-0.33,2817
2025-12-09,SB,4-5,-0.67,-0.66,-0.68,1001
2025-12-09,SB,5-6,0.15,0.16,0.14,833
2025-12-10,CC,1-2,-53.0,,,
2025-12-10,CC,2-3,-15.0,-7.0,-24.0,6534
2025-12-10,CC,3-4,10.0,14.0,-10.0,2967
2025-12-10,CC,4-5,47.0,55.0,32.0,1866
2025-12-10,CC,5-6,61.0,66.0,40.0,590
2025-12-10,CT,1-2,-1.05,-1.01,-1.06,2435
2025-12-10,CT,2-3,-0.99,-0.95,-1.01,2375
2025-12-10,CT,3-4,-1.52,-1.48,-1.63,1471
2025-12-10,CT,4-5,-0.89,-0.89,-0.96,24
2025-12-10,CT,5-6,-0.7,-0.69,-0.73,5
2025-12-10,KC,1-2,28.5,30.9,26.4,8
2025-12-10,KC,2-3,17.1,17.55,17.05,2501
2025-12-10,KC,3-4,12.9,13.4,12.8,1398
2025-12-10,KC,4-5,10.45,10.7,10.3,994
2025-12-10,KC,5-6,8.45,8.55,8.3,347
2025-12-10,SB,1-2,0.42,0.43,0.37,10389
2025-12-10,SB,2-3,0.03,0.05,0.02,6354
2025-12-10,SB,3-4,-0.3,-0.29,-0.33,2169
2025-12-10,SB,4-5,-0.67,-0.66,-0.67,650
2025-12-10,SB,5-6,0.17,0.17,0.15,960
2025-12-11,CC,1-2,-53.0,,,
2025-12-11,CC,2-3,-27.0,-18.0,-30.0,5478
2025-12-11,CC,3-4,-5.0,6.0,-8.0,2716
2025-12-11,CC,4-5,32.0,46.0,27.0,1526
2025-12-11,CC,5-6,46.0,65.0,45.0,788
2025-12-11,CT,1-2,-1.08,-1.01,-1.11,3463
2025-12-11,CT,2-3,-1.02,-0.97,-1.03,1586
2025-12-11,CT,3-4,-1.54,-1.4,-1.58,1271
2025-12-11,CT,4-5,-0.95,-0.92,-0.97,31
2025-12-11,CT,5-6,-0.76,-0.76,-0.76,1
2025-12-11,KC,1-2,29.25,31.0,21.05,4
2025-12-11,KC,2-3,17.3,17.5,17.05,3032
2025-12-11,KC,3-4,13.0,13.15,12.85,886
2025-12-11,KC,4-5,10.4,10.7,10.35,610
2025-12-11,KC,5-6,8.5,8.6,8.3,281
2025-12-11,SB,1-2,0.38,0.43,0.38,5103
2025-12-11,SB,2-3,0.02,0.04,0.02,2033
2025-12-11,SB,3-4,-0.31,-0.3,-0.32,1016
2025-12-11,SB,4-5,-0.67,-0.66,-0.68,933
2025-12-11,SB,5-6,0.16,0.17,0.16,295
2025-12-12,CC,1-2,-53.0,,,
2025-12-12,CC,2-3,-30.0,-24.0,-33.0,4771
2025-12-12,CC,3-4,-16.0,,-21.0,1625
2025-12-12,CC,4-5,18.0,37.0,14.0,1013
2025-12-12,CC,5-6,47.0,57.0,44.0,602
2025-12-12,CT,1-2,-1.08,-1.05,-1.12,2767
2025-12-12,CT,2-3,-1.03,-0.98,-1.05,1666
2025-12-12,CT,3-4,-1.59,-1.42,-1.63,1515
2025-12-12,CT,4-5,-0.96,-0.94,-0.97,24
2025-12-12,CT,5-6,-0.77,-0.77,-0.77,1
2025-12-12,KC,1-2,27.9,28.55,23.4,47
2025-12-12,KC,2-3,15.95,17.35,15.8,5512
2025-12-12,KC,3-4,12.35,13.1,12.25,1115
2025-12-12,KC,4-5,10.25,10.65,10.2,581
2025-12-12,KC,5-6,8.35,8.6,8.3,387
2025-12-12,SB,1-2,0.4,0.42,0.38,8760
2025-12-12,SB,2-3,0.03,0.04,0.02,5383
2025-12-12,SB,3-4,-0.3,-0.28,-0.31,3456
2025-12-12,SB,4-5,-0.68,-0.66,-0.69,1493
2025-12-12,SB,5-6,0.16,0.19,0.16,838
2025-12-15,CC,1-2,-53.0,,,
2025-12-15,CC,2-3,-35.0,-28.0,-40.0,5206
2025-12-15,CC,3-4,-28.0,-11.0,-33.0,2188
2025-12-15,CC,4-5,10.0,24.0,4.0,1349
2025-12-15,CC,5-6,37.0,48.0,34.0,650
2025-12-15,CT,1-2,-1.12,-1.05,-1.13,2940
2025-12-15,CT,2-3,-1.04,-1.0,-1.05,1208
2025-12-15,CT,3-4,-1.59,-1.55,-1.63,1059
2025-12-15,CT,4-5,-0.96,-0.93,-1.0,43
2025-12-15,CT,5-6,-0.77,-0.71,-0.76,3
2025-12-15,KC,1-2,27.4,28.9,24.5,11
2025-12-15,KC,2-3,15.55,16.45,15.35,4282
2025-12-15,KC,3-4,11.5,12.4,11.4,1406
2025-12-15,KC,4-5,8.95,10.25,8.8,1325
2025-12-15,KC,5-6,7.65,8.4,7.4,791
2025-12-15,SB,1-2,0.37,0.42,0.36,8380
2025-12-15,SB,2-3,0.0,0.03,-0.01,4997
2025-12-15,SB,3-4,-0.32,-0.29,-0.32,1412
2025-12-15,SB,4-5,-0.68,-0.67,-0.69,1497
2025-12-15,SB,5-6,0.16,0.18,0.14,826
2025-12-16,CC,1-2,-28.0,-20.0,-39.0,3430
2025-12-16,CC,2-3,-28.0,-24.0,-32.0,1403
2025-12-16,CC,3-4,4.0,12.0,4.0,914
2025-12-16,CC,4-5,34.0,37.0,32.0,235
2025-12-16,CC,5-6,33.0,36.0,32.0,59
2025-12-16,CT,1-2,-1.16,-1.08,-1.17,5061
2025-12-16,CT,2-3,-1.12,-1.02,-1.13,3498
2025-12-16,CT,3-4,-1.65,-1.54,-1.66,2386
2025-12-16,CT,4-5,-1.14,-0.93,-1.22,128
2025-12-16,CT,5-6,-0.9,-0.78,-0.91,11
2025-12-16,KC,1-2,27.2,27.9,26.0,38
2025-12-16,KC,2-3,15.6,15.75,15.25,4595
2025-12-16,KC,3-4,10.65,11.55,10.05,2666
2025-12-16,KC,4-5,8.5,8.8,8.2,1598
2025-12-16,KC,5-6,7.0,7.45,6.85,1120
2025-12-16,SB,1-2,0.38,0.39,0.36,5947
2025-12-16,SB,2-3,-0.02,,-0.02,5205
2025-12-16,SB,3-4,-0.34,-0.31,-0.34,2217
2025-12-16,SB,4-5,-0.7,-0.68,-0.71,876
2025-12-16,SB,5-6,0.16,0.16,0.14,346
2025-12-17,CC,1-2,-22.0,-16.0,-30.0,3056
2025-12-17,CC,2-3,-27.0,-18.0,-31.0,1680
2025-12-17,CC,3-4,11.0,16.0,7.0,750
2025-12-17,CC,4-5,37.0,43.0,34.0,275
2025-12-17,CC,5-6,35.0,40.0,33.0,112
2025-12-17,CT,1-2,-1.1,-1.09,-1.18,2798
2025-12-17,CT,2-3,-1.05,-1.04,-1.16,2941
2025-12-17,CT,3-4,-1.61,-1.59,-1.67,1264
2025-12-17,CT,4-5,-1.07,-1.05,-1.13,67
2025-12-17,CT,5-6,-0.91,-0.87,-0.88,2
2025-12-17,KC,1-2,4.5,27.0,-10.15,57
2025-12-17,KC,2-3,16.4,16.65,15.4,5943
2025-12-17,KC,3-4,9.85,10.55,9.45,2597
2025-12-17,KC,4-5,7.7,8.35,7.55,1494
2025-12-17,KC,5-6,6.2,6.9,5.95,986
2025-12-17,SB,1-2,0.4,0.41,0.37,4744
2025-12-17,SB,2-3,-0.01,0.01,-0.03,7391
2025-12-17,SB,3-4,-0.33,-0.31,-0.34,2970
2025-12-17,SB,4-5,-0.69,-0.69,-0.71,1218
2025-12-17,SB,5-6,0.15,0.16,0.13,589
2025-12-18,CC,1-2,-26.0,-20.0,-30.0,2648
2025-12-18,CC,2-3,-17.0,-14.0,-31.0,1693
2025-12-18,CC,3-4,14.0,16.0,7.0,988
2025-12-18,CC,4-5,38.0,40.0,29.0,200
2025-12-18,CC,5-6,37.0,44.0,31.0,142
2025-12-18,CT,1-2,-1.1,-1.07,-1.11,2697
2025-12-18,CT,2-3,-1.05,-1.02,-1.06,1401
2025-12-18,CT,3-4,-1.49,-1.47,-1.62,1380
2025-12-18,CT,4-5,-1.06,-1.02,-1.1,51
2025-12-18,CT,5-6,-0.9,,,
2025-12-18,KC,1-2,0.35,,,5
2025-12-18,KC,2-3,16.2,16.6,15.9,4105
2025-12-18,KC,3-4,9.75,10.3,9.6,2315
2025-12-18,KC,4-5,7.75,8.1,7.65,1631
2025-12-18,KC,5-6,6.1,6.4,5.85,987
2025-12-18,SB,1-2,0.38,0.41,0.36,8011
2025-12-18,SB,2-3,-0.03,-0.01,-0.04,6718
2025-12-18,SB,3-4,-0.35,-0.32,-0.36,2737
2025-12-18,SB,4-5,-0.72,-0.69,-0.72,1030
2025-12-18,SB,5-6,0.1,0.16,0.1,639
2025-12-19,CC,1-2,-37.0,-27.0,-40.0,2954
2025-12-19,CC,2-3,-23.0,-18.0,-26.0,1237
2025-12-19,CC,3-4,11.0,16.0,10.0,634
2025-12-19,CC,4-5,36.0,43.0,34.0,193
2025-12-19,CC,5-6,37.0,45.0,37.0,45
2025-12-19,CT,1-2,-1.09,-1.07,-1.11,1961
2025-12-19,CT,2-3,-1.02,-1.01,-1.06,1372
2025-12-19,CT,3-4,-1.44,-1.41,-1.49,1382
2025-12-19,CT,4-5,-0.98,-0.96,-1.01,36
2025-12-19,CT,5-6,-0.77,-0.78,-0.87,7
2025-12-19,KC,1-2,14.75,16.3,14.5,5644
2025-12-19,KC,2-3,9.25,10.15,9.15,1849
2025-12-19,KC,3-4,7.4,8.1,7.15,1478
2025-12-19,KC,4-5,5.65,6.05,5.5,1042
2025-12-19,KC,5-6,3.35,3.65,3.1,331
2025-12-19,SB,1-2,0.4,0.42,0.37,5746
2025-12-19,SB,2-3,-0.02,,-0.04,2818
2025-12-19,SB,3-4,-0.33,-0.32,-0.35,1456
2025-12-19,SB,4-5,-0.7,-0.7,-0.72,606
2025-12-19,SB,5-6,0.12,0.12,0.1,473
2025-12-22,CC,1-2,-35.0,-28.0,-40.0,3065
2025-12-22,CC,2-3,-16.0,-14.0,-28.0,1282
2025-12-22,CC,3-4,16.0,20.0,9.0,600
2025-12-22,CC,4-5,43.0,49.0,34.0,336
2025-12-22,CC,5-6,40.0,46.0,37.0,84
2025-12-22,CT,1-2,-1.17,-1.08,-1.18,3257
2025-12-22,CT,2-3,-1.07,-1.01,-1.08,2710
2025-12-22,CT,3-4,-1.35,-1.29,-1.45,1926
2025-12-22,CT,4-5,-0.92,-0.9,-0.96,43
2025-12-22,CT,5-6,-0.77,,,
2025-12-22,KC,1-2,14.65,15.2,14.55,3548
2025-12-22,KC,2-3,9.3,9.6,9.0,1391
2025-12-22,KC,3-4,7.55,7.8,7.15,725
2025-12-22,KC,4-5,5.6,5.75,5.45,458
2025-12-22,KC,5-6,3.3,3.45,3.15,328
2025-12-22,SB,1-2,0.4,0.43,0.38,5983
2025-12-22,SB,2-3,0.01,0.02,-0.01,3779
2025-12-22,SB,3-4,-0.29,-0.28,-0.34,4974
2025-12-22,SB,4-5,-0.69,-0.68,-0.72,2093
2025-12-22,SB,5-6,0.15,0.15,0.12,512
2025-12-23,CC,1-2,-30.0,-27.0,-34.0,2695
2025-12-23,CC,2-3,-26.0,-14.0,-30.0,1662
2025-12-23,CC,3-4,16.0,21.0,8.0,719
2025-12-23,CC,4-5,50.0,59.0,39.0,281
2025-12-23,CC,5-6,48.0,58.0,39.0,90
2025-12-23,CT,1-2,-1.19,-1.11,-1.2,3811
2025-12-23,CT,2-3,-1.07,-1.03,-1.09,2755
2025-12-23,CT,3-4,-1.19,-1.1,-1.32,2615
2025-12-23,CT,4-5,-0.73,-0.71,-0.92,363
2025-12-23,CT,5-6,-0.58,-0.59,-0.79,16
2025-12-23,KC,1-2,14.35,14.95,14.25,3520
2025-12-23,KC,2-3,9.05,9.45,9.0,1577
2025-12-23,KC,3-4,7.05,7.55,7.0,575
2025-12-23,KC,4-5,5.5,5.65,5.35,323
2025-12-23,KC,5-6,3.1,3.3,3.05,335
2025-12-23,SB,1-2,0.38,0.41,0.37,6912
2025-12-23,SB,2-3,0.05,0.05,0.01,5992
2025-12-23,SB,3-4,-0.25,-0.25,-0.29,3872
2025-12-23,SB,4-5,-0.66,-0.66,-0.69,2064
2025-12-23,SB,5-6,0.19,0.2,0.14,748
2025-12-24,CC,1-2,-29.0,-28.0,-34.0,1242
2025-12-24,CC,2-3,-25.0,-19.0,-31.0,687
2025-12-24,CC,3-4,14.0,22.0,11.0,256
2025-12-24,CC,4-5,50.0,54.0,44.0,86
2025-12-24,CC,5-6,46.0,53.0,42.0,56
2025-12-24,CT,1-2,-1.25,-1.17,-1.27,3345
2025-12-24,CT,2-3,-1.09,-1.04,-1.11,2093
2025-12-24,CT,3-4,-1.23,-1.11,-1.3,1784
2025-12-24,CT,4-5,-0.68,-0.59,-0.73,550
2025-12-24,CT,5-6,-0.54,-0.51,-0.56,14
2025-12-24,KC,1-2,14.3,14.8,14.2,2138
2025-12-24,KC,2-3,8.15,9.05,8.05,1763
2025-12-24,KC,3-4,6.5,7.15,6.45,1023
2025-12-24,KC,4-5,5.35,5.65,5.15,662
2025-12-24,KC,5-6,3.3,3.4,3.05,209
2025-12-24,SB,1-2,0.39,0.41,0.37,6923
2025-12-24,SB,2-3,0.04,0.05,0.02,5184
2025-12-24,SB,3-4,-0.27,-0.25,-0.27,2607
2025-12-24,SB,4-5,-0.66,-0.65,-0.67,414
2025-12-24,SB,5-6,0.19,0.2,0.18,151
2025-12-26,CC,1-2,-30.0,-27.0,-36.0,1332
2025-12-26,CC,2-3,-22.0,-19.0,-35.0,916
2025-12-26,CC,3-4,11.0,19.0,7.0,428
2025-12-26,CC,4-5,45.0,54.0,44.0,122
2025-12-26,CC,5-6,45.0,53.0,45.0,31
2025-12-26,CT,1-2,-1.29,-1.22,-1.34,4473
2025-12-26,CT,2-3,-1.17,-1.06,-1.18,3725
2025-12-26,CT,3-4,-1.29,-1.16,-1.31,2828
2025-12-26,CT,4-5,-0.65,-0.63,-0.68,53
2025-12-26,CT,5-6,-0.51,-0.5,-0.51,3
2025-12-26,KC,1-2,15.4,15.45,14.5,2364
2025-12-26,KC,2-3,8.15,8.4,7.95,1622
2025-12-26,KC,3-4,6.45,6.7,6.35,706
2025-12-26,KC,4-5,5.4,5.45,5.25,300
2025-12-26,KC,5-6,3.25,3.35,3.2,73
2025-12-26,SB,1-2,0.36,0.4,0.35,6715
2025-12-26,SB,2-3,-0.02,0.04,-0.03,5353
2025-12-26,SB,3-4,-0.28,-0.26,-0.29,1785
2025-12-26,SB,4-5,-0.67,-0.66,-0.68,271
2025-12-26,SB,5-6,0.17,0.18,0.16,56
2025-12-29,CC,1-2,-33.0,-25.0,-44.0,5216
2025-12-29,CC,2-3,-12.0,-11.0,-26.0,1859
2025-12-29,CC,3-4,20.0,23.0,12.0,821
2025-12-29,CC,4-5,57.0,61.0,43.0,285
2025-12-29,CC,5-6,50.0,56.0,44.0,83
2025-12-29,CT,1-2,-1.28,-1.27,-1.35,4620
2025-12-29,CT,2-3,-1.21,-1.15,-1.21,3120
2025-12-29,CT,3-4,-1.36,-1.22,-1.37,1590
2025-12-29,CT,4-5,-0.73,-0.65,-0.74,24
2025-12-29,CT,5-6,-0.53,-0.48,-0.54,5
2025-12-29,KC,1-2,15.25,15.7,14.8,2541
2025-12-29,KC,2-3,8.05,8.55,7.95,1502
2025-12-29,KC,3-4,6.35,6.8,6.3,793
2025-12-29,KC,4-5,5.4,5.5,5.25,348
2025-12-29,KC,5-6,3.35,3.4,3.25,66
2025-12-29,SB,1-2,0.35,0.39,0.35,7240
2025-12-29,SB,2-3,-0.03,0.01,-0.03,5962
2025-12-29,SB,3-4,-0.26,-0.24,-0.28,3403
2025-12-29,SB,4-5,-0.65,-0.63,-0.67,1212
2025-12-29,SB,5-6,0.19,0.2,0.17,1459
2025-12-30,CC,1-2,-35.0,-31.0,-52.0,4816
2025-12-30,CC,2-3,-28.0,-19.0,-37.0,2113
2025-12-30,CC,3-4,7.0,19.0,,1207
2025-12-30,CC,4-5,51.0,58.0,49.0,460
2025-12-30,CC,5-6,51.0,54.0,49.0,110
2025-12-30,CT,1-2,-1.32,-1.29,-1.39,5388
2025-12-30,CT,2-3,-1.21,-1.16,-1.23,3046
2025-12-30,CT,3-4,-1.47,-1.28,-1.49,1594
2025-12-30,CT,4-5,-0.74,-0.7,-0.76,60
2025-12-30,CT,5-6,-0.51,-0.48,-0.54,5
2025-12-30,KC,1-2,15.15,15.3,15.0,2839
2025-12-30,KC,2-3,7.75,8.1,7.6,3028
2025-12-30,KC,3-4,6.0,6.5,5.9,1743
2025-12-30,KC,4-5,5.65,5.65,5.35,495
2025-12-30,KC,5-6,3.3,3.4,3.2,169
2025-12-30,SB,1-2,0.29,0.36,0.29,11754
2025-12-30,SB,2-3,-0.08,-0.03,-0.08,7876
2025-12-30,SB,3-4,-0.31,-0.26,-0.31,3212
2025-12-30,SB,4-5,-0.7,-0.64,-0.7,1197
2025-12-30,SB,5-6,0.16,0.19,0.15,528
2025-12-31,CC,1-2,-37.0,-29.0,-43.0,3989
2025-12-31,CC,2-3,-30.0,-23.0,-30.0,1486
2025-12-31,CC,3-4,0.0,7.0,-2.0,727
2025-12-31,CC,4-5,46.0,55.0,41.0,471
2025-12-31,CC,5-6,49.0,52.0,49.0,143
2025-12-31,CT,1-2,-1.33,-1.31,-1.43,5588
2025-12-31,CT,2-3,-1.23,-1.19,-1.25,2556
2025-12-31,CT,3-4,-1.52,-1.43,-1.56,964
2025-12-31,CT,4-5,-0.72,-0.66,-0.74,49
2025-12-31,CT,5-6,-0.51,-0.54,-0.54,1
2025-12-31,KC,1-2,15.4,15.5,15.1,1739
2025-12-31,KC,2-3,7.35,7.8,7.25,2002
2025-12-31,KC,3-4,5.85,6.35,5.8,1474
2025-12-31,KC,4-5,5.6,5.7,5.5,444
2025-12-31,KC,5-6,3.35,3.55,3.3,199
2025-12-31,SB,1-2,0.35,0.36,0.3,7270
2025-12-31,SB,2-3,-0.05,-0.02,-0.08,5123
2025-12-31,SB,3-4,-0.31,-0.28,-0.32,2906
2025-12-31,SB,4-5,-0.72,-0.68,-0.73,1292
2025-12-31,SB,5-6,0.15,0.17,0.14,194
2026-01-02,CC,1-2,-37.0,-32.0,-48.0,3396
2026-01-02,CC,2-3,-35.0,-25.0,-40.0,2645
2026-01-02,CC,3-4,-6.0,1.0,-13.0,1035
2026-01-02,CC,4-5,41.0,49.0,41.0,365
2026-01-02,CC,5-6,49.0,56.0,48.0,166
2026-01-02,CT,1-2,-1.36,-1.32,-1.43,6310
2026-01-02,CT,2-3,-1.35,-1.21,-1.36,4472
2026-01-02,CT,3-4,-1.5,-1.45,-1.57,1402
2026-01-02,CT,4-5,-0.72,-0.7,-0.8,25
2026-01-02,CT,5-6,-0.51,-0.54,-0.54,1
2026-01-02,KC,1-2,15.85,16.0,15.1,3332
2026-01-02,KC,2-3,7.2,7.55,7.05,1881
2026-01-02,KC,3-4,5.8,6.05,5.75,962
2026-01-02,KC,4-5,5.4,5.65,5.25,630
2026-01-02,KC,5-6,3.4,3.55,3.3,102
2026-01-02,SB,1-2,0.32,0.38,0.3,7633
2026-01-02,SB,2-3,-0.06,-0.03,-0.07,4802
2026-01-02,SB,3-4,-0.34,-0.3,-0.35,4204
2026-01-02,SB,4-5,-0.75,-0.72,-0.75,2462
2026-01-02,SB,5-6,0.1,0.15,0.09,1386
2026-01-05,CC,1-2,-31.0,-23.0,-40.0,4357
2026-01-05,CC,2-3,-35.0,-25.0,-41.0,2119
2026-01-05,CC,3-4,-8.0,,-11.0,969
2026-01-05,CC,4-5,40.0,51.0,37.0,541
2026-01-05,CC,5-6,48.0,54.0,48.0,118
2026-01-05,CT,1-2,-1.34,-1.3,-1.45,6385
2026-01-05,CT,2-3,-1.32,-1.27,-1.39,6349
2026-01-05,CT,3-4,-1.29,-1.2,-1.47,4098
2026-01-05,CT,4-5,-0.58,-0.52,-0.78,391
2026-01-05,CT,5-6,-0.41,-0.42,-0.54,17
2026-01-05,KC,1-2,17.55,17.9,15.75,6335
2026-01-05,KC,2-3,7.4,7.65,7.05,3440
2026-01-05,KC,3-4,5.95,6.3,5.7,1609
2026-01-05,KC,4-5,5.4,5.7,5.3,863
2026-01-05,KC,5-6,3.2,3.55,3.05,236
2026-01-05,SB,1-2,0.35,0.37,0.3,10924
2026-01-05,SB,2-3,-0.05,-0.02,-0.06,9519
2026-01-05,SB,3-4,-0.33,-0.32,-0.35,4032
2026-01-05,SB,4-5,-0.77,-0.74,-0.77,2666
2026-01-05,SB,5-6,0.1,0.11,0.09,704
2026-01-06,CC,1-2,-49.0,-30.0,-50.0,4897
2026-01-06,CC,2-3,-42.0,-30.0,-46.0,2164
2026-01-06,CC,3-4,-12.0,-3.0,-14.0,1197
2026-01-06,CC,4-5,37.0,45.0,37.0,709
2026-01-06,CC,5-6,49.0,55.0,48.0,245
2026-01-06,CT,1-2,-1.37,-1.3,-1.39,10718
2026-01-06,CT,2-3,-1.31,-1.19,-1.33,7563
2026-01-06,CT,3-4,-1.32,-1.05,-1.36,5225
2026-01-06,CT,4-5,-0.63,-0.52,-0.64,212
2026-01-06,CT,5-6,-0.4,-0.35,-0.41,13
2026-01-06,KC,1-2,20.8,21.55,17.6,11471
2026-01-06,KC,2-3,8.5,9.2,7.4,5403
2026-01-06,KC,3-4,6.7,7.05,6.05,1939
2026-01-06,KC,4-5,5.75,6.05,5.35,1199
2026-01-06,KC,5-6,3.7,3.95,3.15,437
2026-01-06,SB,1-2,0.39,0.4,0.35,9438
2026-01-06,SB,2-3,-0.03,-0.02,-0.05,8260
2026-01-06,SB,3-4,-0.3,-0.3,-0.34,4355
2026-01-06,SB,4-5,-0.74,-0.73,-0.77,3869
2026-01-06,SB,5-6,0.12,0.14,0.1,578
2026-01-07,CC,1-2,-41.0,-34.0,-48.0,6039
2026-01-07,CC,2-3,-35.0,-28.0,-42.0,2604
2026-01-07,CC,3-4,-9.0,-2.0,-13.0,1460
2026-01-07,CC,4-5,35.0,45.0,31.0,683
2026-01-07,CC,5-6,48.0,55.0,48.0,232
2026-01-07,CT,1-2,-1.42,-1.34,-1.43,10716
2026-01-07,CT,2-3,-1.34,-1.25,-1.35,4401
2026-01-07,CT,3-4,-1.44,-1.22,-1.45,2781
2026-01-07,CT,4-5,-0.71,-0.61,-0.75,243
2026-01-07,CT,5-6,-0.43,-0.39,-0.49,25
2026-01-07,KC,1-2,20.4,22.65,19.65,7772
2026-01-07,KC,2-3,7.8,8.75,7.5,4370
2026-01-07,KC,3-4,6.65,7.4,6.45,1774
2026-01-07,KC,4-5,5.85,6.4,5.65,1391
2026-01-07,KC,5-6,3.8,4.1,3.65,441
2026-01-07,SB,1-2,0.39,0.42,0.38,13573
2026-01-07,SB,2-3,-0.02,-0.01,-0.03,8626
2026-01-07,SB,3-4,-0.27,-0.26,-0.31,5141
2026-01-07,SB,4-5,-0.7,-0.69,-0.74,3185
2026-01-07,SB,5-6,0.16,0.17,0.13,926
2026-01-08,CC,1-2,-57.0,-32.0,-65.0,9194
2026-01-08,CC,2-3,-49.0,-24.0,-57.0,4572
2026-01-08,CC,3-4,-11.0,5.0,-20.0,2920
2026-01-08,CC,4-5,34.0,49.0,31.0,1198
2026-01-08,CC,5-6,50.0,56.0,46.0,506
2026-01-08,CT,1-2,-1.47,-1.39,-1.49,7770
2026-01-08,CT,2-3,-1.38,-1.32,-1.4,4765
2026-01-08,CT,3-4,-1.51,-1.37,-1.56,2542
2026-01-08,CT,4-5,-0.8,-0.65,-0.82,302
2026-01-08,CT,5-6,-0.48,-0.43,-0.49,78
2026-01-08,KC,1-2,19.5,20.75,19.3,5324
2026-01-08,KC,2-3,7.45,8.25,7.35,3186
2026-01-08,KC,3-4,6.75,7.3,6.65,1904
2026-01-08,KC,4-5,5.65,6.15,5.5,1256
2026-01-08,KC,5-6,3.75,4.1,3.65,345
2026-01-08,SB,1-2,0.38,0.42,0.37,17099
2026-01-08,SB,2-3,-0.03,,-0.04,15704
2026-01-08,SB,3-4,-0.28,-0.26,-0.3,5004
2026-01-08,SB,4-5,-0.68,-0.68,-0.71,3900
2026-01-08,SB,5-6,0.19,0.2,0.16,2495
2026-01-09,CC,1-2,-84.0,-54.0,-85.0,13043
2026-01-09,CC,2-3,-75.0,-44.0,-80.0,6053
2026-01-09,CC,3-4,-46.0,-11.0,-51.0,3777
2026-01-09,CC,4-5,25.0,38.0,19.0,1842
2026-01-09,CC,5-6,42.0,53.0,41.0,665
2026-01-09,CT,1-2,-1.5,-1.45,-1.5,6154
2026-01-09,CT,2-3,-1.4,-1.37,-1.42,4744
2026-01-09,CT,3-4,-1.52,-1.48,-1.54,2103
2026-01-09,CT,4-5,-0.89,-0.77,-0.94,386
2026-01-09,CT,5-6,-0.5,-0.43,-0.55,45
2026-01-09,KC,1-2,17.75,19.6,17.6,5159
2026-01-09,KC,2-3,6.95,7.7,6.75,3574
2026-01-09,KC,3-4,6.6,7.0,6.45,1283
2026-01-09,KC,4-5,5.7,5.9,5.65,527
2026-01-09,KC,5-6,3.8,4.0,3.7,222
2026-01-09,SB,1-2,0.34,0.4,0.33,16050
2026-01-09,SB,2-3,-0.02,-0.01,-0.04,14219
2026-01-09,SB,3-4,-0.27,-0.26,-0.29,3495
2026-01-09,SB,4-5,-0.66,-0.65,-0.69,3499
2026-01-09,SB,5-6,0.2,0.21,0.18,1620
2026-01-12,CC,1-2,-67.0,-56.0,-80.0,11482
2026-01-12,CC,2-3,-70.0,-63.0,-77.0,5083
2026-01-12,CC,3-4,-44.0,-37.0,-51.0,2830
2026-01-12,CC,4-5,17.0,23.0,13.0,1405
2026-01-12,CC,5-6,44.0,47.0,41.0,528
2026-01-12,CT,1-2,-1.53,-1.45,-1.54,8218
2026-01-12,CT,2-3,-1.42,-1.34,-1.42,6472
2026-01-12,CT,3-4,-1.41,-1.32,-1.56,3506
2026-01-12,CT,4-5,-0.69,-0.61,-0.86,409
2026-01-12,CT,5-6,-0.38,-0.32,-0.43,191
2026-01-12,KC,1-2,17.6,17.95,17.4,3575
2026-01-12,KC,2-3,6.5,7.05,6.4,2269
2026-01-12,KC,3-4,6.3,6.7,6.2,853
2026-01-12,KC,4-5,5.6,5.75,5.55,379
2026-01-12,KC,5-6,3.85,3.85,3.7,97
2026-01-12,SB,1-2,0.33,0.36,0.32,13281
2026-01-12,SB,2-3,-0.02,0.01,-0.02,7964
2026-01-12,SB,3-4,-0.31,-0.27,-0.31,3191
2026-01-12,SB,4-5,-0.68,-0.65,-0.69,3028
2026-01-12,SB,5-6,0.19,0.23,0.18,1242
2026-01-13,CC,1-2,-74.0,-60.0,-76.0,10430
2026-01-13,CC,2-3,-77.0,-63.0,-80.0,5541
2026-01-13,CC,3-4,-55.0,-40.0,-59.0,2963
2026-01-13,CC,4-5,5.0,20.0,,1258
2026-01-13,CC,5-6,37.0,46.0,36.0,539
2026-01-13,CT,1-2,-1.53,-1.5,-1.54,5487
2026-01-13,CT,2-3,-1.45,-1.37,-1.45,3980
2026-01-13,CT,3-4,-1.43,-1.26,-1.43,2500
2026-01-13,CT,4-5,-0.71,-0.61,-0.73,382
2026-01-13,CT,5-6,-0.33,-0.26,-0.36,39
2026-01-13,KC,1-2,18.65,18.85,17.7,5607
2026-01-13,KC,2-3,6.35,6.9,6.25,3648
2026-01-13,KC,3-4,6.2,6.45,6.1,1070
2026-01-13,KC,4-5,5.15,5.65,5.1,770
2026-01-13,KC,5-6,3.4,3.8,3.35,266
2026-01-13,SB,1-2,0.33,0.37,0.32,15092
2026-01-13,SB,2-3,-0.03,,-0.03,10406
2026-01-13,SB,3-4,-0.31,-0.29,-0.32,3546
2026-01-13,SB,4-5,-0.68,-0.67,-0.69,2255
2026-01-13,SB,5-6,0.2,0.21,0.18,688
2026-01-14,CC,1-2,-79.0,-65.0,-82.0,8164
2026-01-14,CC,2-3,-80.0,-69.0,-85.0,4653
2026-01-14,CC,3-4,-62.0,-51.0,-65.0,2960
2026-01-14,CC,4-5,1.0,21.0,,1284
2026-01-14,CC,5-6,31.0,40.0,29.0,735
2026-01-14,CT,1-2,-1.51,-1.5,-1.55,6055
2026-01-14,CT,2-3,-1.41,-1.4,-1.46,4313
2026-01-14,CT,3-4,-1.41,-1.28,-1.48,2341
2026-01-14,CT,4-5,-0.65,-0.62,-0.67,173
2026-01-14,CT,5-6,-0.3,-0.31,-0.33,13
2026-01-14,KC,1-2,17.75,19.45,17.5,5115
2026-01-14,KC,2-3,6.15,6.75,6.1,2780
2026-01-14,KC,3-4,5.8,6.35,5.7,1183
2026-01-14,KC,4-5,5.05,5.35,4.95,816
2026-01-14,KC,5-6,3.45,3.7,3.35,201
2026-01-14,SB,1-2,0.33,0.35,0.32,17429
2026-01-14,SB,2-3,-0.03,-0.01,-0.03,9534
2026-01-14,SB,3-4,-0.31,-0.29,-0.32,3845
2026-01-14,SB,4-5,-0.68,-0.65,-0.68,3152
2026-01-14,SB,5-6,0.19,0.2,0.18,506
2026-01-15,CC,1-2,-77.0,-65.0,-82.0,5364
2026-01-15,CC,2-3,-74.0,-63.0,-83.0,3059
2026-01-15,CC,3-4,-60.0,-51.0,-65.0,2105
2026-01-15,CC,4-5,-13.0,6.0,-15.0,1279
2026-01-15,CC,5-6,25.0,36.0,25.0,435
2026-01-15,CT,1-2,-1.56,-1.52,-1.58,6371
2026-01-15,CT,2-3,-1.42,-1.38,-1.43,3910
2026-01-15,CT,3-4,-1.41,-1.32,-1.44,1583
2026-01-15,CT,4-5,-0.68,-0.64,-0.7,153
2026-01-15,CT,5-6,-0.36,-0.33,-0.35,16
2026-01-15,KC,1-2,17.7,17.95,17.05,3466
2026-01-15,KC,2-3,6.25,6.5,6.1,1822
2026-01-15,KC,3-4,5.8,5.9,5.65,813
2026-01-15,KC,4-5,5.05,5.15,4.95,570
2026-01-15,KC,5-6,3.55,3.65,3.35,75
2026-01-15,SB,1-2,0.37,0.38,0.32,13930
2026-01-15,SB,2-3,-0.01,,-0.03,7969
2026-01-15,SB,3-4,-0.31,-0.29,-0.32,3182
2026-01-15,SB,4-5,-0.69,-0.67,-0.7,2697
2026-01-15,SB,5-6,0.18,0.18,0.16,726
2026-01-16,CC,1-2,-75.0,-65.0,-79.0,4232
2026-01-16,CC,2-3,-69.0,-59.0,-73.0,2215
2026-01-16,CC,3-4,-53.0,-46.0,-62.0,1760
2026-01-16,CC,4-5,-15.0,3.0,-20.0,888
2026-01-16,CC,5-6,26.0,35.0,25.0,236
2026-01-16,CT,1-2,-1.57,-1.55,-1.6,4862
2026-01-16,CT,2-3,-1.42,-1.4,-1.44,2481
2026-01-16,CT,3-4,-1.41,-1.39,-1.5,1639
2026-01-16,CT,4-5,-0.74,-0.67,-0.75,285
2026-01-16,CT,5-6,-0.39,-0.33,-0.41,133
2026-01-16,KC,1-2,17.8,18.45,17.5,3729
2026-01-16,KC,2-3,6.15,6.6,6.05,1959
2026-01-16,KC,3-4,5.85,5.95,5.5,992
2026-01-16,KC,4-5,4.95,5.15,4.9,566
2026-01-16,KC,5-6,3.55,3.65,3.55,93
2026-01-16,SB,1-2,0.42,0.42,0.36,13940
2026-01-16,SB,2-3,0.0,0.01,-0.02,6498
2026-01-16,SB,3-4,-0.29,-0.28,-0.31,3331
2026-01-16,SB,4-5,-0.67,-0.66,-0.68,2400
2026-01-16,SB,5-6,0.22,0.22,0.18,661
2026-01-20,CC,1-2,-66.0,-62.0,-77.0,6994
2026-01-20,CC,2-3,-69.0,-61.0,-80.0,4846
2026-01-20,CC,3-4,-75.0,-58.0,-78.0,4398
2026-01-20,CC,4-5,-46.0,-16.0,-50.0,2377
2026-01-20,CC,5-6,14.0,28.0,10.0,1515
2026-01-20,CT,1-2,-1.62,-1.55,-1.62,7516
2026-01-20,CT,2-3,-1.47,-1.39,-1.48,4644
2026-01-20,CT,3-4,-1.64,-1.37,-1.65,2819
2026-01-20,CT,4-5,-0.75,-0.62,-0.76,357
2026-01-20,CT,5-6,-0.41,-0.31,-0.42,170
2026-01-20,KC,1-2,16.6,18.25,16.2,5601
2026-01-20,KC,2-3,6.35,6.55,6.1,3279
2026-01-20,KC,3-4,5.85,6.0,5.65,940
2026-01-20,KC,4-5,4.85,5.05,4.8,789
2026-01-20,KC,5-6,3.55,3.7,3.45,86
2026-01-20,SB,1-2,0.38,0.43,0.37,12165
2026-01-20,SB,2-3,-0.01,0.02,-0.01,9994
2026-01-20,SB,3-4,-0.3,-0.28,-0.31,3613
2026-01-20,SB,4-5,-0.67,-0.65,-0.68,2918
2026-01-20,SB,5-6,0.21,0.23,0.2,611
2026-01-21,CC,1-2,-69.0,-59.0,-73.0,7504
2026-01-21,CC,2-3,-74.0,-60.0,-80.0,3764
2026-01-21,CC,3-4,-73.0,-65.0,-83.0,3040
2026-01-21,CC,4-5,-47.0,-42.0,-58.0,1304
2026-01-21,CC,5-6,15.0,20.0,10.0,332
2026-01-21,CT,1-2,-1.62,-1.6,-1.65,5137
2026-01-21,CT,2-3,-1.48,-1.44,-1.49,2206
2026-01-21,CT,3-4,-1.76,-1.6,-1.78,2256
2026-01-21,CT,4-5,-0.7,-0.66,-0.76,148
2026-01-21,CT,5-6,-0.35,-0.31,-0.4,62
2026-01-21,KC,1-2,16.7,16.95,15.8,5979
2026-01-21,KC,2-3,6.55,6.75,6.2,3872
2026-01-21,KC,3-4,6.0,6.15,5.75,1213
2026-01-21,KC,4-5,5.05,5.3,4.8,1078
2026-01-21,KC,5-6,3.85,4.15,3.45,438
2026-01-21,SB,1-2,0.4,0.43,0.38,9386
2026-01-21,SB,2-3,0.01,0.01,-0.02,11032
2026-01-21,SB,3-4,-0.32,-0.29,-0.32,3954
2026-01-21,SB,4-5,-0.7,-0.67,-0.7,2294
2026-01-21,SB,5-6,0.18,0.22,0.17,1055
2026-01-22,CC,1-2,-61.0,-55.0,-69.0,5534
2026-01-22,CC,2-3,-68.0,-61.0,-75.0,2978
2026-01-22,CC,3-4,-63.0,-57.0,-74.0,2055
2026-01-22,CC,4-5,-25.0,-20.0,-51.0,913
2026-01-22,CC,5-6,36.0,39.0,15.0,483
2026-01-22,CT,1-2,-1.61,-1.56,-1.64,7837
2026-01-22,CT,2-3,-1.48,-1.43,-1.49,4124
2026-01-22,CT,3-4,-2.0,-1.59,-2.09,3770
2026-01-22,CT,4-5,-0.79,-0.64,-0.8,377
2026-01-22,CT,5-6,-0.4,-0.3,-0.4,104
2026-01-22,KC,1-2,16.4,17.1,16.0,4769
2026-01-22,KC,2-3,6.5,7.05,6.4,3417
2026-01-22,KC,3-4,5.95,6.25,5.85,1245
2026-01-22,KC,4-5,5.15,5.2,5.0,459
2026-01-22,KC,5-6,3.7,3.95,3.65,107
2026-01-22,SB,1-2,0.46,0.47,0.4,21693
2026-01-22,SB,2-3,0.01,0.03,,9502
2026-01-22,SB,3-4,-0.3,-0.3,-0.32,2507
2026-01-22,SB,4-5,-0.69,-0.67,-0.69,2103
2026-01-22,SB,5-6,0.19,0.2,0.17,622
2026-01-23,CC,1-2,-59.0,-57.0,-65.0,6252
2026-01-23,CC,2-3,-63.0,-56.0,-74.0,4243
2026-01-23,CC,3-4,-68.0,-61.0,-77.0,2618
2026-01-23,CC,4-5,-39.0,-26.0,-49.0,1056
2026-01-23,CC,5-6,30.0,38.0,17.0,590
2026-01-23,CT,1-2,-1.67,-1.55,-1.68,7951
2026-01-23,CT,2-3,-1.49,-1.45,-1.51,3999
2026-01-23,CT,3-4,-2.04,-1.91,-2.19,3132
2026-01-23,CT,4-5,-0.8,-0.76,-0.81,91
2026-01-23,CT,5-6,-0.41,-0.38,-0.43,34
2026-01-23,KC,1-2,17.45,18.35,16.25,5165
2026-01-23,KC,2-3,6.4,6.85,6.35,2743
2026-01-23,KC,3-4,5.95,6.1,5.8,1003
2026-01-23,KC,4-5,5.15,5.3,5.0,552
2026-01-23,KC,5-6,3.95,4.2,3.6,118
2026-01-23,SB,1-2,0.42,0.47,0.42,18697
2026-01-23,SB,2-3,-0.01,0.03,-0.01,9295
2026-01-23,SB,3-4,-0.31,-0.29,-0.32,3095
2026-01-23,SB,4-5,-0.7,-0.68,-0.71,1634
2026-01-23,SB,5-6,0.17,0.2,0.17,456
2026-01-26,CC,1-2,-58.0,-56.0,-65.0,7399
2026-01-26,CC,2-3,-61.0,-51.0,-65.0,3258
2026-01-26,CC,3-4,-65.0,-55.0,-69.0,1740
2026-01-26,CC,4-5,-37.0,-22.0,-40.0,723
2026-01-26,CC,5-6,28.0,37.0,25.0,193
2026-01-26,CT,1-2,-1.71,-1.67,-1.79,12667
2026-01-26,CT,2-3,-1.62,-1.49,-1.72,7906
2026-01-26,CT,3-4,-2.11,-1.97,-2.15,4987
2026-01-26,CT,4-5,-0.67,-0.66,-0.88,868
2026-01-26,CT,5-6,-0.33,-0.3,-0.47,206
2026-01-26,KC,1-2,18.15,18.9,17.65,4509
2026-01-26,KC,2-3,6.8,7.05,6.45,3193
2026-01-26,KC,3-4,5.95,6.2,5.8,1151
2026-01-26,KC,4-5,5.2,5.45,5.1,760
2026-01-26,KC,5-6,4.0,4.15,3.9,156
2026-01-26,SB,1-2,0.49,0.49,0.43,23822
2026-01-26,SB,2-3,-0.01,0.01,-0.01,11889
2026-01-26,SB,3-4,-0.33,-0.3,-0.33,5878
2026-01-26,SB,4-5,-0.73,-0.7,-0.73,4922
2026-01-26,SB,5-6,0.18,0.19,0.17,629
2026-01-27,CC,1-2,-58.0,-55.0,-64.0,5787
2026-01-27,CC,2-3,-58.0,-52.0,-64.0,2615
2026-01-27,CC,3-4,-61.0,-58.0,-68.0,1377
2026-01-27,CC,4-5,-39.0,-32.0,-40.0,386
2026-01-27,CC,5-6,25.0,31.0,22.0,124
2026-01-27,CT,1-2,-1.62,-1.61,-1.78,11321
2026-01-27,CT,2-3,-1.56,-1.55,-1.68,5592
2026-01-27,CT,3-4,-2.0,-1.95,-2.14,2757
2026-01-27,CT,4-5,-0.68,-0.65,-0.71,252
2026-01-27,CT,5-6,-0.32,-0.3,-0.34,15
2026-01-27,KC,1-2,20.55,21.15,18.55,7225
2026-01-27,KC,2-3,7.85,7.9,6.9,6052
2026-01-27,KC,3-4,6.9,7.1,6.05,1848
2026-01-27,KC,4-5,6.0,6.1,5.3,807
2026-01-27,KC,5-6,4.4,4.4,4.05,218
2026-01-27,SB,1-2,0.46,0.51,0.46,20988
2026-01-27,SB,2-3,0.0,0.02,-0.01,9750
2026-01-27,SB,3-4,-0.33,-0.3,-0.33,6827
2026-01-27,SB,4-5,-0.73,-0.7,-0.74,6506
2026-01-27,SB,5-6,0.18,0.19,0.16,1189
2026-01-28,CC,1-2,-60.0,-55.0,-65.0,5907
2026-01-28,CC,2-3,-62.0,-53.0,-64.0,3103
2026-01-28,CC,3-4,-60.0,-57.0,-62.0,1478
2026-01-28,CC,4-5,-40.0,-37.0,-40.0,506
2026-01-28,CC,5-6,20.0,25.0,16.0,208
2026-01-28,CT,1-2,-1.73,-1.62,-1.74,9040
2026-01-28,CT,2-3,-1.64,-1.53,-1.64,4982
2026-01-28,CT,3-4,-1.91,-1.76,-2.0,3394
2026-01-28,CT,4-5,-0.67,-0.57,-0.69,598
2026-01-28,CT,5-6,-0.37,-0.26,-0.38,203
2026-01-28,KC,1-2,16.7,20.95,16.6,7543
2026-01-28,KC,2-3,7.3,8.2,6.95,4152
2026-01-28,KC,3-4,6.4,7.3,6.05,1674
2026-01-28,KC,4-5,5.65,6.2,5.4,780
2026-01-28,KC,5-6,3.8,4.4,3.75,242
2026-01-28,SB,1-2,0.41,0.47,0.41,15164
2026-01-28,SB,2-3,-0.04,,-0.04,10755
2026-01-28,SB,3-4,-0.34,-0.32,-0.34,5044
2026-01-28,SB,4-5,-0.75,-0.72,-0.75,9149
2026-01-28,SB,5-6,0.16,0.18,0.14,1443
2026-01-29,CC,1-2,-61.0,-55.0,-63.0,6674
2026-01-29,CC,2-3,-52.0,-50.0,-62.0,3177
2026-01-29,CC,3-4,-54.0,-53.0,-60.0,1313
2026-01-29,CC,4-5,-43.0,-35.0,-45.0,679
2026-01-29,CC,5-6,16.0,20.0,13.0,385
2026-01-29,CT,1-2,-1.89,-1.71,-1.96,7943
2026-01-29,CT,2-3,-1.64,-1.6,-1.68,5523
2026-01-29,CT,3-4,-1.97,-1.81,-2.06,1684
2026-01-29,CT,4-5,-0.67,-0.62,-0.71,95
2026-01-29,CT,5-6,-0.36,-0.36,-0.37,4
2026-01-29,KC,1-2,16.7,17.35,16.3,5334
2026-01-29,KC,2-3,6.65,7.4,6.5,3210
2026-01-29,KC,3-4,5.9,6.55,5.75,1134
2026-01-29,KC,4-5,5.4,5.7,5.3,705
2026-01-29,KC,5-6,3.8,3.85,3.7,82
2026-01-29,SB,1-2,0.39,0.44,0.38,24421
2026-01-29,SB,2-3,-0.02,-0.01,-0.05,21442
2026-01-29,SB,3-4,-0.33,-0.31,-0.34,11154
2026-01-29,SB,4-5,-0.73,-0.71,-0.74,5548
2026-01-29,SB,5-6,0.15,0.16,0.12,4143
2026-01-30,CC,1-2,-61.0,-57.0,-64.0,8933
2026-01-30,CC,2-3,-47.0,-42.0,-57.0,5078
2026-01-30,CC,3-4,-47.0,-45.0,-57.0,2298
2026-01-30,CC,4-5,-42.0,-32.0,-46.0,1064
2026-01-30,CC,5-6,7.0,15.0,2.0,769
2026-01-30,CT,1-2,-1.76,-1.73,-1.94,16148
2026-01-30,CT,2-3,-1.62,-1.62,-1.68,5685
2026-01-30,CT,3-4,-2.2,-1.92,-2.24,2935
2026-01-30,CT,4-5,-0.69,-0.65,-0.73,115
2026-01-30,CT,5-6,-0.35,-0.34,-0.37,8
2026-01-30,KC,1-2,16.9,17.5,15.75,10043
2026-01-30,KC,2-3,6.35,6.65,5.9,5314
2026-01-30,KC,3-4,5.25,5.85,5.1,2094
2026-01-30,KC,4-5,4.9,5.35,4.85,1365
2026-01-30,KC,5-6,3.6,3.8,3.55,296
2026-01-30,SB,1-2,0.43,0.43,0.38,26330
2026-01-30,SB,2-3,-0.01,-0.01,-0.04,10641
2026-01-30,SB,3-4,-0.34,-0.32,-0.35,6646
2026-01-30,SB,4-5,-0.72,-0.72,-0.74,5519
2026-01-30,SB,5-6,0.16,0.16,0.13,2522
2026-02-02,CC,1-2,-61.0,-56.0,-65.0,8792
2026-02-02,CC,2-3,-48.0,-43.0,-53.0,3925
2026-02-02,CC,3-4,-42.0,-40.0,-53.0,2051
2026-02-02,CC,4-5,-44.0,-40.0,-47.0,929
2026-02-02,CC,5-6,0.0,9.0,,516
2026-02-02,CT,1-2,-1.73,-1.71,-1.9,18449
2026-02-02,CT,2-3,-1.7,-1.62,-1.71,5994
2026-02-02,CT,3-4,-2.3,-2.19,-2.4,3230
2026-02-02,CT,4-5,-0.81,-0.67,-0.82,468
2026-02-02,CT,5-6,-0.4,-0.32,-0.4,31
2026-02-02,KC,1-2,18.2,18.4,16.8,6974
2026-02-02,KC,2-3,6.55,6.75,6.15,3146
2026-02-02,KC,3-4,5.45,5.75,5.2,2177
2026-02-02,KC,4-5,5.1,5.4,4.9,859
2026-02-02,KC,5-6,3.65,3.75,3.55,126
2026-02-02,SB,1-2,0.48,0.51,0.4,37321
2026-02-02,SB,2-3,-0.01,,-0.03,10463
2026-02-02,SB,3-4,-0.35,-0.32,-0.35,7433
2026-02-02,SB,4-5,-0.73,-0.71,-0.73,5011
2026-02-02,SB,5-6,0.15,0.16,0.15,759
2026-02-03,CC,1-2,-60.0,-57.0,-67.0,7428
2026-02-03,CC,2-3,-44.0,-41.0,-52.0,3345
2026-02-03,CC,3-4,-39.0,-35.0,-44.0,2233
2026-02-03,CC,4-5,-43.0,-35.0,-47.0,728
2026-02-03,CC,5-6,2.0,6.0,,210
2026-02-03,CT,1-2,-1.8,-1.71,-1.84,16417
2026-02-03,CT,2-3,-1.69,-1.67,-1.74,7252
2026-02-03,CT,3-4,-2.48,-2.13,-2.49,4454
2026-02-03,CT,4-5,-0.88,-0.8,-0.89,728
2026-02-03,CT,5-6,-0.5,-0.41,-0.52,176
2026-02-03,KC,1-2,16.2,18.35,15.5,8988
2026-02-03,KC,2-3,5.25,6.9,5.2,5697
2026-02-03,KC,3-4,4.9,5.65,4.65,2947
2026-02-03,KC,4-5,4.9,5.3,4.7,1548
2026-02-03,KC,5-6,3.5,3.85,3.35,266
2026-02-03,SB,1-2,0.45,0.49,0.43,39848
2026-02-03,SB,2-3,0.01,0.03,-0.02,15010
2026-02-03,SB,3-4,-0.31,-0.31,-0.35,6032
2026-02-03,SB,4-5,-0.71,-0.7,-0.73,3611
2026-02-03,SB,5-6,0.17,0.19,0.15,932
2026-02-04,CC,1-2,-73.0,-53.0,-80.0,12067
2026-02-04,CC,2-3,-47.0,-41.0,-53.0,4386
2026-02-04,CC,3-4,-41.0,-37.0,-45.0,2327
2026-02-04,CC,4-5,-38.0,-37.0,-47.0,838
2026-02-04,CC,5-6,4.0,7.0,-6.0,534
2026-02-04,CT,1-2,-1.75,-1.71,-1.87,20840
2026-02-04,CT,2-3,-1.73,-1.68,-1.75,5351
2026-02-04,CT,3-4,-2.52,-2.36,-2.57,4126
2026-02-04,CT,4-5,-0.92,-0.79,-0.94,624
2026-02-04,CT,5-6,-0.59,-0.51,-0.6,51
2026-02-04,KC,1-2,10.8,16.6,10.2,16397
2026-02-04,KC,2-3,4.85,5.85,4.4,7221
2026-02-04,KC,3-4,5.0,5.55,4.65,4198
2026-02-04,KC,4-5,4.8,5.25,4.65,2669
2026-02-04,KC,5-6,3.5,3.7,3.45,393
2026-02-04,SB,1-2,0.39,0.46,0.38,44536
2026-02-04,SB,2-3,0.02,0.03,0.01,9701
2026-02-04,SB,3-4,-0.31,-0.31,-0.33,2899
2026-02-04,SB,4-5,-0.72,-0.7,-0.72,1696
2026-02-04,SB,5-6,0.17,0.18,0.16,316
2026-02-05,CC,1-2,-85.0,-70.0,-90.0,10407
2026-02-05,CC,2-3,-51.0,-45.0,-52.0,3764
2026-02-05,CC,3-4,-46.0,-41.0,-49.0,2058
2026-02-05,CC,4-5,-54.0,-42.0,-54.0,1334
2026-02-05,CC,5-6,-11.0,5.0,-13.0,712
2026-02-05,CT,1-2,-1.74,-1.71,-1.8,14901
2026-02-05,CT,2-3,-1.76,-1.73,-1.85,7021
2026-02-05,CT,3-4,-2.74,-2.49,-2.79,4629
2026-02-05,CT,4-5,-0.99,-0.85,-1.01,521
2026-02-05,CT,5-6,-0.64,-0.58,-0.64,18
2026-02-05,KC,1-2,11.9,13.0,9.95,13727
2026-02-05,KC,2-3,5.15,5.5,4.55,5560
2026-02-05,KC,3-4,4.8,5.3,4.75,2764
2026-02-05,KC,4-5,4.75,4.95,4.6,1551
2026-02-05,KC,5-6,3.2,3.45,3.15,444
2026-02-05,SB,1-2,0.43,0.45,0.39,47811
2026-02-05,SB,2-3,0.02,0.03,0.01,7367
2026-02-05,SB,3-4,-0.33,-0.31,-0.33,3827
2026-02-05,SB,4-5,-0.73,-0.71,-0.73,1877
2026-02-05,SB,5-6,0.16,0.17,0.15,822
2026-02-06,CC,1-2,-89.0,-75.0,-91.0,10696
2026-02-06,CC,2-3,-54.0,-47.0,-56.0,2360
2026-02-06,CC,3-4,-55.0,-42.0,-56.0,1720
2026-02-06,CC,4-5,-65.0,-50.0,-67.0,944
2026-02-06,CC,5-6,-13.0,-7.0,-15.0,157
2026-02-06,CT,1-2,-1.98,-1.72,-2.02,26154
2026-02-06,CT,2-3,-1.79,-1.72,-1.83,8829
2026-02-06,CT,3-4,-2.77,-2.58,-2.82,5190
2026-02-06,CT,4-5,-1.02,-0.88,-1.03,624
2026-02-06,CT,5-6,-0.64,-0.48,-0.64,39
2026-02-06,KC,1-2,7.25,11.7,6.6,19046
2026-02-06,KC,2-3,5.3,5.45,4.7,6933
2026-02-06,KC,3-4,4.55,5.05,4.35,2765
2026-02-06,KC,4-5,4.3,4.75,4.2,1601
2026-02-06,KC,5-6,3.05,3.4,2.95,372
2026-02-06,SB,1-2,0.4,0.49,0.39,83055
2026-02-06,SB,2-3,0.02,0.04,0.01,7360
2026-02-06,SB,3-4,-0.35,-0.32,-0.35,5785
2026-02-06,SB,4-5,-0.74,-0.71,-0.74,2908
2026-02-06,SB,5-6,0.15,0.17,0.15,768
2026-02-09,CC,1-2,-84.0,-72.0,-90.0,9721
2026-02-09,CC,2-3,-59.0,-50.0,-61.0,3146
2026-02-09,CC,3-4,-60.0,-46.0,-62.0,2483
2026-02-09,CC,4-5,-84.0,-58.0,-88.0,1622
2026-02-09,CC,5-6,-43.0,-9.0,-47.0,883
2026-02-09,CT,1-2,-2.15,-1.98,-2.16,31087
2026-02-09,CT,2-3,-1.69,-1.68,-1.85,9899
2026-02-09,CT,3-4,-2.5,-2.43,-2.75,5972
2026-02-09,CT,4-5,-0.87,-0.81,-1.03,516
2026-02-09,CT,5-6,-0.54,-0.5,-0.64,13
2026-02-09,KC,1-2,6.0,9.1,5.75,17058
2026-02-09,KC,2-3,5.25,6.55,4.6,7422
2026-02-09,KC,3-4,4.6,5.0,4.2,2980
2026-02-09,KC,4-5,4.2,4.5,4.15,1519
2026-02-09,KC,5-6,3.0,3.25,2.9,408
2026-02-09,SB,1-2,0.39,0.49,0.38,125487
2026-02-09,SB,2-3,0.03,0.07,0.02,20045
2026-02-09,SB,3-4,-0.32,-0.31,-0.35,6401
2026-02-09,SB,4-5,-0.71,-0.7,-0.73,3941
2026-02-09,SB,5-6,0.17,0.18,0.15,1508
2026-02-10,CC,1-2,-86.0,-78.0,-89.0,9861
2026-02-10,CC,2-3,-57.0,-52.0,-61.0,5953
2026-02-10,CC,3-4,-62.0,-54.0,-64.0,3148
2026-02-10,CC,4-5,-86.0,-77.0,-90.0,2265
2026-02-10,CC,5-6,-56.0,-37.0,-60.0,1160
2026-02-10,CT,1-2,-2.19,-2.07,-2.2,27600
2026-02-10,CT,2-3,-1.7,-1.57,-1.77,10158
2026-02-10,CT,3-4,-2.61,-2.21,-2.63,4855
2026-02-10,CT,4-5,-0.93,-0.81,-0.97,510
2026-02-10,CT,5-6,-0.56,-0.51,-0.58,27
2026-02-10,KC,1-2,3.5,6.3,3.15,15897
2026-02-10,KC,2-3,5.3,6.1,5.25,6131
2026-02-10,KC,3-4,4.6,5.15,4.45,2807
2026-02-10,KC,4-5,4.15,4.4,4.1,1375
2026-02-10,KC,5-6,2.95,3.15,2.9,464
2026-02-10,SB,1-2,0.36,0.42,0.35,112536
2026-02-10,SB,2-3,0.04,0.07,0.03,17576
2026-02-10,SB,3-4,-0.32,-0.3,-0.33,7475
2026-02-10,SB,4-5,-0.71,-0.69,-0.71,3517
2026-02-10,SB,5-6,0.16,0.18,0.16,851
2026-02-11,CC,1-2,-94.0,-87.0,-95.0,10086
2026-02-11,CC,2-3,-57.0,-50.0,-58.0,4846
2026-02-11,CC,3-4,-60.0,-55.0,-65.0,2166
2026-02-11,CC,4-5,-84.0,-76.0,-92.0,1337
2026-02-11,CC,5-6,-59.0,-53.0,-64.0,464
2026-02-11,CT,1-2,-2.05,-1.91,-2.2,33459
2026-02-11,CT,2-3,-1.65,-1.64,-1.73,5250
2026-02-11,CT,3-4,-2.51,-2.4,-2.6,3469
2026-02-11,CT,4-5,-0.99,-0.91,-1.01,360
2026-02-11,CT,5-6,-0.59,-0.52,-0.6,28
2026-02-11,KC,1-2,1.95,3.7,1.75,11536
2026-02-11,KC,2-3,3.75,5.45,3.65,7364
2026-02-11,KC,3-4,4.2,4.65,3.9,3122
2026-02-11,KC,4-5,4.15,4.45,4.05,1328
2026-02-11,KC,5-6,3.1,3.2,2.85,530
2026-02-11,SB,1-2,0.32,0.41,0.3,98943
2026-02-11,SB,2-3,0.0,0.04,-0.01,19093
2026-02-11,SB,3-4,-0.35,-0.32,-0.35,6525
2026-02-11,SB,4-5,-0.72,-0.7,-0.72,6229
2026-02-11,SB,5-6,0.14,0.16,0.13,2306
2026-02-12,CC,1-2,-92.0,-87.0,-95.0,8261
2026-02-12,CC,2-3,-61.0,-55.0,-63.0,4535
2026-02-12,CC,3-4,-65.0,-57.0,-70.0,3167
2026-02-12,CC,4-5,-100.0,-80.0,-110.0,2676
2026-02-12,CC,5-6,-71.0,-60.0,-76.0,680
2026-02-12,CT,1-2,-2.04,-1.91,-2.13,24945
2026-02-12,CT,2-3,-1.65,-1.63,-1.71,6531
2026-02-12,CT,3-4,-2.47,-2.35,-2.61,3500
2026-02-12,CT,4-5,-0.98,-0.94,-1.02,514
2026-02-12,CT,5-6,-0.63,-0.56,-0.64,53
2026-02-12,KC,1-2,2.2,3.65,1.9,8377
2026-02-12,KC,2-3,3.75,4.45,3.6,5441
2026-02-12,KC,3-4,4.0,4.7,3.9,2536
2026-02-12,KC,4-5,4.15,4.45,4.05,1499
2026-02-12,KC,5-6,2.95,3.25,2.9,333
2026-02-12,SB,1-2,0.27,0.37,0.26,87759
2026-02-12,SB,2-3,0.0,0.03,-0.01,17715
2026-02-12,SB,3-4,-0.36,-0.33,-0.37,10295
2026-02-12,SB,4-5,-0.73,-0.71,-0.73,3104
2026-02-12,SB,5-6,0.13,0.15,0.13,2403
2026-02-13,CC,1-2,-92.0,-87.0,-95.0,7536
2026-02-13,CC,2-3,-57.0,-56.0,-63.0,3160
2026-02-13,CC,3-4,-62.0,-60.0,-69.0,2089
2026-02-13,CC,4-5,-94.0,-92.0,-109.0,1605
2026-02-13,CC,5-6,-75.0,-71.0,-94.0,1079
2026-02-13,CT,1-2,-2.02,-1.98,-2.11,15267
2026-02-13,CT,2-3,-1.69,-1.61,-1.69,7622
2026-02-13,CT,3-4,-2.54,-2.39,-2.58,4160
2026-02-13,CT,4-5,-1.08,-0.94,-1.09,488
2026-02-13,CT,5-6,-0.69,-0.64,-0.73,54
2026-02-13,KC,1-2,1.75,3.1,1.3,3937
2026-02-13,KC,2-3,3.95,4.15,3.65,5117
2026-02-13,KC,3-4,4.2,4.65,4.05,2230
2026-02-13,KC,4-5,4.25,4.6,4.15,1063
2026-02-13,KC,5-6,3.0,3.2,2.95,229
2026-02-13,SB,1-2,0.29,0.34,0.27,39636
2026-02-13,SB,2-3,0.01,0.02,-0.01,11049
2026-02-13,SB,3-4,-0.34,-0.33,-0.36,6363
2026-02-13,SB,4-5,-0.72,-0.71,-0.73,3056
2026-02-13,SB,5-6,0.14,0.15,0.13,1350
2026-02-17,CC,1-2,-82.0,-75.0,-94.0,9320
2026-02-17,CC,2-3,-65.0,-56.0,-68.0,7030
2026-02-17,CC,3-4,-67.0,-61.0,-73.0,3695
2026-02-17,CC,4-5,-104.0,-99.0,-109.0,2305
2026-02-17,CC,5-6,-77.0,-74.0,-98.0,1224
2026-02-17,CT,1-2,-2.12,-2.0,-2.14,12635
2026-02-17,CT,2-3,-1.73,-1.67,-1.79,8456
2026-02-17,CT,3-4,-2.68,-2.51,-2.71,4478
2026-02-17,CT,4-5,-1.3,-1.08,-1.35,789
2026-02-17,CT,5-6,-0.88,-0.71,-0.94,236
2026-02-17,KC,1-2,1.5,2.75,0.35,5420
2026-02-17,KC,2-3,3.55,4.0,3.3,6384
2026-02-17,KC,3-4,3.65,4.2,3.55,2888
2026-02-17,KC,4-5,3.75,4.25,3.65,1417
2026-02-17,KC,5-6,2.6,3.05,2.6,596
2026-02-17,SB,1-2,0.38,0.39,0.3,36117
2026-02-17,SB,2-3,0.0,0.03,,15619
2026-02-17,SB,3-4,-0.34,-0.31,-0.35,7909
2026-02-17,SB,4-5,-0.72,-0.69,-0.72,5703
2026-02-17,SB,5-6,0.15,0.16,0.14,1558
2026-02-18,CC,1-2,-88.0,-81.0,-90.0,5467
2026-02-18,CC,2-3,-62.0,-59.0,-66.0,8027
2026-02-18,CC,3-4,-59.0,-56.0,-68.0,4539
2026-02-18,CC,4-5,-90.0,-82.0,-105.0,3380
2026-02-18,CC,5-6,-69.0,-60.0,-85.0,1726
2026-02-18,CT,1-2,-2.21,-2.1,-2.27,17362
2026-02-18,CT,2-3,-1.71,-1.69,-1.77,6049
2026-02-18,CT,3-4,-2.62,-2.55,-2.69,3877
2026-02-18,CT,4-5,-1.29,-1.28,-1.35,320
2026-02-18,CT,5-6,-0.94,-0.9,-0.94,111
2026-02-18,KC,1-2,2.4,2.75,,3621
2026-02-18,KC,2-3,3.55,3.75,3.25,4274
2026-02-18,KC,3-4,3.75,3.85,3.6,2125
2026-02-18,KC,4-5,3.7,3.85,3.65,1037
2026-02-18,KC,5-6,2.6,2.7,2.55,309
2026-02-18,SB,1-2,0.41,0.43,0.35,33988
2026-02-18,SB,2-3,0.04,0.05,,12081
2026-02-18,SB,3-4,-0.31,-0.3,-0.35,6337
2026-02-18,SB,4-5,-0.69,-0.68,-0.72,4323
2026-02-18,SB,5-6,0.18,0.18,0.15,1410
2026-02-19,CC,1-2,-90.0,-85.0,-95.0,4699
2026-02-19,CC,2-3,-55.0,-52.0,-62.0,9698
2026-02-19,CC,3-4,-57.0,-45.0,-60.0,5647
2026-02-19,CC,4-5,-72.0,-59.0,-95.0,3514
2026-02-19,CC,5-6,-47.0,-43.0,-69.0,1591
2026-02-19,CT,1-2,-2.21,-2.16,-2.3,12416
2026-02-19,CT,2-3,-1.59,-1.58,-1.72,7448
2026-02-19,CT,3-4,-2.54,-2.5,-2.63,2214
2026-02-19,CT,4-5,-1.22,-1.19,-1.29,392
2026-02-19,CT,5-6,-0.85,-0.85,-0.91,93
2026-02-19,KC,1-2,2.0,3.5,1.0,162
2026-02-19,KC,2-3,4.35,4.75,3.55,6957
2026-02-19,KC,3-4,4.1,4.35,3.65,3193
2026-02-19,KC,4-5,4.0,4.1,3.65,1818
2026-02-19,KC,5-6,2.95,3.0,2.55,791
2026-02-19,SB,1-2,0.37,0.41,0.35,18237
2026-02-19,SB,2-3,0.04,0.06,0.02,11055
2026-02-19,SB,3-4,-0.31,-0.3,-0.33,7711
2026-02-19,SB,4-5,-0.68,-0.67,-0.69,3643
2026-02-19,SB,5-6,0.17,0.19,0.17,1498
2026-02-20,CC,1-2,-98.0,-86.0,-100.0,2156
2026-02-20,CC,2-3,-55.0,-50.0,-60.0,7634
2026-02-20,CC,3-4,-50.0,-39.0,-56.0,5081
2026-02-20,CC,4-5,-65.0,-52.0,-80.0,3622
2026-02-20,CC,5-6,-34.0,-24.0,-65.0,1609
2026-02-20,CT,1-2,-2.6,-2.15,-2.67,4488
2026-02-20,CT,2-3,-1.55,-1.46,-1.63,15532
2026-02-20,CT,3-4,-2.12,-2.04,-2.5,8191
2026-02-20,CT,4-5,-0.84,-0.75,-1.22,2858
2026-02-20,CT,5-6,-0.51,-0.46,-0.86,1160
2026-02-20,KC,1-2,2.6,3.0,1.8,81
2026-02-20,KC,2-3,4.6,5.2,4.4,4376
2026-02-20,KC,3-4,4.4,4.8,4.2,2754
2026-02-20,KC,4-5,4.35,4.45,4.0,1811
2026-02-20,KC,5-6,3.15,3.25,2.9,688
2026-02-20,SB,1-2,0.43,0.46,0.36,36008
2026-02-20,SB,2-3,0.05,0.06,0.02,15792
2026-02-20,SB,3-4,-0.3,-0.29,-0.32,8528
2026-02-20,SB,4-5,-0.66,-0.65,-0.68,5717
2026-02-20,SB,5-6,0.18,0.2,0.17,3031
2026-02-23,CC,1-2,-99.0,-35.0,-100.0,138
2026-02-23,CC,2-3,-65.0,-52.0,-66.0,4360
2026-02-23,CC,3-4,-68.0,-46.0,-69.0,3639
2026-02-23,CC,4-5,-85.0,-55.0,-87.0,2459
2026-02-23,CC,5-6,-48.0,-28.0,-53.0,1302
2026-02-23,CT,1-2,-1.58,-1.52,-2.66,100
2026-02-23,CT,2-3,-1.68,-1.53,-1.73,9224
2026-02-23,CT,3-4,-2.22,-2.1,-2.29,3287
2026-02-23,CT,4-5,-0.89,-0.8,-0.91,1035
2026-02-23,CT,5-6,-0.68,-0.49,-0.68,291
2026-02-23,KC,1-2,3.1,3.3,1.85,69
2026-02-23,KC,2-3,4.45,4.75,4.3,3091
2026-02-23,KC,3-4,4.4,4.75,4.25,1967
2026-02-23,KC,4-5,4.45,4.55,4.2,1753
2026-02-23,KC,5-6,3.05,3.2,2.9,330
2026-02-23,SB,1-2,0.45,0.48,0.42,20820
2026-02-23,SB,2-3,0.04,0.06,0.02,11563
2026-02-23,SB,3-4,-0.31,-0.3,-0.32,5304
2026-02-23,SB,4-5,-0.67,-0.66,-0.68,3473
2026-02-23,SB,5-6,0.18,0.19,0.17,854
2026-02-24,CC,1-2,-81.0,-35.0,-35.0,1
2026-02-24,CC,2-3,-53.0,-52.0,-68.0,7500
2026-02-24,CC,3-4,-55.0,-51.0,-70.0,3419
2026-02-24,CC,4-5,-71.0,-63.0,-92.0,2591
2026-02-24,CC,5-6,-43.0,-30.0,-61.0,1409
2026-02-24,CT,1-2,-2.0,-1.52,-2.62,21
2026-02-24,CT,2-3,-1.63,-1.54,-1.7,12104
2026-02-24,CT,3-4,-2.19,-2.02,-2.26,6834
2026-02-24,CT,4-5,-0.9,-0.8,-0.91,1462
2026-02-24,CT,5-6,-0.64,-0.57,-0.67,186
2026-02-24,KC,1-2,2.75,4.0,1.8,73
2026-02-24,KC,2-3,5.2,5.5,4.3,5762
2026-02-24,KC,3-4,4.7,4.8,4.3,2791
2026-02-24,KC,4-5,4.65,4.8,4.35,1832
2026-02-24,KC,5-6,3.25,3.3,3.0,318
2026-02-24,SB,1-2,0.54,0.55,0.44,23313
2026-02-24,SB,2-3,0.01,0.04,0.01,11792
2026-02-24,SB,3-4,-0.3,-0.29,-0.32,8479
2026-02-24,SB,4-5,-0.68,-0.65,-0.69,2749
2026-02-24,SB,5-6,0.18,0.2,0.16,1557
2026-02-25,CC,1-2,-95.0,-81.0,-100.0,97
2026-02-25,CC,2-3,-56.0,-48.0,-60.0,6137
2026-02-25,CC,3-4,-62.0,-50.0,-66.0,3516
2026-02-25,CC,4-5,-90.0,-60.0,-91.0,3470
2026-02-25,CC,5-6,-65.0,-36.0,-66.0,1779
2026-02-25,CT,1-2,-2.0,-1.36,-1.36,1
2026-02-25,CT,2-3,-1.63,-1.56,-1.67,10930
2026-02-25,CT,3-4,-2.12,-2.05,-2.19,7710
2026-02-25,CT,4-5,-0.91,-0.83,-0.98,1281
2026-02-25,CT,5-6,-0.59,-0.58,-0.69,158
2026-02-25,KC,1-2,3.45,3.8,2.75,58
2026-02-25,KC,2-3,4.95,5.05,4.55,3427
2026-02-25,KC,3-4,4.6,4.7,4.45,1879
2026-02-25,KC,4-5,4.7,4.75,4.5,1162
2026-02-25,KC,5-6,3.1,3.3,3.0,481
2026-02-25,SB,1-2,0.59,0.59,0.51,16699
2026-02-25,SB,2-3,0.03,0.03,,10727
2026-02-25,SB,3-4,-0.32,-0.3,-0.33,2911
2026-02-25,SB,4-5,-0.68,-0.67,-0.69,1840
2026-02-25,SB,5-6,0.21,0.21,0.17,1144
2026-02-26,CC,1-2,-89.0,-80.0,-80.0,5
2026-02-26,CC,2-3,-52.0,-48.0,-55.0,4154
2026-02-26,CC,3-4,-57.0,-52.0,-66.0,3056
2026-02-26,CC,4-5,-87.0,-77.0,-92.0,2680
2026-02-26,CC,5-6,-62.0,-54.0,-69.0,1047
2026-02-26,CT,1-2,-2.0,,,
2026-02-26,CT,2-3,-1.71,-1.62,-1.73,6725
2026-02-26,CT,3-4,-2.38,-2.05,-2.42,3897
2026-02-26,CT,4-5,-0.9,-0.9,-0.95,796
2026-02-26,CT,5-6,-0.58,-0.57,-0.65,201
2026-02-26,KC,1-2,3.7,4.0,3.55,28
2026-02-26,KC,2-3,4.9,5.05,4.7,2549
2026-02-26,KC,3-4,4.45,4.65,4.3,1190
2026-02-26,KC,4-5,4.6,4.8,4.5,777
2026-02-26,KC,5-6,3.0,3.2,2.95,263
2026-02-26,SB,1-2,0.46,0.62,0.41,13675
2026-02-26,SB,2-3,0.02,0.05,0.01,24235
2026-02-26,SB,3-4,-0.35,-0.3,-0.35,13242
2026-02-26,SB,4-5,-0.68,-0.66,-0.7,5164
2026-02-26,SB,5-6,0.19,0.21,0.18,1893
2026-02-27,CC,1-2,-90.0,,,
2026-02-27,CC,2-3,-54.0,-50.0,-59.0,7692
2026-02-27,CC,3-4,-62.0,-56.0,-66.0,3484
2026-02-27,CC,4-5,-94.0,-89.0,-99.0,2785
2026-02-27,CC,5-6,-73.0,-62.0,-79.0,2073
2026-02-27,CT,1-2,-2.0,,,
2026-02-27,CT,2-3,-1.71,-1.69,-1.78,6602
2026-02-27,CT,3-4,-2.38,-2.26,-2.46,2429
2026-02-27,CT,4-5,-0.94,-0.88,-0.97,665
2026-02-27,CT,5-6,-0.67,-0.54,-0.68,191
2026-02-27,KC,1-2,3.85,4.0,3.55,24
2026-02-27,KC,2-3,4.85,5.05,4.75,4240
2026-02-27,KC,3-4,4.5,4.7,4.3,1661
2026-02-27,KC,4-5,4.5,4.6,4.45,1442
2026-02-27,KC,5-6,2.8,2.95,2.7,451
2026-02-27,SB,1-2,0.41,0.55,0.41,4195
2026-02-27,SB,2-3,0.02,0.04,0.01,17149
2026-02-27,SB,3-4,-0.33,-0.32,-0.34,10029
2026-02-27,SB,4-5,-0.69,-0.66,-0.69,5869
2026-02-27,SB,5-6,0.2,0.2,0.18,1464
2026-03-02,CC,1-2,-90.0,,,
2026-03-02,CC,2-3,-41.0,-40.0,-58.0,9309
2026-03-02,CC,3-4,-48.0,-45.0,-68.0,4843
2026-03-02,CC,4-5,-61.0,-59.0,-97.0,3908
2026-03-02,CC,5-6,-43.0,-40.0,-79.0,1255
2026-03-02,CT,1-2,-1.82,-1.69,-1.83,10275
2026-03-02,CT,2-3,-2.51,-2.38,-2.53,5391
2026-03-02,CT,3-4,-1.02,-0.93,-1.2,1139
2026-03-02,CT,4-5,-0.75,-0.65,-0.93,587
2026-03-02,CT,5-6,-0.41,-0.28,-0.48,161
2026-03-02,KC,1-2,3.75,4.0,3.5,11
2026-03-02,KC,2-3,4.9,5.5,4.8,4786
2026-03-02,KC,3-4,4.4,4.85,4.35,2420
2026-03-02,KC,4-5,4.7,4.8,4.5,1536
2026-03-02,KC,5-6,2.8,2.85,2.7,410
2026-03-02,SB,1-2,0.01,0.05,,23983
2026-03-02,SB,2-3,-0.33,-0.31,-0.33,10824
2026-03-02,SB,3-4,-0.67,-0.66,-0.69,5712
2026-03-02,SB,4-5,0.2,0.22,0.19,1152
2026-03-02,SB,5-6,-0.01,0.01,-0.01,827
2026-03-03,CC,1-2,-90.0,-80.0,-100.0,10
2026-03-03,CC,2-3,-47.0,-38.0,-53.0,5444
2026-03-03,CC,3-4,-50.0,-44.0,-60.0,3283
2026-03-03,CC,4-5,-66.0,-58.0,-81.0,2125
2026-03-03,CC,5-6,-48.0,-41.0,-62.0,1239
2026-03-03,CT,1-2,-1.91,-1.75,-1.97,12211
2026-03-03,CT,2-3,-2.56,-2.46,-2.62,5400
2026-03-03,CT,3-4,-0.98,-0.97,-1.04,706
2026-03-03,CT,4-5,-0.69,-0.69,-0.75,104
2026-03-03,CT,5-6,-0.37,-0.38,-0.43,38
2026-03-03,KC,1-2,3.8,4.1,3.5,21
2026-03-03,KC,2-3,4.65,5.3,4.55,5728
2026-03-03,KC,3-4,4.45,4.95,4.35,3087
2026-03-03,KC,4-5,4.7,5.05,4.55,1893
2026-03-03,KC,5-6,2.6,2.8,2.55,538
2026-03-03,SB,1-2,0.0,0.03,,17939
2026-03-03,SB,2-3,-0.32,-0.31,-0.34,12266
2026-03-03,SB,3-4,-0.66,-0.65,-0.68,6210
2026-03-03,SB,4-5,0.21,0.24,0.18,2602
2026-03-03,SB,5-6,-0.01,0.02,-0.02,2355
2026-03-04,CC,1-2,-92.0,,,
2026-03-04,CC,2-3,-59.0,-45.0,-65.0,6774
2026-03-04,CC,3-4,-58.0,-43.0,-61.0,3426
2026-03-04,CC,4-5,-68.0,-59.0,-72.0,1111
2026-03-04,CC,5-6,-47.0,-40.0,-51.0,481
2026-03-04,CT,1-2,-1.94,-1.84,-1.95,9146
2026-03-04,CT,2-3,-2.59,-2.4,-2.6,3887
2026-03-04,CT,3-4,-0.98,-0.88,-1.01,698
2026-03-04,CT,4-5,-0.63,-0.63,-0.69,123
2026-03-04,CT,5-6,-0.3,-0.29,-0.35,55
2026-03-04,KC,1-2,4.45,4.5,4.45,10
2026-03-04,KC,2-3,5.05,5.35,4.6,5093
2026-03-04,KC,3-4,4.95,5.25,4.4,3984
2026-03-04,KC,4-5,5.3,5.45,4.75,2554
2026-03-04,KC,5-6,2.7,2.85,2.65,503
2026-03-04,SB,1-2,-0.06,0.02,-0.06,35062
2026-03-04,SB,2-3,-0.35,-0.31,-0.36,16003
2026-03-04,SB,3-4,-0.69,-0.65,-0.69,4951
2026-03-04,SB,4-5,0.19,0.21,0.18,2035
2026-03-04,SB,5-6,-0.03,,-0.04,1650
2026-03-05,CC,1-2,-92.0,,,
2026-03-05,CC,2-3,-67.0,-59.0,-69.0,5175
2026-03-05,CC,3-4,-67.0,-58.0,-68.0,2536
2026-03-05,CC,4-5,-83.0,-68.0,-85.0,1114
2026-03-05,CC,5-6,-56.0,-46.0,-60.0,504
2026-03-05,CT,1-2,-1.96,-1.92,-2.05,9210
2026-03-05,CT,2-3,-2.73,-2.56,-2.77,3616
2026-03-05,CT,3-4,-0.96,-0.93,-1.02,701
2026-03-05,CT,4-5,-0.56,-0.54,-0.66,326
2026-03-05,CT,5-6,-0.25,-0.24,-0.37,132
2026-03-05,KC,1-2,4.2,4.95,4.5,31
2026-03-05,KC,2-3,4.85,5.55,4.8,4316
2026-03-05,KC,3-4,5.0,5.9,4.9,2690
2026-03-05,KC,4-5,5.1,5.7,5.0,2109
2026-03-05,KC,5-6,2.75,2.95,2.65,308
2026-03-05,SB,1-2,-0.07,-0.04,-0.07,23546
2026-03-05,SB,2-3,-0.37,-0.35,-0.37,7092
2026-03-05,SB,3-4,-0.7,-0.68,-0.7,4723
2026-03-05,SB,4-5,0.17,0.19,0.17,1215
2026-03-05,SB,5-6,-0.03,-0.02,-0.04,923
2026-03-06,CC,1-2,-92.0,,,
2026-03-06,CC,2-3,-57.0,-53.0,-69.0,6428
2026-03-06,CC,3-4,-53.0,-51.0,-68.0,3784
2026-03-06,CC,4-5,-70.0,-63.0,-85.0,2048
2026-03-06,CC,5-6,-51.0,-48.0,-65.0,864
2026-03-06,CT,1-2,-1.96,-1.86,-2.0,8652
2026-03-06,CT,2-3,-2.7,-2.62,-2.77,4532
2026-03-06,CT,3-4,-0.96,-0.9,-0.97,580
2026-03-06,CT,4-5,-0.58,-0.52,-0.59,149
2026-03-06,CT,5-6,-0.22,-0.21,-0.27,44
2026-03-06,KC,1-2,4.3,4.95,3.9,19
2026-03-06,KC,2-3,4.85,5.55,4.6,5036
2026-03-06,KC,3-4,5.5,6.15,5.3,2599
2026-03-06,KC,4-5,5.3,5.9,5.2,1948
2026-03-06,KC,5-6,2.7,3.0,2.65,829
2026-03-06,SB,1-2,-0.09,-0.05,-0.09,27196
2026-03-06,SB,2-3,-0.35,-0.33,-0.37,16373
2026-03-06,SB,3-4,-0.66,-0.65,-0.7,9025
2026-03-06,SB,4-5,0.18,0.19,0.16,3105
2026-03-06,SB,5-6,-0.02,-0.01,-0.04,1371
2026-03-09,CC,1-2,-92.0,,,
2026-03-09,CC,2-3,-59.0,-50.0,-60.0,6046
2026-03-09,CC,3-4,-57.0,-46.0,-60.0,3414
2026-03-09,CC,4-5,-66.0,-58.0,-74.0,2118
2026-03-09,CC,5-6,-48.0,-46.0,-64.0,856
2026-03-09,CT,1-2,-1.95,-1.91,-2.05,9166
2026-03-09,CT,2-3,-2.76,-2.53,-2.79,5407
2026-03-09,CT,3-4,-0.95,-0.88,-0.97,707
2026-03-09,CT,4-5,-0.57,-0.49,-0.59,95
2026-03-09,CT,5-6,-0.24,-0.19,-0.27,43
2026-03-09,KC,1-2,4.85,5.95,3.8,8
2026-03-09,KC,2-3,6.0,6.3,4.95,6759
2026-03-09,KC,3-4,6.15,6.5,5.75,2361
2026-03-09,KC,4-5,5.85,5.95,5.4,1455
2026-03-09,KC,5-6,3.0,3.05,2.9,547
2026-03-09,SB,1-2,-0.09,-0.05,-0.1,39258
2026-03-09,SB,2-3,-0.34,-0.33,-0.37,17090
2026-03-09,SB,3-4,-0.66,-0.64,-0.68,8078
2026-03-09,SB,4-5,0.2,0.21,0.18,3494
2026-03-09,SB,5-6,0.0,,-0.02,2258
2026-03-10,CC,1-2,-91.0,,,
2026-03-10,CC,2-3,-65.0,-55.0,-67.0,5635
2026-03-10,CC,3-4,-64.0,-53.0,-68.0,3431
2026-03-10,CC,4-5,-64.0,-60.0,-76.0,1750
2026-03-10,CC,5-6,-44.0,-42.0,-59.0,826
2026-03-10,CT,1-2,-1.87,-1.78,-1.97,9186
2026-03-10,CT,2-3,-2.68,-2.55,-2.75,7903
2026-03-10,CT,3-4,-0.99,-0.89,-0.99,869
2026-03-10,CT,4-5,-0.62,-0.54,-0.64,181
2026-03-10,CT,5-6,-0.28,-0.2,-0.29,68
2026-03-10,KC,1-2,4.75,5.0,4.05,24
2026-03-10,KC,2-3,5.7,6.15,5.4,5689
2026-03-10,KC,3-4,5.8,6.35,5.65,1727
2026-03-10,KC,4-5,5.6,5.9,5.45,1010
2026-03-10,KC,5-6,3.0,3.1,2.9,426
2026-03-10,SB,1-2,-0.13,-0.08,-0.15,34993
2026-03-10,SB,2-3,-0.38,-0.34,-0.39,15928
2026-03-10,SB,3-4,-0.68,-0.66,-0.69,3699
2026-03-10,SB,4-5,0.18,0.2,0.17,1198
2026-03-10,SB,5-6,-0.02,,-0.02,657
2026-03-11,CC,1-2,-92.0,-104.0,-104.0,1
2026-03-11,CC,2-3,-69.0,-60.0,-69.0,4814
2026-03-11,CC,3-4,-65.0,-60.0,-69.0,3033
2026-03-11,CC,4-5,-65.0,-58.0,-72.0,1351
2026-03-11,CC,5-6,-53.0,-44.0,-60.0,680
2026-03-11,CT,1-2,-1.91,-1.75,-1.94,7971
2026-03-11,CT,2-3,-2.69,-2.45,-2.7,5859
2026-03-11,CT,3-4,-0.99,-0.95,-1.03,879
2026-03-11,CT,4-5,-0.62,-0.59,-0.67,124
2026-03-11,CT,5-6,-0.33,-0.24,-0.33,46
2026-03-11,KC,1-2,4.6,4.9,4.9,4
2026-03-11,KC,2-3,5.2,5.6,5.05,5283
2026-03-11,KC,3-4,5.5,5.9,5.45,1842
2026-03-11,KC,4-5,5.5,5.7,5.3,1201
2026-03-11,KC,5-6,2.75,3.0,2.75,384
2026-03-11,SB,1-2,-0.16,-0.11,-0.17,26885
2026-03-11,SB,2-3,-0.4,-0.37,-0.4,12430
2026-03-11,SB,3-4,-0.7,-0.68,-0.7,2828
2026-03-11,SB,4-5,0.19,0.2,0.18,1160
2026-03-11,SB,5-6,-0.03,-0.01,-0.03,1176
2026-03-12,CC,1-2,-92.0,,,
2026-03-12,CC,2-3,-70.0,-62.0,-71.0,6357
2026-03-12,CC,3-4,-67.0,-59.0,-71.0,3812
2026-03-12,CC,4-5,-76.0,-65.0,-85.0,1995
2026-03-12,CC,5-6,-52.0,-47.0,-61.0,1093
2026-03-12,CT,1-2,-2.01,-1.84,-2.01,6885
2026-03-12,CT,2-3,-2.72,-2.61,-2.76,5901
2026-03-12,CT,3-4,-0.98,-0.93,-1.0,699
2026-03-12,CT,4-5,-0.64,-0.57,-0.66,80
2026-03-12,CT,5-6,-0.32,-0.28,-0.34,22
2026-03-12,KC,1-2,4.6,5.8,4.3,6
2026-03-12,KC,2-3,5.45,6.2,5.05,5393
2026-03-12,KC,3-4,6.05,6.65,5.6,2487
2026-03-12,KC,4-5,5.85,5.95,5.6,1341
2026-03-12,KC,5-6,3.1,3.15,2.8,607
2026-03-12,SB,1-2,-0.17,-0.14,-0.19,24916
2026-03-12,SB,2-3,-0.37,-0.36,-0.4,11241
2026-03-12,SB,3-4,-0.69,-0.67,-0.71,4705
2026-03-12,SB,4-5,0.21,0.22,0.19,1236
2026-03-12,SB,5-6,-0.02,-0.01,-0.04,1100
2026-03-13,CC,1-2,-92.0,,,
2026-03-13,CC,2-3,-68.0,-65.0,-72.0,4686
2026-03-13,CC,3-4,-66.0,-60.0,-68.0,2870
2026-03-13,CC,4-5,-74.0,-69.0,-80.0,1776
2026-03-13,CC,5-6,-47.0,-42.0,-52.0,806
2026-03-13,CT,1-2,-2.04,-1.97,-2.14,11049
2026-03-13,CT,2-3,-2.44,-2.42,-2.7,7519
2026-03-13,CT,3-4,-0.92,-0.88,-0.97,1155
2026-03-13,CT,4-5,-0.53,-0.49,-0.62,290
2026-03-13,CT,5-6,-0.2,-0.18,-0.34,111
2026-03-13,KC,1-2,5.2,6.0,3.5,73
2026-03-13,KC,2-3,5.75,5.95,5.4,4220
2026-03-13,KC,3-4,6.05,6.7,6.0,1606
2026-03-13,KC,4-5,6.05,6.35,5.7,1026
2026-03-13,KC,5-6,3.2,3.4,2.9,498
2026-03-13,SB,1-2,-0.2,-0.15,-0.2,17278
2026-03-13,SB,2-3,-0.36,-0.34,-0.37,8115
2026-03-13,SB,3-4,-0.67,-0.66,-0.69,1881
2026-03-13,SB,4-5,0.22,0.22,0.21,764
2026-03-13,SB,5-6,-0.01,-0.01,-0.03,375
2026-03-16,CC,1-2,-90.0,,,
2026-03-16,CC,2-3,-67.0,-65.0,-71.0,5333
2026-03-16,CC,3-4,-58.0,-56.0,-70.0,3255
2026-03-16,CC,4-5,-63.0,-61.0,-83.0,2335
2026-03-16,CC,5-6,-47.0,-39.0,-59.0,749
2026-03-16,CT,1-2,-1.87,-1.82,-2.07,18889
2026-03-16,CT,2-3,-1.92,-1.79,-2.47,15182
2026-03-16,CT,3-4,-0.89,-0.85,-0.92,1266
2026-03-16,CT,4-5,-0.45,-0.41,-0.52,443
2026-03-16,CT,5-6,-0.03,0.08,-0.23,226
2026-03-16,KC,1-2,4.9,5.45,5.45,4
2026-03-16,KC,2-3,6.6,6.9,5.5,5141
2026-03-16,KC,3-4,8.15,8.65,6.0,4127
2026-03-16,KC,4-5,6.8,7.55,5.95,3036
2026-03-16,KC,5-6,3.45,3.6,3.2,1003
2026-03-16,SB,1-2,-0.19,-0.17,-0.21,17901
2026-03-16,SB,2-3,-0.4,-0.36,-0.41,8093
2026-03-16,SB,3-4,-0.69,-0.67,-0.69,1954
2026-03-16,SB,4-5,0.19,0.22,0.19,695
2026-03-16,SB,5-6,-0.03,-0.02,-0.05,1252
2026-03-17,CC,1-2,-72.0,-65.0,-74.0,7408
2026-03-17,CC,2-3,-67.0,-57.0,-69.0,3245
2026-03-17,CC,3-4,-68.0,-58.0,-76.0,2157
2026-03-17,CC,4-5,-41.0,-40.0,-49.0,478
2026-03-17,CC,5-6,-28.0,-27.0,-38.0,334
2026-03-17,CT,1-2,-1.98,-1.82,-2.02,14182
2026-03-17,CT,2-3,-1.9,-1.78,-2.06,9810
2026-03-17,CT,3-4,-0.84,-0.76,-0.89,2038
2026-03-17,CT,4-5,-0.31,-0.28,-0.5,1011
2026-03-17,CT,5-6,0.27,0.53,-0.1,716
2026-03-17,KC,1-2,7.3,7.55,5.6,4
2026-03-17,KC,2-3,6.3,7.7,6.2,9247
2026-03-17,KC,3-4,9.25,10.15,8.1,5335
2026-03-17,KC,4-5,7.35,8.0,7.1,2494
2026-03-17,KC,5-6,3.55,3.7,3.15,1355
2026-03-17,SB,1-2,-0.17,-0.15,-0.19,19999
2026-03-17,SB,2-3,-0.39,-0.37,-0.42,12414
2026-03-17,SB,3-4,-0.69,-0.67,-0.69,2784
2026-03-17,SB,4-5,0.19,0.21,0.18,1317
2026-03-17,SB,5-6,-0.04,-0.03,-0.05,2149
2026-03-18,CC,1-2,-74.0,-70.0,-75.0,5361
2026-03-18,CC,2-3,-70.0,-63.0,-74.0,2632
2026-03-18,CC,3-4,-76.0,-69.0,-81.0,1378
2026-03-18,CC,4-5,-48.0,-39.0,-55.0,448
2026-03-18,CC,5-6,-30.0,-29.0,-35.0,302
2026-03-18,CT,1-2,-1.87,-1.83,-2.02,12254
2026-03-18,CT,2-3,-2.07,-1.91,-2.2,7191
2026-03-18,CT,3-4,-0.83,-0.76,-0.87,1387
2026-03-18,CT,4-5,-0.32,-0.28,-0.37,244
2026-03-18,CT,5-6,0.37,0.4,0.21,90
2026-03-18,KC,1-2,6.8,7.55,6.0,42
2026-03-18,KC,2-3,5.8,6.6,5.5,5867
2026-03-18,KC,3-4,8.95,9.6,8.45,2614
2026-03-18,KC,4-5,7.35,7.75,7.15,1925
2026-03-18,KC,5-6,3.5,3.6,3.45,221
2026-03-18,SB,1-2,-0.14,-0.13,-0.18,24720
2026-03-18,SB,2-3,-0.35,-0.34,-0.4,15367
2026-03-18,SB,3-4,-0.66,-0.65,-0.69,4014
2026-03-18,SB,4-5,0.23,0.24,0.18,2321
2026-03-18,SB,5-6,-0.01,,-0.04,1537
2026-03-19,CC,1-2,-64.0,-62.0,-75.0,6921
2026-03-19,CC,2-3,-59.0,-56.0,-74.0,4613
2026-03-19,CC,3-4,-71.0,-65.0,-84.0,1926
2026-03-19,CC,4-5,-46.0,-41.0,-55.0,857
2026-03-19,CC,5-6,-28.0,-27.0,-34.0,427
2026-03-19,CT,1-2,-1.94,-1.82,-1.99,12267
2026-03-19,CT,2-3,-2.38,-2.03,-2.4,7816
2026-03-19,CT,3-4,-0.91,-0.81,-0.93,1590
2026-03-19,CT,4-5,-0.4,-0.29,-0.44,209
2026-03-19,CT,5-6,0.28,0.38,0.19,83
2026-03-19,KC,1-2,5.3,5.9,5.9,11
2026-03-19,KC,2-3,6.7,6.95,5.65,5981
2026-03-19,KC,3-4,9.55,9.6,8.55,2499
2026-03-19,KC,4-5,7.95,8.15,7.25,2150
2026-03-19,KC,5-6,3.7,3.7,3.45,428
2026-03-19,SB,1-2,-0.09,-0.08,-0.14,40626
2026-03-19,SB,2-3,-0.29,-0.29,-0.35,26033
2026-03-19,SB,3-4,-0.63,-0.61,-0.66,10207
2026-03-19,SB,4-5,0.34,0.37,0.24,5664
2026-03-19,SB,5-6,0.05,0.06,-0.01,3632
2026-03-20,CC,1-2,-69.0,-62.0,-74.0,5453
2026-03-20,CC,2-3,-65.0,-59.0,-70.0,2502
2026-03-20,CC,3-4,-84.0,-72.0,-92.0,2031
2026-03-20,CC,4-5,-56.0,-49.0,-66.0,1170
2026-03-20,CC,5-6,-29.0,-25.0,-34.0,530
2026-03-20,CT,1-2,-2.02,-1.85,-2.08,7234
2026-03-20,CT,2-3,-2.63,-2.29,-2.66,5739
2026-03-20,CT,3-4,-1.02,-0.87,-1.04,1133
2026-03-20,CT,4-5,-0.49,-0.36,-0.5,330
2026-03-20,CT,5-6,0.15,0.31,0.14,35
2026-03-20,KC,1-2,7.4,7.95,6.0,9544
2026-03-20,KC,2-3,11.95,12.7,9.2,4039
2026-03-20,KC,3-4,10.0,10.4,8.05,3403
2026-03-20,KC,4-5,4.4,4.55,3.65,1321
2026-03-20,KC,5-6,2.75,2.8,2.1,503
2026-03-20,SB,1-2,-0.13,-0.08,-0.15,29114
2026-03-20,SB,2-3,-0.32,-0.3,-0.33,18431
2026-03-20,SB,3-4,-0.61,-0.6,-0.65,10462
2026-03-20,SB,4-5,0.34,0.36,0.29,4863
2026-03-20,SB,5-6,0.1,0.11,0.05,3364
2026-03-23,CC,1-2,-67.0,-60.0,-71.0,6149
2026-03-23,CC,2-3,-68.0,-61.0,-70.0,2444
2026-03-23,CC,3-4,-94.0,-82.0,-95.0,1370
2026-03-23,CC,4-5,-63.0,-48.0,-64.0,659
2026-03-23,CC,5-6,-30.0,-23.0,-31.0,480
2026-03-23,CT,1-2,-2.13,-1.98,-2.15,10055
2026-03-23,CT,2-3,-2.53,-2.27,-2.66,5205
2026-03-23,CT,3-4,-1.1,-0.99,-1.16,2331
2026-03-23,CT,4-5,-0.43,-0.42,-0.52,311
2026-03-23,CT,5-6,0.17,0.24,0.13,87
2026-03-23,KC,1-2,7.15,8.25,6.5,6495
2026-03-23,KC,2-3,12.7,14.0,11.55,4766
2026-03-23,KC,3-4,11.0,11.35,9.8,5578
2026-03-23,KC,4-5,4.7,5.1,4.35,1568
2026-03-23,KC,5-6,2.8,2.9,2.45,387
2026-03-23,SB,1-2,-0.18,-0.13,-0.19,37445
2026-03-23,SB,2-3,-0.37,-0.32,-0.38,18572
2026-03-23,SB,3-4,-0.63,-0.6,-0.65,8837
2026-03-23,SB,4-5,0.37,0.39,0.27,3576
2026-03-23,SB,5-6,0.13,0.13,0.04,3235
2026-03-24,CC,1-2,-62.0,-58.0,-67.0,4718
2026-03-24,CC,2-3,-59.0,-58.0,-69.0,2490
2026-03-24,CC,3-4,-82.0,-82.0,-94.0,1808
2026-03-24,CC,4-5,-53.0,-50.0,-64.0,630
2026-03-24,CC,5-6,-28.0,-27.0,-30.0,285
2026-03-24,CT,1-2,-2.15,-2.12,-2.28,8575
2026-03-24,CT,2-3,-2.51,-2.48,-2.64,3358
2026-03-24,CT,3-4,-1.07,-1.04,-1.13,636
2026-03-24,CT,4-5,-0.44,-0.42,-0.47,162
2026-03-24,CT,5-6,0.25,0.29,0.14,51
2026-03-24,KC,1-2,7.5,8.6,6.8,8219
2026-03-24,KC,2-3,14.1,15.25,13.0,6046
2026-03-24,KC,3-4,12.95,13.4,11.25,5506
2026-03-24,KC,4-5,5.65,5.95,4.8,1568
2026-03-24,KC,5-6,3.25,3.35,2.75,528
2026-03-24,SB,1-2,-0.13,-0.13,-0.19,25997
2026-03-24,SB,2-3,-0.33,-0.32,-0.38,15345
2026-03-24,SB,3-4,-0.6,-0.6,-0.65,7906
2026-03-24,SB,4-5,0.38,0.39,0.33,3703
2026-03-24,SB,5-6,0.16,0.17,0.1,2123
2026-03-25,CC,1-2,-63.0,-60.0,-66.0,4301
2026-03-25,CC,2-3,-64.0,-58.0,-67.0,2224
2026-03-25,CC,3-4,-91.0,-85.0,-95.0,2125
2026-03-25,CC,4-5,-59.0,-54.0,-69.0,1296
2026-03-25,CC,5-6,-32.0,-27.0,-33.0,934
2026-03-25,CT,1-2,-2.15,-2.03,-2.21,8415
2026-03-25,CT,2-3,-2.3,-2.28,-2.5,4440
2026-03-25,CT,3-4,-1.03,-0.94,-1.11,1096
2026-03-25,CT,4-5,-0.38,-0.36,-0.47,350
2026-03-25,CT,5-6,0.35,0.38,0.23,87
2026-03-25,KC,1-2,6.4,7.85,6.25,6489
2026-03-25,KC,2-3,13.45,14.1,13.2,3318
2026-03-25,KC,3-4,11.9,13.0,11.6,2744
2026-03-25,KC,4-5,4.55,5.8,4.15,1485
2026-03-25,KC,5-6,2.3,3.35,2.1,604
2026-03-25,SB,1-2,-0.17,-0.13,-0.18,25957
2026-03-25,SB,2-3,-0.37,-0.32,-0.37,15521
2026-03-25,SB,3-4,-0.64,-0.59,-0.64,9610
2026-03-25,SB,4-5,0.33,0.38,0.32,6230
2026-03-25,SB,5-6,0.13,0.17,0.1,2200
2026-03-26,CC,1-2,-62.0,-60.0,-68.0,3446
2026-03-26,CC,2-3,-60.0,-59.0,-66.0,2731
2026-03-26,CC,3-4,-94.0,-87.0,-99.0,1832
2026-03-26,CC,4-5,-60.0,-54.0,-69.0,801
2026-03-26,CC,5-6,-31.0,-28.0,-35.0,393
2026-03-26,CT,1-2,-2.11,-2.04,-2.25,14130
2026-03-26,CT,2-3,-2.12,-1.95,-2.43,7140
2026-03-26,CT,3-4,-0.99,-0.9,-1.03,2894
2026-03-26,CT,4-5,-0.32,-0.12,-0.39,900
2026-03-26,CT,5-6,0.45,0.61,0.37,155
2026-03-26,KC,1-2,5.65,6.7,5.35,6330
2026-03-26,KC,2-3,11.4,13.75,11.3,4226
2026-03-26,KC,3-4,10.4,11.95,10.3,2605
2026-03-26,KC,4-5,4.2,5.0,4.1,512
2026-03-26,KC,5-6,1.85,2.5,1.8,235
2026-03-26,SB,1-2,-0.16,-0.13,-0.18,35569
2026-03-26,SB,2-3,-0.32,-0.32,-0.37,13348
2026-03-26,SB,3-4,-0.61,-0.6,-0.65,6145
2026-03-26,SB,4-5,0.37,0.38,0.33,2770
2026-03-26,SB,5-6,0.17,0.18,0.13,2000
2026-03-27,CC,1-2,-63.0,-61.0,-68.0,3447
2026-03-27,CC,2-3,-61.0,-57.0,-63.0,2810
2026-03-27,CC,3-4,-92.0,-90.0,-97.0,1383
2026-03-27,CC,4-5,-63.0,-57.0,-68.0,631
2026-03-27,CC,5-6,-25.0,-24.0,-32.0,355
2026-03-27,CT,1-2,-2.24,-2.04,-2.3,12873
2026-03-27,CT,2-3,-2.32,-1.99,-2.4,9260
2026-03-27,CT,3-4,-0.92,-0.84,-1.01,2182
2026-03-27,CT,4-5,-0.25,-0.11,-0.34,1181
2026-03-27,CT,5-6,0.66,0.98,0.44,349
2026-03-27,KC,1-2,5.8,6.2,5.25,6213
2026-03-27,KC,2-3,11.3,12.05,11.2,2851
2026-03-27,KC,3-4,9.9,10.85,9.85,1297
2026-03-27,KC,4-5,3.75,4.45,3.7,547
2026-03-27,KC,5-6,1.55,2.0,1.55,459
2026-03-27,SB,1-2,-0.2,-0.14,-0.2,29967
2026-03-27,SB,2-3,-0.35,-0.32,-0.36,12624
2026-03-27,SB,3-4,-0.63,-0.61,-0.64,3629
2026-03-27,SB,4-5,0.35,0.38,0.35,2304
2026-03-27,SB,5-6,0.15,0.18,0.14,1729
2026-03-30,CC,1-2,-64.0,-59.0,-67.0,3934
2026-03-30,CC,2-3,-58.0,-57.0,-64.0,2526
2026-03-30,CC,3-4,-93.0,-88.0,-96.0,1335
2026-03-30,CC,4-5,-62.0,-58.0,-70.0,605
2026-03-30,CC,5-6,-21.0,-17.0,-28.0,421
2026-03-30,CT,1-2,-2.23,-2.21,-2.36,13548
2026-03-30,CT,2-3,-2.19,-1.95,-2.39,6521
2026-03-30,CT,3-4,-0.94,-0.8,-0.96,1452
2026-03-30,CT,4-5,-0.25,-0.11,-0.28,684
2026-03-30,CT,5-6,0.96,1.43,0.75,201
2026-03-30,KC,1-2,5.95,6.3,5.5,5263
2026-03-30,KC,2-3,11.0,11.7,10.8,2913
2026-03-30,KC,3-4,8.8,10.25,8.7,1857
2026-03-30,KC,4-5,3.45,4.0,3.4,699
2026-03-30,KC,5-6,1.35,1.8,1.3,357
2026-03-30,SB,1-2,-0.22,-0.19,-0.23,24699
2026-03-30,SB,2-3,-0.39,-0.34,-0.39,15759
2026-03-30,SB,3-4,-0.65,-0.62,-0.66,6152
2026-03-30,SB,4-5,0.35,0.38,0.33,4201
2026-03-30,SB,5-6,0.15,0.17,0.14,2289
2026-03-31,CC,1-2,-67.0,-59.0,-68.0,7513
2026-03-31,CC,2-3,-50.0,-48.0,-61.0,6064
2026-03-31,CC,3-4,-80.0,-76.0,-95.0,3651
2026-03-31,CC,4-5,-45.0,-44.0,-66.0,1234
2026-03-31,CC,5-6,-15.0,-10.0,-22.0,437
2026-03-31,CT,1-2,-2.13,-2.07,-2.25,15702
2026-03-31,CT,2-3,-2.21,-1.99,-2.33,10541
2026-03-31,CT,3-4,-0.97,-0.82,-0.99,2683
2026-03-31,CT,4-5,-0.26,-0.11,-0.28,764
2026-03-31,CT,5-6,0.83,1.18,0.8,167
2026-03-31,KC,1-2,7.55,7.7,6.1,6646
2026-03-31,KC,2-3,12.7,13.4,11.1,5252
2026-03-31,KC,3-4,9.15,9.8,8.6,2296
2026-03-31,KC,4-5,3.9,3.95,3.45,740
2026-03-31,KC,5-6,1.9,2.0,1.4,292
2026-03-31,SB,1-2,-0.16,-0.15,-0.23,26783
2026-03-31,SB,2-3,-0.37,-0.36,-0.4,11728
2026-03-31,SB,3-4,-0.64,-0.62,-0.66,6393
2026-03-31,SB,4-5,0.36,0.38,0.34,2717
2026-03-31,SB,5-6,0.15,0.18,0.13,2091
2026-04-01,CC,1-2,-63.0,-57.0,-69.0,6912
2026-04-01,CC,2-3,-48.0,-46.0,-55.0,4271
2026-04-01,CC,3-4,-72.0,-68.0,-83.0,2223
2026-04-01,CC,4-5,-35.0,-30.0,-50.0,831
2026-04-01,CC,5-6,-11.0,-4.0,-17.0,262
2026-04-01,CT,1-2,-2.18,-2.03,-2.26,14653
2026-04-01,CT,2-3,-2.14,-2.01,-2.38,7771
2026-04-01,CT,3-4,-0.97,-0.81,-1.04,1699
2026-04-01,CT,4-5,-0.23,-0.01,-0.33,1355
2026-04-01,CT,5-6,1.05,1.33,0.64,500
2026-04-01,KC,1-2,6.55,8.15,5.6,7592
2026-04-01,KC,2-3,13.15,13.55,12.1,2951
2026-04-01,KC,3-4,9.7,10.1,9.15,2731
2026-04-01,KC,4-5,4.0,4.2,3.55,641
2026-04-01,KC,5-6,1.85,2.0,1.75,167
2026-04-01,SB,1-2,-0.18,-0.15,-0.19,18529
2026-04-01,SB,2-3,-0.38,-0.36,-0.39,11148
2026-04-01,SB,3-4,-0.66,-0.63,-0.67,5284
2026-04-01,SB,4-5,0.32,0.36,0.31,2298
2026-04-01,SB,5-6,0.1,0.15,0.09,1427
2026-04-02,CC,1-2,-66.0,-58.0,-69.0,5542
2026-04-02,CC,2-3,-59.0,-46.0,-60.0,4163
2026-04-02,CC,3-4,-74.0,-67.0,-76.0,1727
2026-04-02,CC,4-5,-38.0,-32.0,-42.0,545
2026-04-02,CC,5-6,-18.0,-8.0,-19.0,339
2026-04-02,CT,1-2,-2.13,-2.09,-2.35,15242
2026-04-02,CT,2-3,-1.93,-1.91,-2.23,6285
2026-04-02,CT,3-4,-0.86,-0.83,-0.98,2133
2026-04-02,CT,4-5,-0.26,-0.2,-0.3,745
2026-04-02,CT,5-6,0.87,1.19,0.83,345
2026-04-02,KC,1-2,6.0,6.9,5.95,5282
2026-04-02,KC,2-3,12.75,13.9,12.3,1834
2026-04-02,KC,3-4,10.1,10.6,9.25,2125
2026-04-02,KC,4-5,4.0,4.55,3.75,714
2026-04-02,KC,5-6,1.8,2.1,1.75,88
2026-04-02,SB,1-2,-0.21,-0.16,-0.22,22001
2026-04-02,SB,2-3,-0.4,-0.37,-0.41,10989
2026-04-02,SB,3-4,-0.68,-0.66,-0.69,3619
2026-04-02,SB,4-5,0.25,0.34,0.25,2727
2026-04-02,SB,5-6,0.06,0.12,0.04,1172
2026-04-06,CC,1-2,-69.0,-62.0,-70.0,4223
2026-04-06,CC,2-3,-53.0,-49.0,-59.0,2074
2026-04-06,CC,3-4,-69.0,-65.0,-75.0,1185
2026-04-06,CC,4-5,-41.0,-37.0,-44.0,321
2026-04-06,CC,5-6,-19.0,-16.0,-23.0,182
2026-04-06,CT,1-2,-2.17,-2.04,-2.23,8890
2026-04-06,CT,2-3,-1.91,-1.83,-1.97,5092
2026-04-06,CT,3-4,-0.93,-0.8,-0.94,960
2026-04-06,CT,4-5,-0.28,-0.2,-0.29,536
2026-04-06,CT,5-6,0.88,1.1,0.85,130
2026-04-06,KC,1-2,5.65,6.5,5.5,2947
2026-04-06,KC,2-3,13.05,13.4,12.6,874
2026-04-06,KC,3-4,10.15,10.6,10.0,801
2026-04-06,KC,4-5,3.8,4.1,3.7,345
2026-04-06,KC,5-6,1.85,2.05,1.85,52
2026-04-06,SB,1-2,-0.19,-0.18,-0.22,13487
2026-04-06,SB,2-3,-0.41,-0.39,-0.41,5515
2026-04-06,SB,3-4,-0.7,-0.67,-0.7,3702
2026-04-06,SB,4-5,0.23,0.26,0.22,1340
2026-04-06,SB,5-6,0.03,0.06,0.03,645
2026-04-07,CC,1-2,-69.0,-62.0,-73.0,12593
2026-04-07,CC,2-3,-67.0,-51.0,-69.0,6163
2026-04-07,CC,3-4,-89.0,-69.0,-90.0,3246
2026-04-07,CC,4-5,-65.0,-41.0,-66.0,1429
2026-04-07,CC,5-6,-39.0,-18.0,-40.0,1308
2026-04-07,CT,1-2,-2.23,-2.14,-2.35,15786
2026-04-07,CT,2-3,-1.93,-1.58,-2.02,10178
2026-04-07,CT,3-4,-0.86,-0.74,-0.94,2483
2026-04-07,CT,4-5,-0.32,-0.2,-0.34,1162
2026-04-07,CT,5-6,0.84,1.02,0.74,161
2026-04-07,KC,1-2,4.8,5.7,4.6,10314
2026-04-07,KC,2-3,12.1,13.75,11.7,1896
2026-04-07,KC,3-4,9.0,10.75,8.7,2731
2026-04-07,KC,4-5,3.85,4.15,3.6,692
2026-04-07,KC,5-6,1.95,2.05,1.85,127
2026-04-07,SB,1-2,-0.21,-0.16,-0.22,32963
2026-04-07,SB,2-3,-0.41,-0.4,-0.42,12920
2026-04-07,SB,3-4,-0.69,-0.68,-0.71,5002
2026-04-07,SB,4-5,0.2,0.24,0.19,4820
2026-04-07,SB,5-6,0.01,0.04,0.01,1415
2026-04-08,CC,1-2,-76.0,-69.0,-78.0,14309
2026-04-08,CC,2-3,-64.0,-60.0,-69.0,4398
2026-04-08,CC,3-4,-85.0,-80.0,-90.0,2654
2026-04-08,CC,4-5,-54.0,-50.0,-65.0,843
2026-04-08,CC,5-6,-36.0,-30.0,-40.0,297
2026-04-08,CT,1-2,-1.91,-1.84,-2.32,39090
2026-04-08,CT,2-3,-1.89,-1.8,-2.0,8835
2026-04-08,CT,3-4,-0.83,-0.66,-0.94,3558
2026-04-08,CT,4-5,-0.27,-0.1,-0.42,1491
2026-04-08,CT,5-6,0.75,0.89,0.68,454
2026-04-08,KC,1-2,4.75,5.4,4.6,9851
2026-04-08,KC,2-3,13.35,13.85,11.65,2454
2026-04-08,KC,3-4,9.4,9.6,8.7,2477
2026-04-08,KC,4-5,4.4,4.6,3.8,1320
2026-04-08,KC,5-6,2.05,2.1,1.9,188
2026-04-08,SB,1-2,-0.24,-0.16,-0.24,84304
2026-04-08,SB,2-3,-0.43,-0.41,-0.44,15512
2026-04-08,SB,3-4,-0.73,-0.68,-0.73,7693
2026-04-08,SB,4-5,0.17,0.19,0.16,5128
2026-04-08,SB,5-6,-0.02,0.01,-0.02,2705
2026-04-09,CC,1-2,-78.0,-73.0,-80.0,13752
2026-04-09,CC,2-3,-65.0,-62.0,-67.0,3715
2026-04-09,CC,3-4,-90.0,-82.0,-92.0,2709
2026-04-09,CC,4-5,-54.0,-47.0,-60.0,732
2026-04-09,CC,5-6,-31.0,-30.0,-38.0,300
2026-04-09,CT,1-2,-2.06,-1.89,-2.2,27795
2026-04-09,CT,2-3,-1.55,-1.38,-1.95,13612
2026-04-09,CT,3-4,-0.75,-0.59,-0.87,3397
2026-04-09,CT,4-5,-0.25,-0.06,-0.33,1344
2026-04-09,CT,5-6,0.84,0.93,0.66,348
2026-04-09,KC,1-2,4.15,4.95,4.05,15581
2026-04-09,KC,2-3,13.75,13.95,13.2,3813
2026-04-09,KC,3-4,9.3,9.7,9.05,1896
2026-04-09,KC,4-5,4.2,4.55,3.95,644
2026-04-09,KC,5-6,2.15,2.2,1.9,118
2026-04-09,SB,1-2,-0.19,-0.17,-0.23,88896
2026-04-09,SB,2-3,-0.42,-0.4,-0.44,12770
2026-04-09,SB,3-4,-0.74,-0.72,-0.75,5975
2026-04-09,SB,4-5,0.17,0.18,0.16,3592
2026-04-09,SB,5-6,-0.03,-0.01,-0.03,2123
2026-04-10,CC,1-2,-81.0,-74.0,-84.0,12399
2026-04-10,CC,2-3,-68.0,-61.0,-70.0,4615
2026-04-10,CC,3-4,-86.0,-79.0,-88.0,2074
2026-04-10,CC,4-5,-43.0,-41.0,-54.0,968
2026-04-10,CC,5-6,-23.0,-20.0,-30.0,252
2026-04-10,CT,1-2,-2.11,-1.96,-2.15,27432
2026-04-10,CT,2-3,-1.56,-1.45,-1.66,6512
2026-04-10,CT,3-4,-0.78,-0.69,-0.79,1348
2026-04-10,CT,4-5,-0.26,-0.2,-0.28,477
2026-04-10,CT,5-6,0.87,0.94,0.76,129
2026-04-10,KC,1-2,4.2,4.55,3.85,13031
2026-04-10,KC,2-3,14.8,15.15,13.4,4984
2026-04-10,KC,3-4,9.85,10.3,9.25,2492
2026-04-10,KC,4-5,4.25,4.5,4.05,1021
2026-04-10,KC,5-6,2.05,2.35,2.05,175
2026-04-10,SB,1-2,-0.14,-0.09,-0.17,105909
2026-04-10,SB,2-3,-0.4,-0.37,-0.41,18197
2026-04-10,SB,3-4,-0.74,-0.73,-0.76,9173
2026-04-10,SB,4-5,0.16,0.18,0.16,3704
2026-04-10,SB,5-6,-0.04,-0.02,-0.04,2766
2026-04-13,CC,1-2,-87.0,-81.0,-89.0,19676
2026-04-13,CC,2-3,-70.0,-64.0,-73.0,6368
2026-04-13,CC,3-4,-94.0,-84.0,-95.0,3316
2026-04-13,CC,4-5,-48.0,-42.0,-50.0,835
2026-04-13,CC,5-6,-22.0,-20.0,-25.0,305
2026-04-13,CT,1-2,-2.1,-2.07,-2.17,25837
2026-04-13,CT,2-3,-1.18,-1.08,-1.61,9129
2026-04-13,CT,3-4,-0.78,-0.72,-0.85,2366
2026-04-13,CT,4-5,-0.28,-0.22,-0.32,777
2026-04-13,CT,5-6,0.83,0.93,0.72,203
2026-04-13,KC,1-2,4.6,5.75,4.25,12513
2026-04-13,KC,2-3,14.45,15.0,14.25,2882
2026-04-13,KC,3-4,9.6,10.65,9.55,1727
2026-04-13,KC,4-5,3.8,4.4,3.8,683
2026-04-13,KC,5-6,1.85,2.5,1.8,143
2026-04-13,SB,1-2,-0.2,-0.09,-0.21,100919
2026-04-13,SB,2-3,-0.38,-0.36,-0.4,17909
2026-04-13,SB,3-4,-0.75,-0.73,-0.75,4532
2026-04-13,SB,4-5,0.17,0.18,0.17,2537
2026-04-13,SB,5-6,-0.03,-0.02,-0.04,2108
2026-04-14,CC,1-2,-89.0,-78.0,-91.0,33035
2026-04-14,CC,2-3,-68.0,-64.0,-73.0,6834
2026-04-14,CC,3-4,-76.0,-70.0,-91.0,4298
2026-04-14,CC,4-5,-33.0,-28.0,-49.0,2026
2026-04-14,CC,5-6,-14.0,-7.0,-24.0,648
2026-04-14,CT,1-2,-2.18,-1.86,-2.2,18694
2026-04-14,CT,2-3,-0.68,-0.44,-1.2,15480
2026-04-14,CT,3-4,-0.78,-0.7,-0.82,2509
2026-04-14,CT,4-5,-0.3,-0.2,-0.31,1140
2026-04-14,CT,5-6,0.73,0.88,0.69,171
2026-04-14,KC,1-2,5.05,5.35,4.3,8478
2026-04-14,KC,2-3,14.35,14.65,13.65,4353
2026-04-14,KC,3-4,8.95,10.25,8.85,2441
2026-04-14,KC,4-5,3.8,4.3,3.7,826
2026-04-14,KC,5-6,1.8,2.15,1.7,238
2026-04-14,SB,1-2,-0.21,-0.18,-0.24,93274
2026-04-14,SB,2-3,-0.35,-0.35,-0.39,17261
2026-04-14,SB,3-4,-0.73,-0.72,-0.75,7911
2026-04-14,SB,4-5,0.18,0.19,0.17,4287
2026-04-14,SB,5-6,-0.03,-0.02,-0.03,2221
2026-04-15,CC,1-2,-86.0,-85.0,-90.0,4865
2026-04-15,CC,2-3,-69.0,-63.0,-71.0,6822
2026-04-15,CC,3-4,-77.0,-65.0,-80.0,3767
2026-04-15,CC,4-5,-30.0,-21.0,-34.0,1755
2026-04-15,CC,5-6,-7.0,-3.0,-12.0,598
2026-04-15,CT,1-2,-2.31,-2.16,-2.33,11360
2026-04-15,CT,2-3,-0.93,-0.6,-1.06,9349
2026-04-15,CT,3-4,-0.84,-0.74,-0.85,2967
2026-04-15,CT,4-5,-0.33,-0.22,-0.35,815
2026-04-15,CT,5-6,0.79,0.98,0.72,256
2026-04-15,KC,1-2,6.0,6.2,4.85,5252
2026-04-15,KC,2-3,14.15,14.55,13.25,4748
2026-04-15,KC,3-4,8.6,9.15,8.45,2277
2026-04-15,KC,4-5,3.45,3.95,3.4,923
2026-04-15,KC,5-6,1.6,1.85,1.5,353
2026-04-15,SB,1-2,-0.19,-0.17,-0.23,29707
2026-04-15,SB,2-3,-0.39,-0.35,-0.39,15821
2026-04-15,SB,3-4,-0.78,-0.73,-0.78,10237
2026-04-15,SB,4-5,0.16,0.18,0.16,3445
2026-04-15,SB,5-6,-0.03,-0.02,-0.04,1466
2026-04-16,CC,1-2,-88.0,-85.0,-91.0,5295
2026-04-16,CC,2-3,-72.0,-65.0,-73.0,5464
2026-04-16,CC,3-4,-85.0,-66.0,-87.0,2858
2026-04-16,CC,4-5,-43.0,-20.0,-43.0,1570
2026-04-16,CC,5-6,-12.0,,-13.0,457
2026-04-16,CT,1-2,-2.43,-2.29,-2.49,10899
2026-04-16,CT,2-3,-0.86,-0.75,-1.06,6385
2026-04-16,CT,3-4,-0.82,-0.72,-0.85,2575
2026-04-16,CT,4-5,-0.27,-0.2,-0.33,685
2026-04-16,CT,5-6,0.89,1.0,0.82,231
2026-04-16,KC,1-2,6.05,6.4,5.55,3915
2026-04-16,KC,2-3,13.05,14.1,12.55,3496
2026-04-16,KC,3-4,8.4,8.9,8.0,1789
2026-04-16,KC,4-5,3.35,3.6,3.3,1216
2026-04-16,KC,5-6,1.7,1.95,1.45,823
2026-04-16,SB,1-2,-0.14,-0.14,-0.2,22328
2026-04-16,SB,2-3,-0.4,-0.37,-0.4,11584
2026-04-16,SB,3-4,-0.78,-0.76,-0.79,5496
2026-04-16,SB,4-5,0.17,0.19,0.16,2832
2026-04-16,SB,5-6,-0.03,-0.02,-0.04,1351
2026-04-17,CC,1-2,-94.0,-89.0,-95.0,5381
2026-04-17,CC,2-3,-73.0,-69.0,-76.0,7649
2026-04-17,CC,3-4,-84.0,-71.0,-90.0,3333
2026-04-17,CC,4-5,-44.0,-27.0,-50.0,2166
2026-04-17,CC,5-6,-13.0,-7.0,-15.0,551
2026-04-17,CT,1-2,-2.42,-2.37,-2.6,9708
2026-04-17,CT,2-3,-0.68,-0.65,-0.95,11701
2026-04-17,CT,3-4,-0.69,-0.63,-0.82,3730
2026-04-17,CT,4-5,-0.13,-0.11,-0.28,1515
2026-04-17,CT,5-6,0.89,0.97,0.74,288
2026-04-17,KC,1-2,5.05,6.5,5.0,3780
2026-04-17,KC,2-3,11.3,13.0,10.65,4837
2026-04-17,KC,3-4,8.05,8.85,7.75,1718
2026-04-17,KC,4-5,3.25,3.45,3.25,738
2026-04-17,KC,5-6,1.55,1.7,1.5,123
2026-04-17,SB,1-2,-0.17,-0.14,-0.19,14750
2026-04-17,SB,2-3,-0.42,-0.38,-0.43,20500
2026-04-17,SB,3-4,-0.79,-0.77,-0.79,6846
2026-04-17,SB,4-5,0.16,0.18,0.15,3574
2026-04-17,SB,5-6,-0.05,-0.03,-0.05,2531
2026-04-20,CC,1-2,-97.0,-89.0,-98.0,4144
2026-04-20,CC,2-3,-70.0,-69.0,-76.0,4702
2026-04-20,CC,3-4,-80.0,-74.0,-90.0,2214
2026-04-20,CC,4-5,-43.0,-30.0,-50.0,1249
2026-04-20,CC,5-6,-13.0,-4.0,-14.0,420
2026-04-20,CT,1-2,-2.44,-2.36,-2.51,4340
2026-04-20,CT,2-3,-0.72,-0.65,-0.85,6551
2026-04-20,CT,3-4,-0.78,-0.65,-0.79,2767
2026-04-20,CT,4-5,-0.14,-0.09,-0.2,719
2026-04-20,CT,5-6,0.9,1.1,0.81,354
2026-04-20,KC,1-2,4.45,5.85,4.35,3637
2026-04-20,KC,2-3,10.65,11.75,10.55,2815
2026-04-20,KC,3-4,7.55,8.45,7.55,1233
2026-04-20,KC,4-5,3.2,3.4,3.15,655
2026-04-20,KC,5-6,1.5,1.7,1.4,304
2026-04-20,SB,1-2,-0.17,-0.15,-0.2,16041
2026-04-20,SB,2-3,-0.38,-0.37,-0.43,10258
2026-04-20,SB,3-4,-0.76,-0.75,-0.79,5365
2026-04-20,SB,4-5,0.17,0.18,0.16,2111
2026-04-20,SB,5-6,-0.05,-0.03,-0.05,1363
2026-04-21,CC,1-2,-88.0,-84.0,-98.0,2947
2026-04-21,CC,2-3,-68.0,-65.0,-72.0,4992
2026-04-21,CC,3-4,-88.0,-79.0,-89.0,2834
2026-04-21,CC,4-5,-48.0,-42.0,-50.0,1344
2026-04-21,CC,5-6,-17.0,-12.0,-20.0,277
2026-04-21,CT,1-2,-2.6,-2.43,-2.69,6370
2026-04-21,CT,2-3,-0.93,-0.63,-0.97,9346
2026-04-21,CT,3-4,-0.84,-0.75,-0.85,2845
2026-04-21,CT,4-5,-0.16,-0.1,-0.27,794
2026-04-21,CT,5-6,0.87,1.01,0.85,349
2026-04-21,KC,1-2,6.35,11.5,4.25,3321
2026-04-21,KC,2-3,10.6,11.5,9.85,4678
2026-04-21,KC,3-4,7.65,8.3,7.45,2715
2026-04-21,KC,4-5,3.05,3.3,3.0,1242
2026-04-21,KC,5-6,1.3,1.55,1.3,321
2026-04-21,SB,1-2,-0.29,-0.16,-0.3,28411
2026-04-21,SB,2-3,-0.43,-0.37,-0.43,11100
2026-04-21,SB,3-4,-0.78,-0.75,-0.78,3842
2026-04-21,SB,4-5,0.17,0.18,0.17,1903
2026-04-21,SB,5-6,-0.03,-0.03,-0.05,1092
2026-04-22,CC,1-2,-88.0,-76.0,-95.0,2390
2026-04-22,CC,2-3,-66.0,-63.0,-70.0,3417
2026-04-22,CC,3-4,-80.0,-77.0,-87.0,2195
2026-04-22,CC,4-5,-44.0,-36.0,-50.0,901
2026-04-22,CC,5-6,-15.0,-12.0,-19.0,186
2026-04-22,CT,1-2,-2.31,-2.1,-2.7,3227
2026-04-22,CT,2-3,-1.52,-0.75,-1.56,12007
2026-04-22,CT,3-4,-0.87,-0.72,-0.9,4099
2026-04-22,CT,4-5,-0.21,-0.07,-0.26,1491
2026-04-22,CT,5-6,0.8,1.03,0.71,357
2026-04-22,KC,1-2,13.25,21.95,9.6,414
2026-04-22,KC,2-3,10.75,11.7,10.55,4746
2026-04-22,KC,3-4,8.2,8.45,7.75,2243
2026-04-22,KC,4-5,3.15,3.3,2.95,1659
2026-04-22,KC,5-6,1.4,1.55,1.3,730
2026-04-22,SB,1-2,-0.24,-0.22,-0.33,16332
2026-04-22,SB,2-3,-0.42,-0.41,-0.43,8106
2026-04-22,SB,3-4,-0.77,-0.76,-0.78,3239
2026-04-22,SB,4-5,0.19,0.19,0.17,1654
2026-04-22,SB,5-6,-0.01,-0.01,-0.03,1130
2026-04-23,CC,1-2,-89.0,-61.0,-95.0,486
2026-04-23,CC,2-3,-65.0,-62.0,-69.0,2612
2026-04-23,CC,3-4,-82.0,-79.0,-85.0,1223
2026-04-23,CC,4-5,-44.0,-41.0,-48.0,882
2026-04-23,CC,5-6,-15.0,-12.0,-17.0,168
2026-04-23,CT,1-2,-2.65,-2.2,-2.83,994
2026-04-23,CT,2-3,-1.23,-1.17,-1.76,12305
2026-04-23,CT,3-4,-0.88,-0.83,-0.95,2891
2026-04-23,CT,4-5,-0.15,-0.05,-0.24,1919
2026-04-23,CT,5-6,0.9,1.2,0.72,1072
2026-04-23,KC,1-2,16.0,17.5,11.0,228
2026-04-23,KC,2-3,12.0,12.3,10.75,7346
2026-04-23,KC,3-4,8.9,9.2,8.25,2681
2026-04-23,KC,4-5,3.3,3.55,3.1,1611
2026-04-23,KC,5-6,1.55,1.6,1.4,729
2026-04-23,SB,1-2,-0.29,-0.22,-0.3,14503
2026-04-23,SB,2-3,-0.42,-0.41,-0.43,6205
2026-04-23,SB,3-4,-0.77,-0.75,-0.78,2375
2026-04-23,SB,4-5,0.19,0.2,0.18,868
2026-04-23,SB,5-6,-0.01,,-0.02,693
2026-04-24,CC,1-2,-82.0,-84.0,-85.0,3
2026-04-24,CC,2-3,-67.0,-64.0,-71.0,3128
2026-04-24,CC,3-4,-80.0,-77.0,-86.0,2076
2026-04-24,CC,4-5,-45.0,-40.0,-47.0,894
2026-04-24,CC,5-6,-15.0,-13.0,-17.0,97
2026-04-24,CT,1-2,-2.36,-2.18,-2.6,68
2026-04-24,CT,2-3,-1.22,-1.0,-1.44,5672
2026-04-24,CT,3-4,-0.88,-0.85,-0.93,2417
2026-04-24,CT,4-5,-0.16,-0.12,-0.21,911
2026-04-24,CT,5-6,0.93,1.0,0.82,634
2026-04-24,KC,1-2,14.9,15.75,14.25,33
2026-04-24,KC,2-3,9.8,12.3,9.75,5812
2026-04-24,KC,3-4,8.1,9.3,8.05,2610
2026-04-24,KC,4-5,2.9,3.45,2.8,1325
2026-04-24,KC,5-6,1.35,1.6,1.3,347
2026-04-24,SB,1-2,-0.18,-0.17,-0.3,17577
2026-04-24,SB,2-3,-0.4,-0.39,-0.43,16001
2026-04-24,SB,3-4,-0.76,-0.76,-0.78,3802
2026-04-24,SB,4-5,0.22,0.22,0.19,2416
2026-04-24,SB,5-6,0.01,0.02,-0.01,863
2026-04-27,CC,1-2,-78.0,-50.0,-85.0,2
2026-04-27,CC,2-3,-70.0,-67.0,-72.0,4794
2026-04-27,CC,3-4,-91.0,-79.0,-94.0,2792
2026-04-27,CC,4-5,-53.0,-45.0,-53.0,2314
2026-04-27,CC,5-6,-20.0,-15.0,-22.0,600
2026-04-27,CT,1-2,-2.25,-2.17,-2.18,11
2026-04-27,CT,2-3,-1.39,-1.1,-1.45,5555
2026-04-27,CT,3-4,-0.91,-0.83,-0.92,2389
2026-04-27,CT,4-5,-0.2,-0.09,-0.22,862
2026-04-27,CT,5-6,0.9,1.07,0.87,462
2026-04-27,KC,1-2,15.6,16.0,14.25,59
2026-04-27,KC,2-3,9.7,10.0,9.25,3267
2026-04-27,KC,3-4,7.65,8.4,7.55,1458
2026-04-27,KC,4-5,2.8,3.15,2.75,1001
2026-04-27,KC,5-6,1.3,1.45,1.25,228
2026-04-27,SB,1-2,-0.14,-0.12,-0.2,16364
2026-04-27,SB,2-3,-0.41,-0.39,-0.41,15159
2026-04-27,SB,3-4,-0.79,-0.76,-0.8,5429
2026-04-27,SB,4-5,0.2,0.22,0.19,1257
2026-04-27,SB,5-6,0.0,0.02,-0.01,775
2026-04-28,CC,1-2,-75.0,,,
2026-04-28,CC,2-3,-67.0,-66.0,-72.0,3804
2026-04-28,CC,3-4,-86.0,-84.0,-94.0,2631
2026-04-28,CC,4-5,-49.0,-46.0,-52.0,995
2026-04-28,CC,5-6,-16.0,-14.0,-20.0,181
2026-04-28,CT,1-2,-2.33,,,
2026-04-28,CT,2-3,-1.44,-1.32,-1.5,5219
2026-04-28,CT,3-4,-0.9,-0.87,-0.95,2247
2026-04-28,CT,4-5,-0.21,-0.15,-0.24,427
2026-04-28,CT,5-6,0.9,0.95,0.85,197
2026-04-28,KC,1-2,15.7,17.0,15.9,66
2026-04-28,KC,2-3,10.1,10.3,9.7,2548
2026-04-28,KC,3-4,7.75,8.25,7.65,1774
2026-04-28,KC,4-5,2.75,3.05,2.75,806
2026-04-28,KC,5-6,1.25,1.45,1.25,298
2026-04-28,SB,1-2,-0.12,-0.1,-0.17,16735
2026-04-28,SB,2-3,-0.4,-0.39,-0.41,15698
2026-04-28,SB,3-4,-0.79,-0.78,-0.8,7357
2026-04-28,SB,4-5,0.2,0.22,0.2,2027
2026-04-28,SB,5-6,0.0,0.01,,1338
2026-04-29,CC,1-2,-75.0,,,
2026-04-29,CC,2-3,-71.0,-67.0,-72.0,3838
2026-04-29,CC,3-4,-88.0,-84.0,-89.0,1665
2026-04-29,CC,4-5,-49.0,-46.0,-51.0,866
2026-04-29,CC,5-6,-13.0,-12.0,-20.0,220
2026-04-29,CT,1-2,-2.34,-0.5,-0.5,3
2026-04-29,CT,2-3,-1.26,-1.16,-1.53,6575
2026-04-29,CT,3-4,-0.91,-0.87,-0.94,1854
2026-04-29,CT,4-5,-0.24,-0.2,-0.25,562
2026-04-29,CT,5-6,0.77,0.92,0.74,422
2026-04-29,KC,1-2,14.55,16.0,15.1,22
2026-04-29,KC,2-3,10.45,10.65,9.75,2636
2026-04-29,KC,3-4,7.5,7.9,7.4,1669
2026-04-29,KC,4-5,2.75,2.85,2.7,745
2026-04-29,KC,5-6,1.15,1.3,1.15,219
2026-04-29,SB,1-2,-0.09,-0.04,-0.15,14894
2026-04-29,SB,2-3,-0.38,-0.36,-0.41,17901
2026-04-29,SB,3-4,-0.77,-0.77,-0.8,6284
2026-04-29,SB,4-5,0.23,0.24,0.2,1811
2026-04-29,SB,5-6,0.02,0.03,,2506
2026-04-30,CC,1-2,-75.0,,,
2026-04-30,CC,2-3,-72.0,-69.0,-73.0,4813
2026-04-30,CC,3-4,-83.0,-81.0,-87.0,2856
2026-04-30,CC,4-5,-50.0,-44.0,-53.0,2336
2026-04-30,CC,5-6,-13.0,-9.0,-15.0,502
2026-04-30,CT,1-2,-2.34,-1.22,-1.22,1
2026-04-30,CT,2-3,-0.67,-0.08,-1.26,15664
2026-04-30,CT,3-4,-0.82,-0.81,-0.91,3528
2026-04-30,CT,4-5,-0.22,-0.17,-0.25,1060
2026-04-30,CT,5-6,0.83,0.89,0.73,786
2026-04-30,KC,1-2,15.35,15.5,14.8,22
2026-04-30,KC,2-3,10.2,10.45,9.75,3165
2026-04-30,KC,3-4,7.7,7.75,7.45,1799
2026-04-30,KC,4-5,2.65,2.75,2.5,760
2026-04-30,KC,5-6,1.1,1.2,1.05,400
2026-04-30,SB,1-2,-0.03,-0.03,-0.15,1707
2026-04-30,SB,2-3,-0.44,-0.38,-0.46,30247
2026-04-30,SB,3-4,-0.81,-0.77,-0.83,12297
2026-04-30,SB,4-5,0.21,0.23,0.21,2237
2026-04-30,SB,5-6,0.02,0.03,,1203
2026-05-01,CC,1-2,-75.0,,,
2026-05-01,CC,2-3,-70.0,-70.0,-74.0,4426
2026-05-01,CC,3-4,-89.0,-83.0,-90.0,3255
2026-05-01,CC,4-5,-51.0,-47.0,-55.0,1410
2026-05-01,CC,5-6,-10.0,-7.0,-15.0,379
2026-05-01,CT,1-2,-0.37,-0.01,-0.87,15246
2026-05-01,CT,2-3,-0.7,-0.68,-0.84,4922
2026-05-01,CT,3-4,-0.16,-0.11,-0.23,2052
2026-05-01,CT,4-5,0.91,1.07,0.8,1497
2026-05-01,CT,5-6,7.53,7.62,6.39,866
2026-05-01,KC,1-2,15.6,17.5,13.8,15
2026-05-01,KC,2-3,10.5,10.95,10.0,3176
2026-05-01,KC,3-4,8.4,8.75,7.65,2230
2026-05-01,KC,4-5,2.65,3.0,2.55,959
2026-05-01,KC,5-6,1.0,1.25,0.95,464
2026-05-01,SB,1-2,-0.44,-0.43,-0.47,21206
2026-05-01,SB,2-3,-0.82,-0.8,-0.83,5316
2026-05-01,SB,3-4,0.21,0.24,0.21,4324
2026-05-01,SB,4-5,0.02,0.04,0.01,4091
2026-05-01,SB,5-6,-0.24,-0.24,-0.27,1501
2026-05-04,CC,1-2,-71.0,,,
2026-05-04,CC,2-3,-75.0,-69.0,-78.0,6655
2026-05-04,CC,3-4,-88.0,-83.0,-89.0,3315
2026-05-04,CC,4-5,-50.0,-43.0,-52.0,1254
2026-05-04,CC,5-6,-10.0,-2.0,-12.0,332
2026-05-04,CT,1-2,-0.76,-0.17,-0.86,9250
2026-05-04,CT,2-3,-0.88,-0.65,-0.89,2477
2026-05-04,CT,3-4,-0.34,-0.15,-0.35,802
2026-05-04,CT,4-5,0.85,0.93,0.81,348
2026-05-04,CT,5-6,7.37,7.56,6.86,138
2026-05-04,KC,1-2,16.7,17.35,14.95,22
2026-05-04,KC,2-3,9.3,10.75,9.1,3152
2026-05-04,KC,3-4,7.6,8.65,7.55,1477
2026-05-04,KC,4-5,2.55,2.85,2.55,443
2026-05-04,KC,5-6,1.05,1.15,0.95,134
2026-05-04,SB,1-2,-0.47,-0.43,-0.49,17874
2026-05-04,SB,2-3,-0.8,-0.79,-0.82,5979
2026-05-04,SB,3-4,0.24,0.24,0.2,2883
2026-05-04,SB,4-5,0.05,0.05,0.01,2254
2026-05-04,SB,5-6,-0.21,-0.21,-0.25,1790
2026-05-05,CC,1-2,-71.0,,,
2026-05-05,CC,2-3,-80.0,-74.0,-84.0,11620
2026-05-05,CC,3-4,-81.0,-75.0,-86.0,6539
2026-05-05,CC,4-5,-46.0,-41.0,-50.0,3160
2026-05-05,CC,5-6,-6.0,-3.0,-12.0,1024
2026-05-05,CT,1-2,-0.47,-0.31,-0.68,9661
2026-05-05,CT,2-3,-0.83,-0.8,-0.88,2383
2026-05-05,CT,3-4,-0.27,-0.22,-0.35,896
2026-05-05,CT,4-5,1.02,1.06,0.83,508
2026-05-05,CT,5-6,8.34,8.54,7.37,373
2026-05-05,KC,1-2,16.1,16.55,13.5,6
2026-05-05,KC,2-3,9.35,10.75,9.1,6053
2026-05-05,KC,3-4,7.75,8.2,7.6,2323
2026-05-05,KC,4-5,3.05,3.2,2.6,1147
2026-05-05,KC,5-6,1.2,1.35,1.0,270
2026-05-05,SB,1-2,-0.46,-0.42,-0.49,27595
2026-05-05,SB,2-3,-0.8,-0.77,-0.81,8834
2026-05-05,SB,3-4,0.23,0.26,0.22,3455
2026-05-05,SB,4-5,0.03,0.06,0.03,2785
2026-05-05,SB,5-6,-0.2,-0.19,-0.22,2171
2026-05-06,CC,1-2,-71.0,,,
2026-05-06,CC,2-3,-84.0,-79.0,-85.0,8723
2026-05-06,CC,3-4,-88.0,-79.0,-90.0,4261
2026-05-06,CC,4-5,-51.0,-44.0,-53.0,1701
2026-05-06,CC,5-6,-13.0,-6.0,-15.0,619
2026-05-06,CT,1-2,-0.71,-0.41,-0.8,12294
2026-05-06,CT,2-3,-0.75,-0.74,-0.85,3857
2026-05-06,CT,3-4,-0.27,-0.23,-0.32,997
2026-05-06,CT,4-5,0.97,1.05,0.8,657
2026-05-06,CT,5-6,8.11,8.48,7.0,357
2026-05-06,KC,1-2,15.6,16.5,13.9,6
2026-05-06,KC,2-3,7.75,9.5,7.55,4896
2026-05-06,KC,3-4,6.75,7.85,6.65,2088
2026-05-06,KC,4-5,2.55,3.1,2.5,555
2026-05-06,KC,5-6,1.1,1.35,1.05,124
2026-05-06,SB,1-2,-0.49,-0.45,-0.5,24218
2026-05-06,SB,2-3,-0.85,-0.8,-0.85,12693
2026-05-06,SB,3-4,0.19,0.23,0.17,5663
2026-05-06,SB,4-5,0.01,0.04,-0.01,2565
2026-05-06,SB,5-6,-0.23,-0.19,-0.27,2066
2026-05-07,CC,1-2,-71.0,,,
2026-05-07,CC,2-3,-82.0,-78.0,-85.0,10094
2026-05-07,CC,3-4,-80.0,-78.0,-85.0,6125
2026-05-07,CC,4-5,-42.0,-41.0,-48.0,3903
2026-05-07,CC,5-6,-12.0,-7.0,-14.0,1356
2026-05-07,CT,1-2,-0.69,-0.63,-0.85,10172
2026-05-07,CT,2-3,-0.72,-0.67,-0.79,3129
2026-05-07,CT,3-4,-0.3,-0.2,-0.34,1173
2026-05-07,CT,4-5,0.86,0.95,0.79,516
2026-05-07,CT,5-6,7.37,7.95,7.06,265
2026-05-07,KC,1-2,17.8,19.0,14.75,63
2026-05-07,KC,2-3,8.1,8.35,7.35,5529
2026-05-07,KC,3-4,6.3,7.15,6.2,3112
2026-05-07,KC,4-5,2.45,2.85,2.3,1552
2026-05-07,KC,5-6,1.05,1.25,0.95,357
2026-05-07,SB,1-2,-0.48,-0.46,-0.5,18159
2026-05-07,SB,2-3,-0.84,-0.83,-0.85,6489
2026-05-07,SB,3-4,0.21,0.21,0.18,2334
2026-05-07,SB,4-5,0.01,0.02,-0.01,1590
2026-05-07,SB,5-6,-0.25,-0.23,-0.26,1466
2026-05-08,CC,1-2,-69.0,-50.0,-50.0,1
2026-05-08,CC,2-3,-85.0,-79.0,-87.0,8534
2026-05-08,CC,3-4,-90.0,-80.0,-91.0,4304
2026-05-08,CC,4-5,-51.0,-43.0,-52.0,1848
2026-05-08,CC,5-6,-18.0,-11.0,-19.0,507
2026-05-08,CT,1-2,-0.73,-0.65,-0.84,10588
2026-05-08,CT,2-3,-0.67,-0.64,-0.76,3020
2026-05-08,CT,3-4,-0.27,-0.25,-0.34,769
2026-05-08,CT,4-5,0.91,0.98,0.77,429
2026-05-08,CT,5-6,8.59,8.99,7.01,237
2026-05-08,KC,1-2,14.9,14.9,14.9,1
2026-05-08,KC,2-3,7.65,8.25,7.3,4286
2026-05-08,KC,3-4,6.55,7.0,6.25,2470
2026-05-08,KC,4-5,2.6,2.75,2.35,817
2026-05-08,KC,5-6,1.05,1.2,0.95,254
2026-05-08,SB,1-2,-0.47,-0.45,-0.49,17202
2026-05-08,SB,2-3,-0.83,-0.81,-0.84,3760
2026-05-08,SB,3-4,0.23,0.23,0.2,1426
2026-05-08,SB,4-5,0.03,0.03,0.01,1071
2026-05-08,SB,5-6,-0.24,-0.23,-0.25,722
2026-05-11,CC,1-2,-77.0,,,
2026-05-11,CC,2-3,-77.0,-72.0,-87.0,10533
2026-05-11,CC,3-4,-77.0,-76.0,-89.0,6157
2026-05-11,CC,4-5,-39.0,-38.0,-48.0,3332
2026-05-11,CC,5-6,-11.0,-10.0,-16.0,454
2026-05-11,CT,1-2,0.37,0.81,-0.79,13657
2026-05-11,CT,2-3,-0.54,-0.49,-0.69,4530
2026-05-11,CT,3-4,-0.16,-0.14,-0.27,1455
2026-05-11,CT,4-5,1.09,1.2,0.86,902
2026-05-11,CT,5-6,10.17,10.49,8.23,323
2026-05-11,KC,1-2,16.3,19.0,16.9,13
2026-05-11,KC,2-3,7.45,7.85,7.05,4271
2026-05-11,KC,3-4,6.6,6.9,6.25,2230
2026-05-11,KC,4-5,2.45,2.7,2.15,1031
2026-05-11,KC,5-6,0.85,1.15,0.85,409
2026-05-11,SB,1-2,-0.48,-0.44,-0.48,14531
2026-05-11,SB,2-3,-0.84,-0.81,-0.84,4332
2026-05-11,SB,3-4,0.23,0.24,0.22,1874
2026-05-11,SB,4-5,0.03,0.03,0.02,716
2026-05-11,SB,5-6,-0.23,-0.22,-0.25,860
2026-05-12,CC,1-2,-84.0,-65.0,-65.0,1
2026-05-12,CC,2-3,-86.0,-72.0,-88.0,9675
2026-05-12,CC,3-4,-84.0,-76.0,-85.0,6291
2026-05-12,CC,4-5,-41.0,-34.0,-43.0,2970
2026-05-12,CC,5-6,-15.0,-8.0,-16.0,525
2026-05-12,CT,1-2,0.04,1.15,,13376
2026-05-12,CT,2-3,-0.5,-0.36,-0.52,5498
2026-05-12,CT,3-4,-0.15,-0.04,-0.17,2024
2026-05-12,CT,4-5,0.97,1.14,0.94,690
2026-05-12,CT,5-6,9.04,10.03,8.78,235
2026-05-12,KC,1-2,14.65,15.5,15.0,18
2026-05-12,KC,2-3,7.35,7.8,7.05,5007
2026-05-12,KC,3-4,6.5,6.7,6.25,2695
2026-05-12,KC,4-5,2.35,2.5,2.25,565
2026-05-12,KC,5-6,0.8,0.95,0.8,485
2026-05-12,SB,1-2,-0.51,-0.46,-0.51,26917
2026-05-12,SB,2-3,-0.83,-0.82,-0.85,8830
2026-05-12,SB,3-4,0.24,0.25,0.22,1958
2026-05-12,SB,4-5,0.03,0.03,0.01,967
2026-05-12,SB,5-6,-0.23,-0.22,-0.24,469
2026-05-13,CC,1-2,-84.0,,,
2026-05-13,CC,2-3,-86.0,-80.0,-88.0,9226
2026-05-13,CC,3-4,-89.0,-83.0,-90.0,4240
2026-05-13,CC,4-5,-43.0,-37.0,-44.0,2409
2026-05-13,CC,5-6,-18.0,-12.0,-18.0,362
2026-05-13,CT,1-2,0.35,0.87,-0.05,12295
2026-05-13,CT,2-3,-0.57,-0.46,-0.62,5944
2026-05-13,CT,3-4,-0.17,-0.06,-0.19,1998
2026-05-13,CT,4-5,0.97,1.2,0.97,886
2026-05-13,CT,5-6,9.52,10.81,9.09,503
2026-05-13,KC,1-2,15.5,19.2,13.95,43
2026-05-13,KC,2-3,7.35,7.75,7.25,3524
2026-05-13,KC,3-4,6.35,6.65,6.25,1969
2026-05-13,KC,4-5,2.35,2.5,2.25,628
2026-05-13,KC,5-6,0.8,1.0,0.8,375
2026-05-13,SB,1-2,-0.46,-0.45,-0.51,19993
2026-05-13,SB,2-3,-0.8,-0.8,-0.84,7749
2026-05-13,SB,3-4,0.27,0.28,0.24,3047
2026-05-13,SB,4-5,0.06,0.06,0.02,1692
2026-05-13,SB,5-6,-0.2,-0.19,-0.24,2050
2026-05-14,CC,1-2,-83.0,-79.0,-87.0,5699
2026-05-14,CC,2-3,-94.0,-88.0,-94.0,3321
2026-05-14,CC,3-4,-48.0,-41.0,-49.0,2406
2026-05-14,CC,4-5,-17.0,-15.0,-27.0,1151
2026-05-14,CC,5-6,-9.0,-8.0,-15.0,319
2026-05-14,CT,1-2,-0.54,0.44,-0.65,12464
2026-05-14,CT,2-3,-0.58,-0.48,-0.65,4716
2026-05-14,CT,3-4,-0.24,-0.13,-0.27,1673
2026-05-14,CT,4-5,0.82,1.01,0.73,1077
2026-05-14,CT,5-6,8.02,9.95,7.75,912
2026-05-14,KC,1-2,18.75,18.75,17.5,15
2026-05-14,KC,2-3,7.35,7.65,7.2,3867
2026-05-14,KC,3-4,6.75,6.8,6.35,2234
2026-05-14,KC,4-5,2.35,2.5,2.3,533
2026-05-14,KC,5-6,0.8,0.9,0.75,252
2026-05-14,SB,1-2,-0.5,-0.45,-0.5,10982
2026-05-14,SB,2-3,-0.84,-0.8,-0.84,5941
2026-05-14,SB,3-4,0.22,0.27,0.22,1386
2026-05-14,SB,4-5,0.03,0.06,0.02,1098
2026-05-14,SB,5-6,-0.22,-0.19,-0.22,888
2026-05-15,CC,1-2,-83.0,-79.0,-84.0,6238
2026-05-15,CC,2-3,-92.0,-91.0,-95.0,4057
2026-05-15,CC,3-4,-49.0,-47.0,-50.0,1900
2026-05-15,CC,4-5,-23.0,-19.0,-25.0,800
2026-05-15,CC,5-6,-12.0,-10.0,-14.0,172
2026-05-15,CT,1-2,-1.3,-0.32,-1.5,18649
2026-05-15,CT,2-3,-0.64,-0.53,-0.7,5235
2026-05-15,CT,3-4,-0.32,-0.22,-0.42,2401
2026-05-15,CT,4-5,0.77,0.83,0.51,1164
2026-05-15,CT,5-6,7.31,7.9,6.8,652
2026-05-15,KC,1-2,17.7,23.95,19.0,20
2026-05-15,KC,2-3,6.8,7.45,6.7,5542
2026-05-15,KC,3-4,6.65,6.8,6.45,3241
2026-05-15,KC,4-5,2.2,2.5,2.15,1109
2026-05-15,KC,5-6,0.7,0.9,0.6,654
2026-05-15,SB,1-2,-0.49,-0.47,-0.5,12133
2026-05-15,SB,2-3,-0.85,-0.83,-0.85,5271
2026-05-15,SB,3-4,0.2,0.23,0.2,1723
2026-05-15,SB,4-5,0.0,0.03,,1267
2026-05-15,SB,5-6,-0.23,-0.21,-0.24,496
2026-05-18,CC,1-2,-80.0,-76.0,-83.0,6419
2026-05-18,CC,2-3,-92.0,-88.0,-94.0,4765
2026-05-18,CC,3-4,-55.0,-46.0,-55.0,3892
2026-05-18,CC,4-5,-25.0,-20.0,-31.0,1251
2026-05-18,CC,5-6,-11.0,-9.0,-17.0,472
2026-05-18,CT,1-2,-0.28,-0.14,-1.3,10908
2026-05-18,CT,2-3,-0.61,-0.52,-0.64,3529
2026-05-18,CT,3-4,-0.34,-0.26,-0.35,1253
2026-05-18,CT,4-5,0.73,0.84,0.65,568
2026-05-18,CT,5-6,8.33,8.49,7.61,207
2026-05-18,KC,1-2,12.0,15.75,15.75,1
2026-05-18,KC,2-3,7.45,7.85,6.75,4410
2026-05-18,KC,3-4,6.95,7.35,6.55,2117
2026-05-18,KC,4-5,2.2,2.4,2.1,961
2026-05-18,KC,5-6,0.7,0.85,0.6,386
2026-05-18,SB,1-2,-0.48,-0.48,-0.51,11699
2026-05-18,SB,2-3,-0.85,-0.83,-0.85,5329
2026-05-18,SB,3-4,0.19,0.22,0.19,2127
2026-05-18,SB,4-5,-0.01,0.01,-0.01,1996
2026-05-18,SB,5-6,-0.25,-0.23,-0.26,734
2026-05-19,CC,1-2,-78.0,-76.0,-80.0,5532
2026-05-19,CC,2-3,-85.0,-84.0,-92.0,3919
2026-05-19,CC,3-4,-51.0,-50.0,-57.0,2145
2026-05-19,CC,4-5,-24.0,-23.0,-31.0,579
2026-05-19,CC,5-6,-11.0,-11.0,-15.0,297
2026-05-19,CT,1-2,-0.83,-0.03,-0.96,9123
2026-05-19,CT,2-3,-0.74,-0.58,-0.78,4282
2026-05-19,CT,3-4,-0.43,-0.33,-0.46,1191
2026-05-19,CT,4-5,0.6,0.74,0.47,557
2026-05-19,CT,5-6,8.01,8.7,7.81,176
2026-05-19,KC,1-2,8.0,8.2,7.15,5652
2026-05-19,KC,2-3,7.5,7.6,6.85,3405
2026-05-19,KC,3-4,2.3,2.5,2.05,1092
2026-05-19,KC,4-5,0.7,0.85,0.55,374
2026-05-19,KC,5-6,0.25,0.3,0.2,138
2026-05-19,SB,1-2,-0.45,-0.44,-0.49,14969
2026-05-19,SB,2-3,-0.82,-0.82,-0.85,6618
2026-05-19,SB,3-4,0.21,0.22,0.19,2861
2026-05-19,SB,4-5,0.01,0.01,,1185
2026-05-19,SB,5-6,-0.25,-0.23,-0.26,1687
2026-05-20,CC,1-2,-76.0,-75.0,-80.0,5344
2026-05-20,CC,2-3,-90.0,-86.0,-91.0,2981
2026-05-20,CC,3-4,-51.0,-50.0,-54.0,1675
2026-05-20,CC,4-5,-23.0,-22.0,-28.0,447
2026-05-20,CC,5-6,-13.0,-11.0,-15.0,138
2026-05-20,CT,1-2,-1.36,-0.81,-1.56,10309
2026-05-20,CT,2-3,-0.81,-0.7,-0.85,2839
2026-05-20,CT,3-4,-0.45,-0.37,-0.49,955
2026-05-20,CT,4-5,0.55,0.66,0.54,542
2026-05-20,CT,5-6,7.66,7.94,7.51,261
2026-05-20,KC,1-2,7.8,8.0,7.15,5393
2026-05-20,KC,2-3,7.6,7.75,7.3,2779
2026-05-20,KC,3-4,2.25,2.35,2.05,773
2026-05-20,KC,4-5,0.7,0.8,0.55,412
2026-05-20,KC,5-6,0.2,0.45,0.15,305
2026-05-20,SB,1-2,-0.49,-0.44,-0.5,14483
2026-05-20,SB,2-3,-0.84,-0.82,-0.85,4719
2026-05-20,SB,3-4,0.19,0.22,0.19,1444
2026-05-20,SB,4-5,-0.01,0.01,-0.01,1584
2026-05-20,SB,5-6,-0.25,-0.24,-0.26,639
2026-05-21,CC,1-2,-73.0,-71.0,-77.0,6439
2026-05-21,CC,2-3,-95.0,-87.0,-96.0,2986
2026-05-21,CC,3-4,-55.0,-51.0,-55.0,1357
2026-05-21,CC,4-5,-25.0,-23.0,-26.0,397
2026-05-21,CC,5-6,-14.0,-12.0,-15.0,171
2026-05-21,CT,1-2,-1.75,-1.2,-1.82,12710
2026-05-21,CT,2-3,-0.85,-0.77,-0.88,3904
2026-05-21,CT,3-4,-0.56,-0.42,-0.58,1122
2026-05-21,CT,4-5,0.45,0.59,0.35,488
2026-05-21,CT,5-6,6.66,7.5,6.37,177
2026-05-21,KC,1-2,7.9,8.15,7.5,5295
2026-05-21,KC,2-3,8.25,8.4,7.65,3506
2026-05-21,KC,3-4,2.3,2.45,2.15,1350
2026-05-21,KC,4-5,0.65,0.85,0.65,400
2026-05-21,KC,5-6,0.25,0.45,0.2,226
2026-05-21,SB,1-2,-0.47,-0.45,-0.49,17150
2026-05-21,SB,2-3,-0.86,-0.82,-0.86,8318
2026-05-21,SB,3-4,0.21,0.22,0.2,2670
2026-05-21,SB,4-5,-0.01,,-0.01,1092
2026-05-21,SB,5-6,-0.24,-0.24,-0.26,263
2026-05-22,CC,1-2,-68.0,-66.0,-75.0,7451
2026-05-22,CC,2-3,-95.0,-93.0,-98.0,4078
2026-05-22,CC,3-4,-60.0,-53.0,-62.0,3212
2026-05-22,CC,4-5,-30.0,-26.0,-34.0,726
2026-05-22,CC,5-6,-14.0,-14.0,-18.0,200
2026-05-22,CT,1-2,-1.91,-1.56,-2.1,13573
2026-05-22,CT,2-3,-0.86,-0.8,-0.88,3478
2026-05-22,CT,3-4,-0.62,-0.52,-0.63,1099
2026-05-22,CT,4-5,0.2,0.47,0.17,780
2026-05-22,CT,5-6,6.35,6.87,6.02,336
2026-05-22,KC,1-2,7.55,7.95,7.35,2563
2026-05-22,KC,2-3,7.85,8.55,7.7,1996
2026-05-22,KC,3-4,2.2,2.3,2.1,883
2026-05-22,KC,4-5,0.55,0.7,0.55,305
2026-05-22,KC,5-6,0.25,0.25,0.2,35
2026-05-22,SB,1-2,-0.47,-0.45,-0.48,9793
2026-05-22,SB,2-3,-0.87,-0.85,-0.88,3516
2026-05-22,SB,3-4,0.2,0.22,0.19,929
2026-05-22,SB,4-5,-0.01,,-0.01,761
2026-05-22,SB,5-6,-0.25,-0.24,-0.27,484
2026-05-26,CC,1-2,-71.0,-66.0,-73.0,8042
2026-05-26,CC,2-3,-94.0,-93.0,-96.0,3741
2026-05-26,CC,3-4,-62.0,-58.0,-63.0,1519
2026-05-26,CC,4-5,-29.0,-26.0,-30.0,351
2026-05-26,CC,5-6,-14.0,-13.0,-15.0,77
2026-05-26,CT,1-2,-2.42,-1.84,-2.47,13830
2026-05-26,CT,2-3,-0.89,-0.8,-0.9,4040
2026-05-26,CT,3-4,-0.64,-0.55,-0.65,952
2026-05-26,CT,4-5,0.2,0.35,0.16,447
2026-05-26,CT,5-6,6.67,7.22,6.01,377
2026-05-26,KC,1-2,7.65,7.95,7.15,4593
2026-05-26,KC,2-3,8.05,8.3,7.55,3158
2026-05-26,KC,3-4,2.4,2.45,2.15,1740
2026-05-26,KC,4-5,0.4,0.7,0.35,487
2026-05-26,KC,5-6,0.2,0.3,0.15,139
2026-05-26,SB,1-2,-0.46,-0.44,-0.47,12689
2026-05-26,SB,2-3,-0.88,-0.86,-0.88,5991
2026-05-26,SB,3-4,0.21,0.21,0.19,1503
2026-05-26,SB,4-5,-0.02,-0.01,-0.03,1360
2026-05-26,SB,5-6,-0.26,-0.25,-0.27,1187
2026-05-27,CC,1-2,-73.0,-70.0,-76.0,7772
2026-05-27,CC,2-3,-104.0,-94.0,-106.0,6897
2026-05-27,CC,3-4,-69.0,-62.0,-69.0,3318
2026-05-27,CC,4-5,-28.0,-25.0,-30.0,804
2026-05-27,CC,5-6,-14.0,-10.0,-17.0,287
2026-05-27,CT,1-2,-2.5,-2.4,-2.78,18966
2026-05-27,CT,2-3,-1.02,-0.88,-1.04,4436
2026-05-27,CT,3-4,-0.74,-0.64,-0.76,1794
2026-05-27,CT,4-5,0.16,0.25,0.13,1173
2026-05-27,CT,5-6,6.14,6.83,5.78,350
2026-05-27,KC,1-2,7.75,7.9,7.5,3016
2026-05-27,KC,2-3,7.9,8.55,7.8,2155
2026-05-27,KC,3-4,2.4,2.85,2.4,1280
2026-05-27,KC,4-5,0.35,0.75,0.3,482
2026-05-27,KC,5-6,0.2,0.35,0.15,135
2026-05-27,SB,1-2,-0.46,-0.43,-0.47,24461
2026-05-27,SB,2-3,-0.87,-0.86,-0.88,9246
2026-05-27,SB,3-4,0.19,0.2,0.18,3317
2026-05-27,SB,4-5,-0.02,-0.01,-0.03,2254
2026-05-27,SB,5-6,-0.28,-0.25,-0.28,1170
2026-05-28,CC,1-2,-72.0,-71.0,-77.0,5494
2026-05-28,CC,2-3,-100.0,-97.0,-106.0,4687
2026-05-28,CC,3-4,-71.0,-67.0,-72.0,2099
2026-05-28,CC,4-5,-30.0,-29.0,-32.0,628
2026-05-28,CC,5-6,-14.0,-12.0,-15.0,151
2026-05-28,CT,1-2,-2.76,-2.49,-2.84,15820
2026-05-28,CT,2-3,-1.06,-0.97,-1.08,3124
2026-05-28,CT,3-4,-0.74,-0.66,-0.78,1303
2026-05-28,CT,4-5,0.13,0.22,0.12,593
2026-05-28,CT,5-6,6.53,6.62,5.71,282
2026-05-28,KC,1-2,7.55,8.25,7.45,4743
2026-05-28,KC,2-3,7.8,8.15,7.7,2437
2026-05-28,KC,3-4,2.4,2.6,2.35,1126
2026-05-28,KC,4-5,0.25,0.55,0.25,550
2026-05-28,KC,5-6,0.1,0.3,0.1,255
2026-05-28,SB,1-2,-0.48,-0.46,-0.49,18078
2026-05-28,SB,2-3,-0.87,-0.85,-0.88,6549
2026-05-28,SB,3-4,0.17,0.2,0.17,3555
2026-05-28,SB,4-5,-0.03,-0.01,-0.03,1651
2026-05-28,SB,5-6,-0.29,-0.28,-0.3,1684
2026-05-29,CC,1-2,-76.0,-71.0,-76.0,6874
2026-05-29,CC,2-3,-102.0,-98.0,-105.0,4058
2026-05-29,CC,3-4,-77.0,-69.0,-83.0,3511
2026-05-29,CC,4-5,-35.0,-28.0,-36.0,927
2026-05-29,CC,5-6,-20.0,-13.0,-25.0,552
2026-05-29,CT,1-2,-3.44,-2.71,-3.47,24133
2026-05-29,CT,2-3,-1.13,-1.05,-1.14,5264
2026-05-29,CT,3-4,-0.74,-0.72,-0.79,1204
2026-05-29,CT,4-5,0.16,0.21,0.12,735
2026-05-29,CT,5-6,5.77,6.68,5.7,287
2026-05-29,KC,1-2,6.9,7.5,6.7,4767
2026-05-29,KC,2-3,7.5,7.8,7.3,2119
2026-05-29,KC,3-4,2.2,2.45,2.15,1488
2026-05-29,KC,4-5,0.2,0.5,0.15,476
2026-05-29,KC,5-6,0.05,0.35,,319
2026-05-29,SB,1-2,-0.48,-0.45,-0.48,19525
2026-05-29,SB,2-3,-0.86,-0.85,-0.88,4665
2026-05-29,SB,3-4,0.18,0.2,0.17,2366
2026-05-29,SB,4-5,-0.02,-0.01,-0.03,2973
2026-05-29,SB,5-6,-0.28,-0.27,-0.3,882
2026-06-01,CC,1-2,-69.0,-67.0,-77.0,8658
2026-06-01,CC,2-3,-105.0,-100.0,-112.0,7074
2026-06-01,CC,3-4,-76.0,-73.0,-82.0,2655
2026-06-01,CC,4-5,-30.0,-25.0,-35.0,611
2026-06-01,CC,5-6,-15.0,-12.0,-24.0,470
2026-06-01,CT,1-2,-3.52,-3.26,-3.78,15749
2026-06-01,CT,2-3,-1.16,-1.05,-1.17,3255
2026-06-01,CT,3-4,-0.76,-0.67,-0.77,1091
2026-06-01,CT,4-5,0.16,0.32,0.15,623
2026-06-01,CT,5-6,6.39,7.05,6.06,391
2026-06-01,KC,1-2,6.4,7.0,6.2,6344
2026-06-01,KC,2-3,7.45,7.95,7.2,2961
2026-06-01,KC,3-4,2.2,2.4,2.1,1382
2026-06-01,KC,4-5,0.15,0.25,0.1,479
2026-06-01,KC,5-6,-0.1,0.15,-0.15,243
2026-06-01,SB,1-2,-0.49,-0.47,-0.49,18136
2026-06-01,SB,2-3,-0.88,-0.84,-0.89,6757
2026-06-01,SB,3-4,0.2,0.21,0.19,2907
2026-06-01,SB,4-5,-0.01,,-0.02,2745
2026-06-01,SB,5-6,-0.26,-0.26,-0.28,666
2026-06-02,CC,1-2,-76.0,-69.0,-79.0,9340
2026-06-02,CC,2-3,-103.0,-97.0,-106.0,6743
2026-06-02,CC,3-4,-75.0,-64.0,-77.0,3249
2026-06-02,CC,4-5,-22.0,-13.0,-27.0,1267
2026-06-02,CC,5-6,-6.0,1.0,-11.0,552
2026-06-02,CT,1-2,-3.5,-3.13,-3.64,15342
2026-06-02,CT,2-3,-1.18,-1.08,-1.19,3595
2026-06-02,CT,3-4,-0.79,-0.69,-0.81,1736
2026-06-02,CT,4-5,0.15,0.3,0.12,1253
2026-06-02,CT,5-6,6.15,6.87,5.95,609
2026-06-02,KC,1-2,6.35,6.7,6.1,5300
2026-06-02,KC,2-3,7.6,7.7,7.4,2176
2026-06-02,KC,3-4,2.2,2.45,2.15,1431
2026-06-02,KC,4-5,0.1,0.3,0.1,485
2026-06-02,KC,5-6,-0.15,0.1,-0.15,59
2026-06-02,SB,1-2,-0.52,-0.48,-0.52,27852
2026-06-02,SB,2-3,-0.89,-0.86,-0.89,8473
2026-06-02,SB,3-4,0.18,0.2,0.17,4006
2026-06-02,SB,4-5,-0.03,,-0.03,2956
2026-06-02,SB,5-6,-0.28,-0.26,-0.3,1090
2026-06-03,CC,1-2,-72.0,-71.0,-78.0,6573
2026-06-03,CC,2-3,-102.0,-99.0,-105.0,3511
2026-06-03,CC,3-4,-75.0,-71.0,-80.0,1870
2026-06-03,CC,4-5,-23.0,-18.0,-28.0,792
2026-06-03,CC,5-6,-8.0,-1.0,-10.0,392
2026-06-03,CT,1-2,-3.72,-3.25,-3.83,9925
2026-06-03,CT,2-3,-1.19,-1.17,-1.21,2083
2026-06-03,CT,3-4,-0.81,-0.78,-0.84,665
2026-06-03,CT,4-5,0.11,0.16,0.1,487
2026-06-03,CT,5-6,6.09,6.4,5.97,51
2026-06-03,KC,1-2,5.5,6.3,5.05,8587
2026-06-03,KC,2-3,7.1,8.0,7.05,3357
2026-06-03,KC,3-4,2.1,2.4,2.05,2327
2026-06-03,KC,4-5,0.05,0.3,0.05,691
2026-06-03,KC,5-6,-0.25,0.05,-0.3,288
2026-06-03,SB,1-2,-0.5,-0.48,-0.54,35919
2026-06-03,SB,2-3,-0.9,-0.87,-0.91,8609
2026-06-03,SB,3-4,0.16,0.2,0.16,2766
2026-06-03,SB,4-5,-0.04,-0.02,-0.04,1637
2026-06-03,SB,5-6,-0.3,-0.27,-0.31,1602
2026-06-04,CT,4-5,0.1,0.18,0.07,264
2026-06-04,CT,5-6,6.24,6.49,6.0,113
2026-06-04,KC,1-2,4.95,5.55,4.8,3477
2026-06-04,KC,2-3,7.25,7.4,7.0,1723
2026-06-04,KC,3-4,2.2,2.3,2.05,1076
2026-06-04,KC,4-5,0.15,0.15,0.05,165
2026-06-04,SB,3-4,0.17,0.17,0.16,1335
2026-06-05,CT,4-5,0.1,0.12,0.04,283
2026-06-05,CT,5-6,5.44,5.44,4.56,166
2026-06-05,KC,1-2,4.05,5.0,4.05,6864
2026-06-05,KC,2-3,7.35,7.45,6.85,1851
2026-06-05,KC,3-4,2.05,2.3,2.0,850
2026-06-05,KC,4-5,0.15,0.2,0.05,201
2026-06-05,SB,3-4,0.16,0.17,0.15,1555
2026-06-08,CT,4-5,0.09,0.13,0.05,76
2026-06-08,CT,5-6,4.9,5.36,4.66,42
2026-06-08,KC,1-2,4.85,5.2,3.95,6547
2026-06-08,KC,2-3,7.2,7.75,7.05,1775
2026-06-08,KC,3-4,2.3,2.45,2.1,1018
2026-06-08,SB,3-4,0.16,0.16,0.15,1531
2026-06-09,CT,4-5,0.06,0.1,0.04,399
2026-06-09,CT,5-6,4.86,4.99,4.4,277
2026-06-09,KC,1-2,4.15,4.55,4.05,5738
2026-06-09,KC,2-3,7.25,7.5,7.15,1322
2026-06-09,KC,3-4,2.35,2.55,2.2,845
2026-06-09,SB,3-4,0.17,0.18,0.16,1295
2026-06-10,CT,4-5,0.01,0.05,,298
2026-06-10,CT,5-6,4.18,4.52,3.96,128
2026-06-10,KC,1-2,4.05,4.7,3.5,8063
2026-06-10,KC,2-3,7.35,7.45,7.05,2301
2026-06-10,KC,3-4,2.35,2.4,2.15,741
2026-06-10,SB,3-4,0.18,0.19,0.16,3274
2026-06-11,CT,4-5,0.05,0.21,,698
2026-06-11,CT,5-6,4.28,4.5,4.16,293
2026-06-11,KC,1-2,3.45,4.1,3.4,4898
2026-06-11,KC,2-3,7.25,7.9,7.05,1534
2026-06-11,KC,3-4,2.45,2.55,2.35,422
2026-06-11,KC,4-5,0.1,0.15,,98
2026-06-11,SB,3-4,0.21,0.21,0.19,1633
2026-06-12,CT,4-5,0.05,0.11,0.04,426
2026-06-12,CT,5-6,4.62,4.85,4.4,80
2026-06-12,KC,1-2,3.8,4.1,3.6,2390
2026-06-12,KC,2-3,7.15,7.35,6.95,1288
2026-06-12,KC,3-4,2.35,2.55,2.3,375
2026-06-12,KC,4-5,0.35,0.35,0.15,138
2026-06-12,SB,3-4,0.21,0.21,0.19,1905
2026-06-15,CT,4-5,0.02,0.07,0.02,253
2026-06-15,CT,5-6,4.47,4.69,4.08,136
2026-06-15,KC,1-2,3.9,3.95,3.5,2877
2026-06-15,KC,2-3,7.25,7.65,7.0,1197
2026-06-15,KC,3-4,2.65,2.8,2.4,865
2026-06-15,KC,4-5,0.5,0.5,0.1,214
2026-06-15,SB,3-4,0.19,0.19,0.18,1210
2026-06-16,CT,4-5,0.08,0.11,0.02,325
2026-06-16,CT,5-6,5.23,5.31,4.62,253
2026-06-16,KC,1-2,4.2,4.25,3.9,2601
2026-06-16,KC,2-3,7.6,7.8,7.35,1536
2026-06-16,KC,3-4,2.6,2.8,2.5,466
2026-06-16,KC,4-5,0.1,0.25,,336
2026-06-16,SB,3-4,0.21,0.21,0.18,1884
2026-06-17,CT,4-5,0.13,0.15,0.07,325
2026-06-17,CT,5-6,5.54,5.91,4.99,275
2026-06-17,KC,1-2,5.2,6.05,4.5,2475
2026-06-17,KC,2-3,8.75,9.55,7.8,3794
2026-06-17,KC,3-4,3.6,4.05,3.1,1082
2026-06-17,KC,4-5,0.2,0.35,,722
2026-06-17,SB,3-4,0.2,0.22,0.2,1368
2026-06-18,CT,4-5,0.17,0.23,0.14,317
2026-06-18,CT,5-6,5.89,6.2,5.6,137
2026-06-18,KC,1-2,7.15,8.8,6.55,2069
2026-06-18,KC,2-3,9.55,9.75,8.55,2748
2026-06-18,KC,3-4,3.45,3.6,3.35,646
2026-06-18,KC,4-5,0.2,0.2,,385
2026-06-18,SB,3-4,0.19,0.2,0.19,632
2026-06-19,CT,4-5,0.19,0.23,0.14,736
2026-06-19,CT,5-6,5.92,6.2,5.6,540
2026-06-19,KC,1-2,7.3,8.8,4.3,4463
2026-06-19,KC,2-3,9.9,10.7,8.55,6914
2026-06-19,KC,3-4,3.5,3.9,3.2,2743
2026-06-19,SB,3-4,0.17,0.2,0.17,3213
2026-06-22,CT,4-5,0.19,0.24,0.17,170
2026-06-22,CT,5-6,6.15,6.35,5.66,102
2026-06-22,KC,1-2,7.35,10.5,6.5,182
2026-06-22,KC,2-3,10.15,10.95,9.55,2336
2026-06-22,KC,3-4,3.35,3.9,3.3,1324
2026-06-22,SB,3-4,0.16,0.18,0.16,1528
2026-06-23,CT,4-5,0.17,0.24,0.11,557
2026-06-23,CT,5-6,5.16,5.91,4.58,421
2026-06-23,KC,1-2,11.2,11.2,10.15,51
2026-06-23,KC,2-3,11.8,11.9,10.7,2351
2026-06-23,KC,3-4,4.85,4.95,4.05,1988
2026-06-23,SB,3-4,0.18,0.18,0.16,1686
2026-06-24,CT,4-5,0.11,0.19,0.1,357
2026-06-24,CT,5-6,4.67,5.42,4.6,233
2026-06-24,KC,1-2,14.75,15.0,10.8,31
2026-06-24,KC,2-3,13.15,14.9,12.7,4442
2026-06-24,KC,3-4,5.5,6.2,5.15,1689
2026-06-24,SB,3-4,0.16,0.16,0.15,1308
2026-06-25,CT,4-5,0.13,0.16,0.11,279
2026-06-25,CT,5-6,4.0,4.45,3.7,157
2026-06-25,KC,1-2,11.25,15.0,11.25,55
2026-06-25,KC,2-3,12.25,13.85,11.75,3028
2026-06-25,KC,3-4,4.45,5.45,4.35,1502
2026-06-25,CC,5-6,11.0,20.0,,616
2026-06-25,SB,3-4,0.15,0.15,0.14,945
2026-06-26,CT,4-5,0.04,0.09,0.04,412
2026-06-26,CT,5-6,3.96,4.61,3.8,338
2026-06-26,KC,1-2,12.4,15.0,10.0,75
2026-06-26,KC,2-3,12.55,13.5,12.05,1236
2026-06-26,KC,3-4,4.3,4.8,4.15,899
2026-06-26,CC,4-5,3.0,18.0,,1821
2026-06-26,CC,5-6,21.0,37.0,11.0,1203
2026-06-26,SB,3-4,0.16,0.17,0.14,1579
2026-06-29,CT,4-5,0.09,0.17,0.06,313
2026-06-29,CT,5-6,4.49,4.68,4.02,217
2026-06-29,KC,1-2,13.55,14.0,13.95,2
2026-06-29,KC,2-3,13.0,13.35,12.0,1399
2026-06-29,KC,3-4,4.75,5.05,4.2,806
2026-06-29,CC,5-6,9.0,22.0,9.0,408
2026-06-29,SB,3-4,0.19,0.19,0.16,2861
2026-06-30,CT,5-6,3.92,4.15,3.82,165
2026-06-30,KC,1-2,13.3,14.0,14.0,1
2026-06-30,KC,2-3,15.2,15.4,13.45,3975
2026-06-30,KC,3-4,5.1,5.3,4.55,1814
2026-06-30,CC,5-6,10.0,14.0,3.0,418
2026-06-30,SB,3-4,0.18,0.18,0.16,1466
2026-07-01,CT,3-4,0.01,0.05,,487
2026-07-01,CT,4-5,4.46,4.72,3.93,468
2026-07-01,KC,1-2,14.25,14.3,14.25,3
2026-07-01,KC,2-3,14.95,15.8,14.05,3817
2026-07-01,KC,3-4,4.85,5.3,4.5,1712
2026-07-01,CC,5-6,4.0,17.0,4.0,242
2026-07-01,SB,2-3,0.19,0.19,0.17,3229
2026-07-02,CT,4-5,4.42,4.51,4.15,61
2026-07-02,KC,1-2,15.25,15.25,13.95,118
2026-07-02,KC,2-3,14.25,15.8,14.1,3404
2026-07-02,KC,3-4,5.05,5.85,4.7,1657
2026-07-02,SB,2-3,0.18,0.19,0.18,1940
2026-07-03,CT,4-5,4.14,4.51,4.1,212
2026-07-03,KC,1-2,14.45,15.25,13.95,118
2026-07-03,KC,2-3,14.9,15.8,14.1,8373
2026-07-03,KC,3-4,5.2,5.85,4.7,4048
2026-07-03,KC,4-5,0.2,0.4,,2832
2026-07-03,SB,2-3,0.17,0.19,0.17,6388
2026-07-06,CT,3-4,0.07,0.12,,310
2026-07-06,CT,4-5,4.5,4.78,4.44,316
2026-07-06,KC,1-2,14.45,15.25,13.95,118
2026-07-06,KC,2-3,14.8,15.2,14.5,3372
2026-07-06,KC,3-4,5.55,5.75,5.15,1159
2026-07-06,KC,4-5,0.4,0.45,0.15,348
2026-07-06,CC,5-6,18.0,22.0,,630
2026-07-06,SB,2-3,0.18,0.19,0.15,2892
2026-07-07,CT,3-4,0.4,0.4,0.11,886
2026-07-07,CT,4-5,5.42,5.49,4.77,766
2026-07-07,KC,1-2,14.0,15.85,13.15,6
2026-07-07,KC,2-3,13.25,15.7,13.1,4460
2026-07-07,KC,3-4,4.5,6.45,4.4,1792
2026-07-07,KC,4-5,0.95,1.8,0.9,575
2026-07-07,KC,5-6,0.3,0.65,0.15,248
2026-07-07,CC,5-6,20.0,32.0,20.0,331
2026-07-07,SB,2-3,0.22,0.22,0.21,1454
2026-07-07,SB,3-4,0.02,0.03,,1100
2026-07-08,CT,3-4,0.56,0.58,0.45,497
2026-07-08,CT,4-5,6.04,6.1,5.51,160
2026-07-08,KC,1-2,15.3,15.85,15.25,3
2026-07-08,KC,2-3,12.35,13.85,12.2,2707
2026-07-08,KC,3-4,4.75,5.7,4.6,949
2026-07-08,KC,4-5,1.3,1.65,0.9,415
2026-07-08,KC,5-6,0.65,0.8,0.55,378
2026-07-08,CC,4-5,10.0,10.0,,887
2026-07-08,CC,5-6,36.0,37.0,27.0,593
2026-07-08,SB,2-3,0.21,0.23,0.21,2343
2026-07-08,SB,3-4,0.01,0.04,0.01,1024
2026-07-09,CT,3-4,0.34,0.41,0.29,421
2026-07-09,CT,4-5,5.39,5.62,5.0,219
2026-07-09,KC,1-2,14.45,15.85,7.45,5
2026-07-09,KC,2-3,13.85,14.0,13.05,1957
2026-07-09,KC,3-4,5.65,5.65,5.0,489
2026-07-09,KC,4-5,1.95,1.95,1.55,316
2026-07-09,KC,5-6,1.2,1.3,1.15,60
2026-07-09,CC,4-5,15.0,17.0,10.0,813
2026-07-09,CC,5-6,44.0,47.0,38.0,543
2026-07-09,SB,2-3,0.2,0.2,0.18,1038
2026-07-09,SB,3-4,0.01,0.01,,699
2026-07-10,CT,3-4,0.35,0.54,0.26,868
2026-07-10,CT,4-5,5.67,5.75,5.15,492
2026-07-10,KC,1-2,9.05,8.25,7.45,40
2026-07-10,KC,2-3,18.75,20.5,17.2,5332
2026-07-10,KC,3-4,5.85,7.75,5.25,1888
2026-07-10,KC,4-5,2.15,2.6,1.25,772
2026-07-10,KC,5-6,1.35,1.7,0.7,554
2026-07-10,CC,4-5,19.0,22.0,11.0,829
2026-07-10,CC,5-6,46.0,49.0,40.0,543
2026-07-10,SB,2-3,0.18,0.2,0.18,1050
2026-07-13,CT,3-4,0.77,0.8,0.5,907
2026-07-13,CT,4-5,6.21,6.73,5.43,797
2026-07-13,KC,1-2,8.75,,,
2026-07-13,KC,2-3,19.85,20.35,18.15,3214
2026-07-13,KC,3-4,6.5,7.05,6.05,770
2026-07-13,KC,4-5,2.5,2.7,2.1,241
2026-07-13,KC,5-6,1.55,1.7,1.35,148
2026-07-13,CC,4-5,12.0,15.0,9.0,998
2026-07-13,CC,5-6,49.0,55.0,39.0,781
2026-07-13,SB,2-3,0.18,0.19,0.16,1052
